@ NAME             %19s "TRACK.OBS0003.P0001"
@ TYPE             %08s "TRACKOBS"
@ TITLE            %15s "ESR ring optics"
@ ORIGIN           %18s "5.09.03 Windows 64"
@ DATE             %08s "10/01/25"
@ TIME             %08s "18.55.22"
*     NUMBER       TURN                  X                 PX                  Y                 PY                  T                 PT                  S                  E 
$         %d         %d                %le                %le                %le                %le                %le                %le                %le                %le 
          1          1                  0                  0                  0                  0        116.9942701                  0        102.2660955        212.6401694
          1          2                  0                  0                  0                  0         240.909849                  0        102.2660955        212.6401694
          1          3                  0                  0                  0                  0        364.8254279                  0        102.2660955        212.6401694
          1          4                  0                  0                  0                  0        488.7410068                  0        102.2660955        212.6401694
          1          5                  0                  0                  0                  0        612.6565857                  0        102.2660955        212.6401694
          1          6                  0                  0                  0                  0        736.5721646                  0        102.2660955        212.6401694
          1          7                  0                  0                  0                  0        860.4877435                  0        102.2660955        212.6401694
          1          8                  0                  0                  0                  0        984.4033224                  0        102.2660955        212.6401694
          1          9                  0                  0                  0                  0        1108.318901                  0        102.2660955        212.6401694
          1         10                  0                  0                  0                  0         1232.23448                  0        102.2660955        212.6401694
          1         11                  0                  0                  0                  0        1356.150059                  0        102.2660955        212.6401694
          1         12                  0                  0                  0                  0        1480.065638                  0        102.2660955        212.6401694
          1         13                  0                  0                  0                  0        1603.981217                  0        102.2660955        212.6401694
          1         14                  0                  0                  0                  0        1727.896796                  0        102.2660955        212.6401694
          1         15                  0                  0                  0                  0        1851.812375                  0        102.2660955        212.6401694
          1         16                  0                  0                  0                  0        1975.727954                  0        102.2660955        212.6401694
          1         17                  0                  0                  0                  0        2099.643532                  0        102.2660955        212.6401694
          1         18                  0                  0                  0                  0        2223.559111                  0        102.2660955        212.6401694
          1         19                  0                  0                  0                  0         2347.47469                  0        102.2660955        212.6401694
          1         20                  0                  0                  0                  0        2471.390269                  0        102.2660955        212.6401694
          1         21                  0                  0                  0                  0        2595.305848                  0        102.2660955        212.6401694
          1         22                  0                  0                  0                  0        2719.221427                  0        102.2660955        212.6401694
          1         23                  0                  0                  0                  0        2843.137006                  0        102.2660955        212.6401694
          1         24                  0                  0                  0                  0        2967.052585                  0        102.2660955        212.6401694
          1         25                  0                  0                  0                  0        3090.968164                  0        102.2660955        212.6401694
          1         26                  0                  0                  0                  0        3214.883743                  0        102.2660955        212.6401694
          1         27                  0                  0                  0                  0        3338.799321                  0        102.2660955        212.6401694
          1         28                  0                  0                  0                  0          3462.7149                  0        102.2660955        212.6401694
          1         29                  0                  0                  0                  0        3586.630479                  0        102.2660955        212.6401694
          1         30                  0                  0                  0                  0        3710.546058                  0        102.2660955        212.6401694
          1         31                  0                  0                  0                  0        3834.461637                  0        102.2660955        212.6401694
          1         32                  0                  0                  0                  0        3958.377216                  0        102.2660955        212.6401694
          1         33                  0                  0                  0                  0        4082.292795                  0        102.2660955        212.6401694
          1         34                  0                  0                  0                  0        4206.208374                  0        102.2660955        212.6401694
          1         35                  0                  0                  0                  0        4330.123953                  0        102.2660955        212.6401694
          1         36                  0                  0                  0                  0        4454.039532                  0        102.2660955        212.6401694
          1         37                  0                  0                  0                  0         4577.95511                  0        102.2660955        212.6401694
          1         38                  0                  0                  0                  0        4701.870689                  0        102.2660955        212.6401694
          1         39                  0                  0                  0                  0        4825.786268                  0        102.2660955        212.6401694
          1         40                  0                  0                  0                  0        4949.701847                  0        102.2660955        212.6401694
          1         41                  0                  0                  0                  0        5073.617426                  0        102.2660955        212.6401694
          1         42                  0                  0                  0                  0        5197.533005                  0        102.2660955        212.6401694
          1         43                  0                  0                  0                  0        5321.448584                  0        102.2660955        212.6401694
          1         44                  0                  0                  0                  0        5445.364163                  0        102.2660955        212.6401694
          1         45                  0                  0                  0                  0        5569.279742                  0        102.2660955        212.6401694
          1         46                  0                  0                  0                  0         5693.19532                  0        102.2660955        212.6401694
          1         47                  0                  0                  0                  0        5817.110899                  0        102.2660955        212.6401694
          1         48                  0                  0                  0                  0        5941.026478                  0        102.2660955        212.6401694
          1         49                  0                  0                  0                  0        6064.942057                  0        102.2660955        212.6401694
          1         50                  0                  0                  0                  0        6188.857636                  0        102.2660955        212.6401694
          1         51                  0                  0                  0                  0        6312.773215                  0        102.2660955        212.6401694
          1         52                  0                  0                  0                  0        6436.688794                  0        102.2660955        212.6401694
          1         53                  0                  0                  0                  0        6560.604373                  0        102.2660955        212.6401694
          1         54                  0                  0                  0                  0        6684.519952                  0        102.2660955        212.6401694
          1         55                  0                  0                  0                  0        6808.435531                  0        102.2660955        212.6401694
          1         56                  0                  0                  0                  0        6932.351109                  0        102.2660955        212.6401694
          1         57                  0                  0                  0                  0        7056.266688                  0        102.2660955        212.6401694
          1         58                  0                  0                  0                  0        7180.182267                  0        102.2660955        212.6401694
          1         59                  0                  0                  0                  0        7304.097846                  0        102.2660955        212.6401694
          1         60                  0                  0                  0                  0        7428.013425                  0        102.2660955        212.6401694
          1         61                  0                  0                  0                  0        7551.929004                  0        102.2660955        212.6401694
          1         62                  0                  0                  0                  0        7675.844583                  0        102.2660955        212.6401694
          1         63                  0                  0                  0                  0        7799.760162                  0        102.2660955        212.6401694
          1         64                  0                  0                  0                  0        7923.675741                  0        102.2660955        212.6401694
          1         65                  0                  0                  0                  0         8047.59132                  0        102.2660955        212.6401694
          1         66                  0                  0                  0                  0        8171.506898                  0        102.2660955        212.6401694
          1         67                  0                  0                  0                  0        8295.422477                  0        102.2660955        212.6401694
          1         68                  0                  0                  0                  0        8419.338056                  0        102.2660955        212.6401694
          1         69                  0                  0                  0                  0        8543.253635                  0        102.2660955        212.6401694
          1         70                  0                  0                  0                  0        8667.169214                  0        102.2660955        212.6401694
          1         71                  0                  0                  0                  0        8791.084793                  0        102.2660955        212.6401694
          1         72                  0                  0                  0                  0        8915.000372                  0        102.2660955        212.6401694
          1         73                  0                  0                  0                  0        9038.915951                  0        102.2660955        212.6401694
          1         74                  0                  0                  0                  0         9162.83153                  0        102.2660955        212.6401694
          1         75                  0                  0                  0                  0        9286.747109                  0        102.2660955        212.6401694
          1         76                  0                  0                  0                  0        9410.662687                  0        102.2660955        212.6401694
          1         77                  0                  0                  0                  0        9534.578266                  0        102.2660955        212.6401694
          1         78                  0                  0                  0                  0        9658.493845                  0        102.2660955        212.6401694
          1         79                  0                  0                  0                  0        9782.409424                  0        102.2660955        212.6401694
          1         80                  0                  0                  0                  0        9906.325003                  0        102.2660955        212.6401694
          1         81                  0                  0                  0                  0        10030.24058                  0        102.2660955        212.6401694
          1         82                  0                  0                  0                  0        10154.15616                  0        102.2660955        212.6401694
          1         83                  0                  0                  0                  0        10278.07174                  0        102.2660955        212.6401694
          1         84                  0                  0                  0                  0        10401.98732                  0        102.2660955        212.6401694
          1         85                  0                  0                  0                  0         10525.9029                  0        102.2660955        212.6401694
          1         86                  0                  0                  0                  0        10649.81848                  0        102.2660955        212.6401694
          1         87                  0                  0                  0                  0        10773.73406                  0        102.2660955        212.6401694
          1         88                  0                  0                  0                  0        10897.64963                  0        102.2660955        212.6401694
          1         89                  0                  0                  0                  0        11021.56521                  0        102.2660955        212.6401694
          1         90                  0                  0                  0                  0        11145.48079                  0        102.2660955        212.6401694
          1         91                  0                  0                  0                  0        11269.39637                  0        102.2660955        212.6401694
          1         92                  0                  0                  0                  0        11393.31195                  0        102.2660955        212.6401694
          1         93                  0                  0                  0                  0        11517.22753                  0        102.2660955        212.6401694
          1         94                  0                  0                  0                  0        11641.14311                  0        102.2660955        212.6401694
          1         95                  0                  0                  0                  0        11765.05869                  0        102.2660955        212.6401694
          1         96                  0                  0                  0                  0        11888.97427                  0        102.2660955        212.6401694
          1         97                  0                  0                  0                  0        12012.88984                  0        102.2660955        212.6401694
          1         98                  0                  0                  0                  0        12136.80542                  0        102.2660955        212.6401694
          1         99                  0                  0                  0                  0          12260.721                  0        102.2660955        212.6401694
          1        100                  0                  0                  0                  0        12384.63658                  0        102.2660955        212.6401694
          1        101                  0                  0                  0                  0        12508.55216                  0        102.2660955        212.6401694
          1        102                  0                  0                  0                  0        12632.46774                  0        102.2660955        212.6401694
          1        103                  0                  0                  0                  0        12756.38332                  0        102.2660955        212.6401694
          1        104                  0                  0                  0                  0         12880.2989                  0        102.2660955        212.6401694
          1        105                  0                  0                  0                  0        13004.21448                  0        102.2660955        212.6401694
          1        106                  0                  0                  0                  0        13128.13005                  0        102.2660955        212.6401694
          1        107                  0                  0                  0                  0        13252.04563                  0        102.2660955        212.6401694
          1        108                  0                  0                  0                  0        13375.96121                  0        102.2660955        212.6401694
          1        109                  0                  0                  0                  0        13499.87679                  0        102.2660955        212.6401694
          1        110                  0                  0                  0                  0        13623.79237                  0        102.2660955        212.6401694
          1        111                  0                  0                  0                  0        13747.70795                  0        102.2660955        212.6401694
          1        112                  0                  0                  0                  0        13871.62353                  0        102.2660955        212.6401694
          1        113                  0                  0                  0                  0        13995.53911                  0        102.2660955        212.6401694
          1        114                  0                  0                  0                  0        14119.45469                  0        102.2660955        212.6401694
          1        115                  0                  0                  0                  0        14243.37026                  0        102.2660955        212.6401694
          1        116                  0                  0                  0                  0        14367.28584                  0        102.2660955        212.6401694
          1        117                  0                  0                  0                  0        14491.20142                  0        102.2660955        212.6401694
          1        118                  0                  0                  0                  0          14615.117                  0        102.2660955        212.6401694
          1        119                  0                  0                  0                  0        14739.03258                  0        102.2660955        212.6401694
          1        120                  0                  0                  0                  0        14862.94816                  0        102.2660955        212.6401694
          1        121                  0                  0                  0                  0        14986.86374                  0        102.2660955        212.6401694
          1        122                  0                  0                  0                  0        15110.77932                  0        102.2660955        212.6401694
          1        123                  0                  0                  0                  0         15234.6949                  0        102.2660955        212.6401694
          1        124                  0                  0                  0                  0        15358.61047                  0        102.2660955        212.6401694
          1        125                  0                  0                  0                  0        15482.52605                  0        102.2660955        212.6401694
          1        126                  0                  0                  0                  0        15606.44163                  0        102.2660955        212.6401694
          1        127                  0                  0                  0                  0        15730.35721                  0        102.2660955        212.6401694
          1        128                  0                  0                  0                  0        15854.27279                  0        102.2660955        212.6401694
          1        129                  0                  0                  0                  0        15978.18837                  0        102.2660955        212.6401694
          1        130                  0                  0                  0                  0        16102.10395                  0        102.2660955        212.6401694
          1        131                  0                  0                  0                  0        16226.01953                  0        102.2660955        212.6401694
          1        132                  0                  0                  0                  0        16349.93511                  0        102.2660955        212.6401694
          1        133                  0                  0                  0                  0        16473.85068                  0        102.2660955        212.6401694
          1        134                  0                  0                  0                  0        16597.76626                  0        102.2660955        212.6401694
          1        135                  0                  0                  0                  0        16721.68184                  0        102.2660955        212.6401694
          1        136                  0                  0                  0                  0        16845.59742                  0        102.2660955        212.6401694
          1        137                  0                  0                  0                  0          16969.513                  0        102.2660955        212.6401694
          1        138                  0                  0                  0                  0        17093.42858                  0        102.2660955        212.6401694
          1        139                  0                  0                  0                  0        17217.34416                  0        102.2660955        212.6401694
          1        140                  0                  0                  0                  0        17341.25974                  0        102.2660955        212.6401694
          1        141                  0                  0                  0                  0        17465.17532                  0        102.2660955        212.6401694
          1        142                  0                  0                  0                  0        17589.09089                  0        102.2660955        212.6401694
          1        143                  0                  0                  0                  0        17713.00647                  0        102.2660955        212.6401694
          1        144                  0                  0                  0                  0        17836.92205                  0        102.2660955        212.6401694
          1        145                  0                  0                  0                  0        17960.83763                  0        102.2660955        212.6401694
          1        146                  0                  0                  0                  0        18084.75321                  0        102.2660955        212.6401694
          1        147                  0                  0                  0                  0        18208.66879                  0        102.2660955        212.6401694
          1        148                  0                  0                  0                  0        18332.58437                  0        102.2660955        212.6401694
          1        149                  0                  0                  0                  0        18456.49995                  0        102.2660955        212.6401694
          1        150                  0                  0                  0                  0        18580.41553                  0        102.2660955        212.6401694
          1        151                  0                  0                  0                  0         18704.3311                  0        102.2660955        212.6401694
          1        152                  0                  0                  0                  0        18828.24668                  0        102.2660955        212.6401694
          1        153                  0                  0                  0                  0        18952.16226                  0        102.2660955        212.6401694
          1        154                  0                  0                  0                  0        19076.07784                  0        102.2660955        212.6401694
          1        155                  0                  0                  0                  0        19199.99342                  0        102.2660955        212.6401694
          1        156                  0                  0                  0                  0          19323.909                  0        102.2660955        212.6401694
          1        157                  0                  0                  0                  0        19447.82458                  0        102.2660955        212.6401694
          1        158                  0                  0                  0                  0        19571.74016                  0        102.2660955        212.6401694
          1        159                  0                  0                  0                  0        19695.65574                  0        102.2660955        212.6401694
          1        160                  0                  0                  0                  0        19819.57131                  0        102.2660955        212.6401694
          1        161                  0                  0                  0                  0        19943.48689                  0        102.2660955        212.6401694
          1        162                  0                  0                  0                  0        20067.40247                  0        102.2660955        212.6401694
          1        163                  0                  0                  0                  0        20191.31805                  0        102.2660955        212.6401694
          1        164                  0                  0                  0                  0        20315.23363                  0        102.2660955        212.6401694
          1        165                  0                  0                  0                  0        20439.14921                  0        102.2660955        212.6401694
          1        166                  0                  0                  0                  0        20563.06479                  0        102.2660955        212.6401694
          1        167                  0                  0                  0                  0        20686.98037                  0        102.2660955        212.6401694
          1        168                  0                  0                  0                  0        20810.89595                  0        102.2660955        212.6401694
          1        169                  0                  0                  0                  0        20934.81152                  0        102.2660955        212.6401694
          1        170                  0                  0                  0                  0         21058.7271                  0        102.2660955        212.6401694
          1        171                  0                  0                  0                  0        21182.64268                  0        102.2660955        212.6401694
          1        172                  0                  0                  0                  0        21306.55826                  0        102.2660955        212.6401694
          1        173                  0                  0                  0                  0        21430.47384                  0        102.2660955        212.6401694
          1        174                  0                  0                  0                  0        21554.38942                  0        102.2660955        212.6401694
          1        175                  0                  0                  0                  0          21678.305                  0        102.2660955        212.6401694
          1        176                  0                  0                  0                  0        21802.22058                  0        102.2660955        212.6401694
          1        177                  0                  0                  0                  0        21926.13616                  0        102.2660955        212.6401694
          1        178                  0                  0                  0                  0        22050.05174                  0        102.2660955        212.6401694
          1        179                  0                  0                  0                  0        22173.96731                  0        102.2660955        212.6401694
          1        180                  0                  0                  0                  0        22297.88289                  0        102.2660955        212.6401694
          1        181                  0                  0                  0                  0        22421.79847                  0        102.2660955        212.6401694
          1        182                  0                  0                  0                  0        22545.71405                  0        102.2660955        212.6401694
          1        183                  0                  0                  0                  0        22669.62963                  0        102.2660955        212.6401694
          1        184                  0                  0                  0                  0        22793.54521                  0        102.2660955        212.6401694
          1        185                  0                  0                  0                  0        22917.46079                  0        102.2660955        212.6401694
          1        186                  0                  0                  0                  0        23041.37637                  0        102.2660955        212.6401694
          1        187                  0                  0                  0                  0        23165.29195                  0        102.2660955        212.6401694
          1        188                  0                  0                  0                  0        23289.20752                  0        102.2660955        212.6401694
          1        189                  0                  0                  0                  0         23413.1231                  0        102.2660955        212.6401694
          1        190                  0                  0                  0                  0        23537.03868                  0        102.2660955        212.6401694
          1        191                  0                  0                  0                  0        23660.95426                  0        102.2660955        212.6401694
          1        192                  0                  0                  0                  0        23784.86984                  0        102.2660955        212.6401694
          1        193                  0                  0                  0                  0        23908.78542                  0        102.2660955        212.6401694
          1        194                  0                  0                  0                  0          24032.701                  0        102.2660955        212.6401694
          1        195                  0                  0                  0                  0        24156.61658                  0        102.2660955        212.6401694
          1        196                  0                  0                  0                  0        24280.53216                  0        102.2660955        212.6401694
          1        197                  0                  0                  0                  0        24404.44773                  0        102.2660955        212.6401694
          1        198                  0                  0                  0                  0        24528.36331                  0        102.2660955        212.6401694
          1        199                  0                  0                  0                  0        24652.27889                  0        102.2660955        212.6401694
          1        200                  0                  0                  0                  0        24776.19447                  0        102.2660955        212.6401694
          1        201                  0                  0                  0                  0        24900.11005                  0        102.2660955        212.6401694
          1        202                  0                  0                  0                  0        25024.02563                  0        102.2660955        212.6401694
          1        203                  0                  0                  0                  0        25147.94121                  0        102.2660955        212.6401694
          1        204                  0                  0                  0                  0        25271.85679                  0        102.2660955        212.6401694
          1        205                  0                  0                  0                  0        25395.77237                  0        102.2660955        212.6401694
          1        206                  0                  0                  0                  0        25519.68794                  0        102.2660955        212.6401694
          1        207                  0                  0                  0                  0        25643.60352                  0        102.2660955        212.6401694
          1        208                  0                  0                  0                  0         25767.5191                  0        102.2660955        212.6401694
          1        209                  0                  0                  0                  0        25891.43468                  0        102.2660955        212.6401694
          1        210                  0                  0                  0                  0        26015.35026                  0        102.2660955        212.6401694
          1        211                  0                  0                  0                  0        26139.26584                  0        102.2660955        212.6401694
          1        212                  0                  0                  0                  0        26263.18142                  0        102.2660955        212.6401694
          1        213                  0                  0                  0                  0          26387.097                  0        102.2660955        212.6401694
          1        214                  0                  0                  0                  0        26511.01258                  0        102.2660955        212.6401694
          1        215                  0                  0                  0                  0        26634.92815                  0        102.2660955        212.6401694
          1        216                  0                  0                  0                  0        26758.84373                  0        102.2660955        212.6401694
          1        217                  0                  0                  0                  0        26882.75931                  0        102.2660955        212.6401694
          1        218                  0                  0                  0                  0        27006.67489                  0        102.2660955        212.6401694
          1        219                  0                  0                  0                  0        27130.59047                  0        102.2660955        212.6401694
          1        220                  0                  0                  0                  0        27254.50605                  0        102.2660955        212.6401694
          1        221                  0                  0                  0                  0        27378.42163                  0        102.2660955        212.6401694
          1        222                  0                  0                  0                  0        27502.33721                  0        102.2660955        212.6401694
          1        223                  0                  0                  0                  0        27626.25279                  0        102.2660955        212.6401694
          1        224                  0                  0                  0                  0        27750.16836                  0        102.2660955        212.6401694
          1        225                  0                  0                  0                  0        27874.08394                  0        102.2660955        212.6401694
          1        226                  0                  0                  0                  0        27997.99952                  0        102.2660955        212.6401694
          1        227                  0                  0                  0                  0         28121.9151                  0        102.2660955        212.6401694
          1        228                  0                  0                  0                  0        28245.83068                  0        102.2660955        212.6401694
          1        229                  0                  0                  0                  0        28369.74626                  0        102.2660955        212.6401694
          1        230                  0                  0                  0                  0        28493.66184                  0        102.2660955        212.6401694
          1        231                  0                  0                  0                  0        28617.57742                  0        102.2660955        212.6401694
          1        232                  0                  0                  0                  0          28741.493                  0        102.2660955        212.6401694
          1        233                  0                  0                  0                  0        28865.40857                  0        102.2660955        212.6401694
          1        234                  0                  0                  0                  0        28989.32415                  0        102.2660955        212.6401694
          1        235                  0                  0                  0                  0        29113.23973                  0        102.2660955        212.6401694
          1        236                  0                  0                  0                  0        29237.15531                  0        102.2660955        212.6401694
          1        237                  0                  0                  0                  0        29361.07089                  0        102.2660955        212.6401694
          1        238                  0                  0                  0                  0        29484.98647                  0        102.2660955        212.6401694
          1        239                  0                  0                  0                  0        29608.90205                  0        102.2660955        212.6401694
          1        240                  0                  0                  0                  0        29732.81763                  0        102.2660955        212.6401694
          1        241                  0                  0                  0                  0        29856.73321                  0        102.2660955        212.6401694
          1        242                  0                  0                  0                  0        29980.64878                  0        102.2660955        212.6401694
          1        243                  0                  0                  0                  0        30104.56436                  0        102.2660955        212.6401694
          1        244                  0                  0                  0                  0        30228.47994                  0        102.2660955        212.6401694
          1        245                  0                  0                  0                  0        30352.39552                  0        102.2660955        212.6401694
          1        246                  0                  0                  0                  0         30476.3111                  0        102.2660955        212.6401694
          1        247                  0                  0                  0                  0        30600.22668                  0        102.2660955        212.6401694
          1        248                  0                  0                  0                  0        30724.14226                  0        102.2660955        212.6401694
          1        249                  0                  0                  0                  0        30848.05784                  0        102.2660955        212.6401694
          1        250                  0                  0                  0                  0        30971.97342                  0        102.2660955        212.6401694
          1        251                  0                  0                  0                  0        31095.88899                  0        102.2660955        212.6401694
          1        252                  0                  0                  0                  0        31219.80457                  0        102.2660955        212.6401694
          1        253                  0                  0                  0                  0        31343.72015                  0        102.2660955        212.6401694
          1        254                  0                  0                  0                  0        31467.63573                  0        102.2660955        212.6401694
          1        255                  0                  0                  0                  0        31591.55131                  0        102.2660955        212.6401694
          1        256                  0                  0                  0                  0        31715.46689                  0        102.2660955        212.6401694
          1        257                  0                  0                  0                  0        31839.38247                  0        102.2660955        212.6401694
          1        258                  0                  0                  0                  0        31963.29805                  0        102.2660955        212.6401694
          1        259                  0                  0                  0                  0        32087.21363                  0        102.2660955        212.6401694
          1        260                  0                  0                  0                  0         32211.1292                  0        102.2660955        212.6401694
          1        261                  0                  0                  0                  0        32335.04478                  0        102.2660955        212.6401694
          1        262                  0                  0                  0                  0        32458.96036                  0        102.2660955        212.6401694
          1        263                  0                  0                  0                  0        32582.87594                  0        102.2660955        212.6401694
          1        264                  0                  0                  0                  0        32706.79152                  0        102.2660955        212.6401694
          1        265                  0                  0                  0                  0         32830.7071                  0        102.2660955        212.6401694
          1        266                  0                  0                  0                  0        32954.62268                  0        102.2660955        212.6401694
          1        267                  0                  0                  0                  0        33078.53826                  0        102.2660955        212.6401694
          1        268                  0                  0                  0                  0        33202.45384                  0        102.2660955        212.6401694
          1        269                  0                  0                  0                  0        33326.36941                  0        102.2660955        212.6401694
          1        270                  0                  0                  0                  0        33450.28499                  0        102.2660955        212.6401694
          1        271                  0                  0                  0                  0        33574.20057                  0        102.2660955        212.6401694
          1        272                  0                  0                  0                  0        33698.11615                  0        102.2660955        212.6401694
          1        273                  0                  0                  0                  0        33822.03173                  0        102.2660955        212.6401694
          1        274                  0                  0                  0                  0        33945.94731                  0        102.2660955        212.6401694
          1        275                  0                  0                  0                  0        34069.86289                  0        102.2660955        212.6401694
          1        276                  0                  0                  0                  0        34193.77847                  0        102.2660955        212.6401694
          1        277                  0                  0                  0                  0        34317.69405                  0        102.2660955        212.6401694
          1        278                  0                  0                  0                  0        34441.60962                  0        102.2660955        212.6401694
          1        279                  0                  0                  0                  0         34565.5252                  0        102.2660955        212.6401694
          1        280                  0                  0                  0                  0        34689.44078                  0        102.2660955        212.6401694
          1        281                  0                  0                  0                  0        34813.35636                  0        102.2660955        212.6401694
          1        282                  0                  0                  0                  0        34937.27194                  0        102.2660955        212.6401694
          1        283                  0                  0                  0                  0        35061.18752                  0        102.2660955        212.6401694
          1        284                  0                  0                  0                  0         35185.1031                  0        102.2660955        212.6401694
          1        285                  0                  0                  0                  0        35309.01868                  0        102.2660955        212.6401694
          1        286                  0                  0                  0                  0        35432.93426                  0        102.2660955        212.6401694
          1        287                  0                  0                  0                  0        35556.84983                  0        102.2660955        212.6401694
          1        288                  0                  0                  0                  0        35680.76541                  0        102.2660955        212.6401694
          1        289                  0                  0                  0                  0        35804.68099                  0        102.2660955        212.6401694
          1        290                  0                  0                  0                  0        35928.59657                  0        102.2660955        212.6401694
          1        291                  0                  0                  0                  0        36052.51215                  0        102.2660955        212.6401694
          1        292                  0                  0                  0                  0        36176.42773                  0        102.2660955        212.6401694
          1        293                  0                  0                  0                  0        36300.34331                  0        102.2660955        212.6401694
          1        294                  0                  0                  0                  0        36424.25889                  0        102.2660955        212.6401694
          1        295                  0                  0                  0                  0        36548.17447                  0        102.2660955        212.6401694
          1        296                  0                  0                  0                  0        36672.09005                  0        102.2660955        212.6401694
          1        297                  0                  0                  0                  0        36796.00562                  0        102.2660955        212.6401694
          1        298                  0                  0                  0                  0         36919.9212                  0        102.2660955        212.6401694
          1        299                  0                  0                  0                  0        37043.83678                  0        102.2660955        212.6401694
          1        300                  0                  0                  0                  0        37167.75236                  0        102.2660955        212.6401694
          1        301                  0                  0                  0                  0        37291.66794                  0        102.2660955        212.6401694
          1        302                  0                  0                  0                  0        37415.58352                  0        102.2660955        212.6401694
          1        303                  0                  0                  0                  0         37539.4991                  0        102.2660955        212.6401694
          1        304                  0                  0                  0                  0        37663.41468                  0        102.2660955        212.6401694
          1        305                  0                  0                  0                  0        37787.33026                  0        102.2660955        212.6401694
          1        306                  0                  0                  0                  0        37911.24583                  0        102.2660955        212.6401694
          1        307                  0                  0                  0                  0        38035.16141                  0        102.2660955        212.6401694
          1        308                  0                  0                  0                  0        38159.07699                  0        102.2660955        212.6401694
          1        309                  0                  0                  0                  0        38282.99257                  0        102.2660955        212.6401694
          1        310                  0                  0                  0                  0        38406.90815                  0        102.2660955        212.6401694
          1        311                  0                  0                  0                  0        38530.82373                  0        102.2660955        212.6401694
          1        312                  0                  0                  0                  0        38654.73931                  0        102.2660955        212.6401694
          1        313                  0                  0                  0                  0        38778.65489                  0        102.2660955        212.6401694
          1        314                  0                  0                  0                  0        38902.57047                  0        102.2660955        212.6401694
          1        315                  0                  0                  0                  0        39026.48604                  0        102.2660955        212.6401694
          1        316                  0                  0                  0                  0        39150.40162                  0        102.2660955        212.6401694
          1        317                  0                  0                  0                  0         39274.3172                  0        102.2660955        212.6401694
          1        318                  0                  0                  0                  0        39398.23278                  0        102.2660955        212.6401694
          1        319                  0                  0                  0                  0        39522.14836                  0        102.2660955        212.6401694
          1        320                  0                  0                  0                  0        39646.06394                  0        102.2660955        212.6401694
          1        321                  0                  0                  0                  0        39769.97952                  0        102.2660955        212.6401694
          1        322                  0                  0                  0                  0         39893.8951                  0        102.2660955        212.6401694
          1        323                  0                  0                  0                  0        40017.81068                  0        102.2660955        212.6401694
          1        324                  0                  0                  0                  0        40141.72625                  0        102.2660955        212.6401694
          1        325                  0                  0                  0                  0        40265.64183                  0        102.2660955        212.6401694
          1        326                  0                  0                  0                  0        40389.55741                  0        102.2660955        212.6401694
          1        327                  0                  0                  0                  0        40513.47299                  0        102.2660955        212.6401694
          1        328                  0                  0                  0                  0        40637.38857                  0        102.2660955        212.6401694
          1        329                  0                  0                  0                  0        40761.30415                  0        102.2660955        212.6401694
          1        330                  0                  0                  0                  0        40885.21973                  0        102.2660955        212.6401694
          1        331                  0                  0                  0                  0        41009.13531                  0        102.2660955        212.6401694
          1        332                  0                  0                  0                  0        41133.05089                  0        102.2660955        212.6401694
          1        333                  0                  0                  0                  0        41256.96646                  0        102.2660955        212.6401694
          1        334                  0                  0                  0                  0        41380.88204                  0        102.2660955        212.6401694
          1        335                  0                  0                  0                  0        41504.79762                  0        102.2660955        212.6401694
          1        336                  0                  0                  0                  0         41628.7132                  0        102.2660955        212.6401694
          1        337                  0                  0                  0                  0        41752.62878                  0        102.2660955        212.6401694
          1        338                  0                  0                  0                  0        41876.54436                  0        102.2660955        212.6401694
          1        339                  0                  0                  0                  0        42000.45994                  0        102.2660955        212.6401694
          1        340                  0                  0                  0                  0        42124.37552                  0        102.2660955        212.6401694
          1        341                  0                  0                  0                  0         42248.2911                  0        102.2660955        212.6401694
          1        342                  0                  0                  0                  0        42372.20667                  0        102.2660955        212.6401694
          1        343                  0                  0                  0                  0        42496.12225                  0        102.2660955        212.6401694
          1        344                  0                  0                  0                  0        42620.03783                  0        102.2660955        212.6401694
          1        345                  0                  0                  0                  0        42743.95341                  0        102.2660955        212.6401694
          1        346                  0                  0                  0                  0        42867.86899                  0        102.2660955        212.6401694
          1        347                  0                  0                  0                  0        42991.78457                  0        102.2660955        212.6401694
          1        348                  0                  0                  0                  0        43115.70015                  0        102.2660955        212.6401694
          1        349                  0                  0                  0                  0        43239.61573                  0        102.2660955        212.6401694
          1        350                  0                  0                  0                  0        43363.53131                  0        102.2660955        212.6401694
          1        351                  0                  0                  0                  0        43487.44688                  0        102.2660955        212.6401694
          1        352                  0                  0                  0                  0        43611.36246                  0        102.2660955        212.6401694
          1        353                  0                  0                  0                  0        43735.27804                  0        102.2660955        212.6401694
          1        354                  0                  0                  0                  0        43859.19362                  0        102.2660955        212.6401694
          1        355                  0                  0                  0                  0         43983.1092                  0        102.2660955        212.6401694
          1        356                  0                  0                  0                  0        44107.02478                  0        102.2660955        212.6401694
          1        357                  0                  0                  0                  0        44230.94036                  0        102.2660955        212.6401694
          1        358                  0                  0                  0                  0        44354.85594                  0        102.2660955        212.6401694
          1        359                  0                  0                  0                  0        44478.77152                  0        102.2660955        212.6401694
          1        360                  0                  0                  0                  0        44602.68709                  0        102.2660955        212.6401694
          1        361                  0                  0                  0                  0        44726.60267                  0        102.2660955        212.6401694
          1        362                  0                  0                  0                  0        44850.51825                  0        102.2660955        212.6401694
          1        363                  0                  0                  0                  0        44974.43383                  0        102.2660955        212.6401694
          1        364                  0                  0                  0                  0        45098.34941                  0        102.2660955        212.6401694
          1        365                  0                  0                  0                  0        45222.26499                  0        102.2660955        212.6401694
          1        366                  0                  0                  0                  0        45346.18057                  0        102.2660955        212.6401694
          1        367                  0                  0                  0                  0        45470.09615                  0        102.2660955        212.6401694
          1        368                  0                  0                  0                  0        45594.01173                  0        102.2660955        212.6401694
          1        369                  0                  0                  0                  0         45717.9273                  0        102.2660955        212.6401694
          1        370                  0                  0                  0                  0        45841.84288                  0        102.2660955        212.6401694
          1        371                  0                  0                  0                  0        45965.75846                  0        102.2660955        212.6401694
          1        372                  0                  0                  0                  0        46089.67404                  0        102.2660955        212.6401694
          1        373                  0                  0                  0                  0        46213.58962                  0        102.2660955        212.6401694
          1        374                  0                  0                  0                  0         46337.5052                  0        102.2660955        212.6401694
          1        375                  0                  0                  0                  0        46461.42078                  0        102.2660955        212.6401694
          1        376                  0                  0                  0                  0        46585.33636                  0        102.2660955        212.6401694
          1        377                  0                  0                  0                  0        46709.25194                  0        102.2660955        212.6401694
          1        378                  0                  0                  0                  0        46833.16751                  0        102.2660955        212.6401694
          1        379                  0                  0                  0                  0        46957.08309                  0        102.2660955        212.6401694
          1        380                  0                  0                  0                  0        47080.99867                  0        102.2660955        212.6401694
          1        381                  0                  0                  0                  0        47204.91425                  0        102.2660955        212.6401694
          1        382                  0                  0                  0                  0        47328.82983                  0        102.2660955        212.6401694
          1        383                  0                  0                  0                  0        47452.74541                  0        102.2660955        212.6401694
          1        384                  0                  0                  0                  0        47576.66099                  0        102.2660955        212.6401694
          1        385                  0                  0                  0                  0        47700.57657                  0        102.2660955        212.6401694
          1        386                  0                  0                  0                  0        47824.49215                  0        102.2660955        212.6401694
          1        387                  0                  0                  0                  0        47948.40772                  0        102.2660955        212.6401694
          1        388                  0                  0                  0                  0         48072.3233                  0        102.2660955        212.6401694
          1        389                  0                  0                  0                  0        48196.23888                  0        102.2660955        212.6401694
          1        390                  0                  0                  0                  0        48320.15446                  0        102.2660955        212.6401694
          1        391                  0                  0                  0                  0        48444.07004                  0        102.2660955        212.6401694
          1        392                  0                  0                  0                  0        48567.98562                  0        102.2660955        212.6401694
          1        393                  0                  0                  0                  0         48691.9012                  0        102.2660955        212.6401694
          1        394                  0                  0                  0                  0        48815.81678                  0        102.2660955        212.6401694
          1        395                  0                  0                  0                  0        48939.73236                  0        102.2660955        212.6401694
          1        396                  0                  0                  0                  0        49063.64793                  0        102.2660955        212.6401694
          1        397                  0                  0                  0                  0        49187.56351                  0        102.2660955        212.6401694
          1        398                  0                  0                  0                  0        49311.47909                  0        102.2660955        212.6401694
          1        399                  0                  0                  0                  0        49435.39467                  0        102.2660955        212.6401694
          1        400                  0                  0                  0                  0        49559.31025                  0        102.2660955        212.6401694
          1        401                  0                  0                  0                  0        49683.22583                  0        102.2660955        212.6401694
          1        402                  0                  0                  0                  0        49807.14141                  0        102.2660955        212.6401694
          1        403                  0                  0                  0                  0        49931.05699                  0        102.2660955        212.6401694
          1        404                  0                  0                  0                  0        50054.97257                  0        102.2660955        212.6401694
          1        405                  0                  0                  0                  0        50178.88814                  0        102.2660955        212.6401694
          1        406                  0                  0                  0                  0        50302.80372                  0        102.2660955        212.6401694
          1        407                  0                  0                  0                  0         50426.7193                  0        102.2660955        212.6401694
          1        408                  0                  0                  0                  0        50550.63488                  0        102.2660955        212.6401694
          1        409                  0                  0                  0                  0        50674.55046                  0        102.2660955        212.6401694
          1        410                  0                  0                  0                  0        50798.46604                  0        102.2660955        212.6401694
          1        411                  0                  0                  0                  0        50922.38162                  0        102.2660955        212.6401694
          1        412                  0                  0                  0                  0         51046.2972                  0        102.2660955        212.6401694
          1        413                  0                  0                  0                  0        51170.21278                  0        102.2660955        212.6401694
          1        414                  0                  0                  0                  0        51294.12836                  0        102.2660955        212.6401694
          1        415                  0                  0                  0                  0        51418.04393                  0        102.2660955        212.6401694
          1        416                  0                  0                  0                  0        51541.95951                  0        102.2660955        212.6401694
          1        417                  0                  0                  0                  0        51665.87509                  0        102.2660955        212.6401694
          1        418                  0                  0                  0                  0        51789.79067                  0        102.2660955        212.6401694
          1        419                  0                  0                  0                  0        51913.70625                  0        102.2660955        212.6401694
          1        420                  0                  0                  0                  0        52037.62183                  0        102.2660955        212.6401694
          1        421                  0                  0                  0                  0        52161.53741                  0        102.2660955        212.6401694
          1        422                  0                  0                  0                  0        52285.45299                  0        102.2660955        212.6401694
          1        423                  0                  0                  0                  0        52409.36857                  0        102.2660955        212.6401694
          1        424                  0                  0                  0                  0        52533.28414                  0        102.2660955        212.6401694
          1        425                  0                  0                  0                  0        52657.19972                  0        102.2660955        212.6401694
          1        426                  0                  0                  0                  0         52781.1153                  0        102.2660955        212.6401694
          1        427                  0                  0                  0                  0        52905.03088                  0        102.2660955        212.6401694
          1        428                  0                  0                  0                  0        53028.94646                  0        102.2660955        212.6401694
          1        429                  0                  0                  0                  0        53152.86204                  0        102.2660955        212.6401694
          1        430                  0                  0                  0                  0        53276.77762                  0        102.2660955        212.6401694
          1        431                  0                  0                  0                  0         53400.6932                  0        102.2660955        212.6401694
          1        432                  0                  0                  0                  0        53524.60878                  0        102.2660955        212.6401694
          1        433                  0                  0                  0                  0        53648.52435                  0        102.2660955        212.6401694
          1        434                  0                  0                  0                  0        53772.43993                  0        102.2660955        212.6401694
          1        435                  0                  0                  0                  0        53896.35551                  0        102.2660955        212.6401694
          1        436                  0                  0                  0                  0        54020.27109                  0        102.2660955        212.6401694
          1        437                  0                  0                  0                  0        54144.18667                  0        102.2660955        212.6401694
          1        438                  0                  0                  0                  0        54268.10225                  0        102.2660955        212.6401694
          1        439                  0                  0                  0                  0        54392.01783                  0        102.2660955        212.6401694
          1        440                  0                  0                  0                  0        54515.93341                  0        102.2660955        212.6401694
          1        441                  0                  0                  0                  0        54639.84899                  0        102.2660955        212.6401694
          1        442                  0                  0                  0                  0        54763.76456                  0        102.2660955        212.6401694
          1        443                  0                  0                  0                  0        54887.68014                  0        102.2660955        212.6401694
          1        444                  0                  0                  0                  0        55011.59572                  0        102.2660955        212.6401694
          1        445                  0                  0                  0                  0         55135.5113                  0        102.2660955        212.6401694
          1        446                  0                  0                  0                  0        55259.42688                  0        102.2660955        212.6401694
          1        447                  0                  0                  0                  0        55383.34246                  0        102.2660955        212.6401694
          1        448                  0                  0                  0                  0        55507.25804                  0        102.2660955        212.6401694
          1        449                  0                  0                  0                  0        55631.17362                  0        102.2660955        212.6401694
          1        450                  0                  0                  0                  0         55755.0892                  0        102.2660955        212.6401694
          1        451                  0                  0                  0                  0        55879.00477                  0        102.2660955        212.6401694
          1        452                  0                  0                  0                  0        56002.92035                  0        102.2660955        212.6401694
          1        453                  0                  0                  0                  0        56126.83593                  0        102.2660955        212.6401694
          1        454                  0                  0                  0                  0        56250.75151                  0        102.2660955        212.6401694
          1        455                  0                  0                  0                  0        56374.66709                  0        102.2660955        212.6401694
          1        456                  0                  0                  0                  0        56498.58267                  0        102.2660955        212.6401694
          1        457                  0                  0                  0                  0        56622.49825                  0        102.2660955        212.6401694
          1        458                  0                  0                  0                  0        56746.41383                  0        102.2660955        212.6401694
          1        459                  0                  0                  0                  0        56870.32941                  0        102.2660955        212.6401694
          1        460                  0                  0                  0                  0        56994.24498                  0        102.2660955        212.6401694
          1        461                  0                  0                  0                  0        57118.16056                  0        102.2660955        212.6401694
          1        462                  0                  0                  0                  0        57242.07614                  0        102.2660955        212.6401694
          1        463                  0                  0                  0                  0        57365.99172                  0        102.2660955        212.6401694
          1        464                  0                  0                  0                  0         57489.9073                  0        102.2660955        212.6401694
          1        465                  0                  0                  0                  0        57613.82288                  0        102.2660955        212.6401694
          1        466                  0                  0                  0                  0        57737.73846                  0        102.2660955        212.6401694
          1        467                  0                  0                  0                  0        57861.65404                  0        102.2660955        212.6401694
          1        468                  0                  0                  0                  0        57985.56962                  0        102.2660955        212.6401694
          1        469                  0                  0                  0                  0        58109.48519                  0        102.2660955        212.6401694
          1        470                  0                  0                  0                  0        58233.40077                  0        102.2660955        212.6401694
          1        471                  0                  0                  0                  0        58357.31635                  0        102.2660955        212.6401694
          1        472                  0                  0                  0                  0        58481.23193                  0        102.2660955        212.6401694
          1        473                  0                  0                  0                  0        58605.14751                  0        102.2660955        212.6401694
          1        474                  0                  0                  0                  0        58729.06309                  0        102.2660955        212.6401694
          1        475                  0                  0                  0                  0        58852.97867                  0        102.2660955        212.6401694
          1        476                  0                  0                  0                  0        58976.89425                  0        102.2660955        212.6401694
          1        477                  0                  0                  0                  0        59100.80983                  0        102.2660955        212.6401694
          1        478                  0                  0                  0                  0         59224.7254                  0        102.2660955        212.6401694
          1        479                  0                  0                  0                  0        59348.64098                  0        102.2660955        212.6401694
          1        480                  0                  0                  0                  0        59472.55656                  0        102.2660955        212.6401694
          1        481                  0                  0                  0                  0        59596.47214                  0        102.2660955        212.6401694
          1        482                  0                  0                  0                  0        59720.38772                  0        102.2660955        212.6401694
          1        483                  0                  0                  0                  0         59844.3033                  0        102.2660955        212.6401694
          1        484                  0                  0                  0                  0        59968.21888                  0        102.2660955        212.6401694
          1        485                  0                  0                  0                  0        60092.13446                  0        102.2660955        212.6401694
          1        486                  0                  0                  0                  0        60216.05004                  0        102.2660955        212.6401694
          1        487                  0                  0                  0                  0        60339.96561                  0        102.2660955        212.6401694
          1        488                  0                  0                  0                  0        60463.88119                  0        102.2660955        212.6401694
          1        489                  0                  0                  0                  0        60587.79677                  0        102.2660955        212.6401694
          1        490                  0                  0                  0                  0        60711.71235                  0        102.2660955        212.6401694
          1        491                  0                  0                  0                  0        60835.62793                  0        102.2660955        212.6401694
          1        492                  0                  0                  0                  0        60959.54351                  0        102.2660955        212.6401694
          1        493                  0                  0                  0                  0        61083.45909                  0        102.2660955        212.6401694
          1        494                  0                  0                  0                  0        61207.37467                  0        102.2660955        212.6401694
          1        495                  0                  0                  0                  0        61331.29025                  0        102.2660955        212.6401694
          1        496                  0                  0                  0                  0        61455.20582                  0        102.2660955        212.6401694
          1        497                  0                  0                  0                  0         61579.1214                  0        102.2660955        212.6401694
          1        498                  0                  0                  0                  0        61703.03698                  0        102.2660955        212.6401694
          1        499                  0                  0                  0                  0        61826.95256                  0        102.2660955        212.6401694
          1        500                  0                  0                  0                  0        61950.86814                  0        102.2660955        212.6401694
          1        501                  0                  0                  0                  0        62074.78372                  0        102.2660955        212.6401694
          1        502                  0                  0                  0                  0         62198.6993                  0        102.2660955        212.6401694
          1        503                  0                  0                  0                  0        62322.61488                  0        102.2660955        212.6401694
          1        504                  0                  0                  0                  0        62446.53046                  0        102.2660955        212.6401694
          1        505                  0                  0                  0                  0        62570.44603                  0        102.2660955        212.6401694
          1        506                  0                  0                  0                  0        62694.36161                  0        102.2660955        212.6401694
          1        507                  0                  0                  0                  0        62818.27719                  0        102.2660955        212.6401694
          1        508                  0                  0                  0                  0        62942.19277                  0        102.2660955        212.6401694
          1        509                  0                  0                  0                  0        63066.10835                  0        102.2660955        212.6401694
          1        510                  0                  0                  0                  0        63190.02393                  0        102.2660955        212.6401694
          1        511                  0                  0                  0                  0        63313.93951                  0        102.2660955        212.6401694
          1        512                  0                  0                  0                  0        63437.85509                  0        102.2660955        212.6401694
          1        513                  0                  0                  0                  0        63561.77067                  0        102.2660955        212.6401694
          1        514                  0                  0                  0                  0        63685.68624                  0        102.2660955        212.6401694
          1        515                  0                  0                  0                  0        63809.60182                  0        102.2660955        212.6401694
          1        516                  0                  0                  0                  0         63933.5174                  0        102.2660955        212.6401694
          1        517                  0                  0                  0                  0        64057.43298                  0        102.2660955        212.6401694
          1        518                  0                  0                  0                  0        64181.34856                  0        102.2660955        212.6401694
          1        519                  0                  0                  0                  0        64305.26414                  0        102.2660955        212.6401694
          1        520                  0                  0                  0                  0        64429.17972                  0        102.2660955        212.6401694
          1        521                  0                  0                  0                  0         64553.0953                  0        102.2660955        212.6401694
          1        522                  0                  0                  0                  0        64677.01088                  0        102.2660955        212.6401694
          1        523                  0                  0                  0                  0        64800.92645                  0        102.2660955        212.6401694
          1        524                  0                  0                  0                  0        64924.84203                  0        102.2660955        212.6401694
          1        525                  0                  0                  0                  0        65048.75761                  0        102.2660955        212.6401694
          1        526                  0                  0                  0                  0        65172.67319                  0        102.2660955        212.6401694
          1        527                  0                  0                  0                  0        65296.58877                  0        102.2660955        212.6401694
          1        528                  0                  0                  0                  0        65420.50435                  0        102.2660955        212.6401694
          1        529                  0                  0                  0                  0        65544.41993                  0        102.2660955        212.6401694
          1        530                  0                  0                  0                  0        65668.33551                  0        102.2660955        212.6401694
          1        531                  0                  0                  0                  0        65792.25109                  0        102.2660955        212.6401694
          1        532                  0                  0                  0                  0        65916.16667                  0        102.2660955        212.6401694
          1        533                  0                  0                  0                  0        66040.08224                  0        102.2660955        212.6401694
          1        534                  0                  0                  0                  0        66163.99782                  0        102.2660955        212.6401694
          1        535                  0                  0                  0                  0         66287.9134                  0        102.2660955        212.6401694
          1        536                  0                  0                  0                  0        66411.82898                  0        102.2660955        212.6401694
          1        537                  0                  0                  0                  0        66535.74456                  0        102.2660955        212.6401694
          1        538                  0                  0                  0                  0        66659.66014                  0        102.2660955        212.6401694
          1        539                  0                  0                  0                  0        66783.57572                  0        102.2660955        212.6401694
          1        540                  0                  0                  0                  0         66907.4913                  0        102.2660955        212.6401694
          1        541                  0                  0                  0                  0        67031.40688                  0        102.2660955        212.6401694
          1        542                  0                  0                  0                  0        67155.32245                  0        102.2660955        212.6401694
          1        543                  0                  0                  0                  0        67279.23803                  0        102.2660955        212.6401694
          1        544                  0                  0                  0                  0        67403.15361                  0        102.2660955        212.6401694
          1        545                  0                  0                  0                  0        67527.06919                  0        102.2660955        212.6401694
          1        546                  0                  0                  0                  0        67650.98477                  0        102.2660955        212.6401694
          1        547                  0                  0                  0                  0        67774.90035                  0        102.2660955        212.6401694
          1        548                  0                  0                  0                  0        67898.81593                  0        102.2660955        212.6401694
          1        549                  0                  0                  0                  0        68022.73151                  0        102.2660955        212.6401694
          1        550                  0                  0                  0                  0        68146.64709                  0        102.2660955        212.6401694
          1        551                  0                  0                  0                  0        68270.56266                  0        102.2660955        212.6401694
          1        552                  0                  0                  0                  0        68394.47824                  0        102.2660955        212.6401694
          1        553                  0                  0                  0                  0        68518.39382                  0        102.2660955        212.6401694
          1        554                  0                  0                  0                  0         68642.3094                  0        102.2660955        212.6401694
          1        555                  0                  0                  0                  0        68766.22498                  0        102.2660955        212.6401694
          1        556                  0                  0                  0                  0        68890.14056                  0        102.2660955        212.6401694
          1        557                  0                  0                  0                  0        69014.05614                  0        102.2660955        212.6401694
          1        558                  0                  0                  0                  0        69137.97172                  0        102.2660955        212.6401694
          1        559                  0                  0                  0                  0         69261.8873                  0        102.2660955        212.6401694
          1        560                  0                  0                  0                  0        69385.80287                  0        102.2660955        212.6401694
          1        561                  0                  0                  0                  0        69509.71845                  0        102.2660955        212.6401694
          1        562                  0                  0                  0                  0        69633.63403                  0        102.2660955        212.6401694
          1        563                  0                  0                  0                  0        69757.54961                  0        102.2660955        212.6401694
          1        564                  0                  0                  0                  0        69881.46519                  0        102.2660955        212.6401694
          1        565                  0                  0                  0                  0        70005.38077                  0        102.2660955        212.6401694
          1        566                  0                  0                  0                  0        70129.29635                  0        102.2660955        212.6401694
          1        567                  0                  0                  0                  0        70253.21193                  0        102.2660955        212.6401694
          1        568                  0                  0                  0                  0        70377.12751                  0        102.2660955        212.6401694
          1        569                  0                  0                  0                  0        70501.04308                  0        102.2660955        212.6401694
          1        570                  0                  0                  0                  0        70624.95866                  0        102.2660955        212.6401694
          1        571                  0                  0                  0                  0        70748.87424                  0        102.2660955        212.6401694
          1        572                  0                  0                  0                  0        70872.78982                  0        102.2660955        212.6401694
          1        573                  0                  0                  0                  0         70996.7054                  0        102.2660955        212.6401694
          1        574                  0                  0                  0                  0        71120.62098                  0        102.2660955        212.6401694
          1        575                  0                  0                  0                  0        71244.53656                  0        102.2660955        212.6401694
          1        576                  0                  0                  0                  0        71368.45214                  0        102.2660955        212.6401694
          1        577                  0                  0                  0                  0        71492.36772                  0        102.2660955        212.6401694
          1        578                  0                  0                  0                  0        71616.28329                  0        102.2660955        212.6401694
          1        579                  0                  0                  0                  0        71740.19887                  0        102.2660955        212.6401694
          1        580                  0                  0                  0                  0        71864.11445                  0        102.2660955        212.6401694
          1        581                  0                  0                  0                  0        71988.03003                  0        102.2660955        212.6401694
          1        582                  0                  0                  0                  0        72111.94561                  0        102.2660955        212.6401694
          1        583                  0                  0                  0                  0        72235.86119                  0        102.2660955        212.6401694
          1        584                  0                  0                  0                  0        72359.77677                  0        102.2660955        212.6401694
          1        585                  0                  0                  0                  0        72483.69235                  0        102.2660955        212.6401694
          1        586                  0                  0                  0                  0        72607.60793                  0        102.2660955        212.6401694
          1        587                  0                  0                  0                  0         72731.5235                  0        102.2660955        212.6401694
          1        588                  0                  0                  0                  0        72855.43908                  0        102.2660955        212.6401694
          1        589                  0                  0                  0                  0        72979.35466                  0        102.2660955        212.6401694
          1        590                  0                  0                  0                  0        73103.27024                  0        102.2660955        212.6401694
          1        591                  0                  0                  0                  0        73227.18582                  0        102.2660955        212.6401694
          1        592                  0                  0                  0                  0         73351.1014                  0        102.2660955        212.6401694
          1        593                  0                  0                  0                  0        73475.01698                  0        102.2660955        212.6401694
          1        594                  0                  0                  0                  0        73598.93256                  0        102.2660955        212.6401694
          1        595                  0                  0                  0                  0        73722.84814                  0        102.2660955        212.6401694
          1        596                  0                  0                  0                  0        73846.76371                  0        102.2660955        212.6401694
          1        597                  0                  0                  0                  0        73970.67929                  0        102.2660955        212.6401694
          1        598                  0                  0                  0                  0        74094.59487                  0        102.2660955        212.6401694
          1        599                  0                  0                  0                  0        74218.51045                  0        102.2660955        212.6401694
          1        600                  0                  0                  0                  0        74342.42603                  0        102.2660955        212.6401694
          1        601                  0                  0                  0                  0        74466.34161                  0        102.2660955        212.6401694
          1        602                  0                  0                  0                  0        74590.25719                  0        102.2660955        212.6401694
          1        603                  0                  0                  0                  0        74714.17277                  0        102.2660955        212.6401694
          1        604                  0                  0                  0                  0        74838.08835                  0        102.2660955        212.6401694
          1        605                  0                  0                  0                  0        74962.00392                  0        102.2660955        212.6401694
          1        606                  0                  0                  0                  0         75085.9195                  0        102.2660955        212.6401694
          1        607                  0                  0                  0                  0        75209.83508                  0        102.2660955        212.6401694
          1        608                  0                  0                  0                  0        75333.75066                  0        102.2660955        212.6401694
          1        609                  0                  0                  0                  0        75457.66624                  0        102.2660955        212.6401694
          1        610                  0                  0                  0                  0        75581.58182                  0        102.2660955        212.6401694
          1        611                  0                  0                  0                  0         75705.4974                  0        102.2660955        212.6401694
          1        612                  0                  0                  0                  0        75829.41298                  0        102.2660955        212.6401694
          1        613                  0                  0                  0                  0        75953.32856                  0        102.2660955        212.6401694
          1        614                  0                  0                  0                  0        76077.24413                  0        102.2660955        212.6401694
          1        615                  0                  0                  0                  0        76201.15971                  0        102.2660955        212.6401694
          1        616                  0                  0                  0                  0        76325.07529                  0        102.2660955        212.6401694
          1        617                  0                  0                  0                  0        76448.99087                  0        102.2660955        212.6401694
          1        618                  0                  0                  0                  0        76572.90645                  0        102.2660955        212.6401694
          1        619                  0                  0                  0                  0        76696.82203                  0        102.2660955        212.6401694
          1        620                  0                  0                  0                  0        76820.73761                  0        102.2660955        212.6401694
          1        621                  0                  0                  0                  0        76944.65319                  0        102.2660955        212.6401694
          1        622                  0                  0                  0                  0        77068.56877                  0        102.2660955        212.6401694
          1        623                  0                  0                  0                  0        77192.48434                  0        102.2660955        212.6401694
          1        624                  0                  0                  0                  0        77316.39992                  0        102.2660955        212.6401694
          1        625                  0                  0                  0                  0         77440.3155                  0        102.2660955        212.6401694
          1        626                  0                  0                  0                  0        77564.23108                  0        102.2660955        212.6401694
          1        627                  0                  0                  0                  0        77688.14666                  0        102.2660955        212.6401694
          1        628                  0                  0                  0                  0        77812.06224                  0        102.2660955        212.6401694
          1        629                  0                  0                  0                  0        77935.97782                  0        102.2660955        212.6401694
          1        630                  0                  0                  0                  0         78059.8934                  0        102.2660955        212.6401694
          1        631                  0                  0                  0                  0        78183.80898                  0        102.2660955        212.6401694
          1        632                  0                  0                  0                  0        78307.72455                  0        102.2660955        212.6401694
          1        633                  0                  0                  0                  0        78431.64013                  0        102.2660955        212.6401694
          1        634                  0                  0                  0                  0        78555.55571                  0        102.2660955        212.6401694
          1        635                  0                  0                  0                  0        78679.47129                  0        102.2660955        212.6401694
          1        636                  0                  0                  0                  0        78803.38687                  0        102.2660955        212.6401694
          1        637                  0                  0                  0                  0        78927.30245                  0        102.2660955        212.6401694
          1        638                  0                  0                  0                  0        79051.21803                  0        102.2660955        212.6401694
          1        639                  0                  0                  0                  0        79175.13361                  0        102.2660955        212.6401694
          1        640                  0                  0                  0                  0        79299.04919                  0        102.2660955        212.6401694
          1        641                  0                  0                  0                  0        79422.96476                  0        102.2660955        212.6401694
          1        642                  0                  0                  0                  0        79546.88034                  0        102.2660955        212.6401694
          1        643                  0                  0                  0                  0        79670.79592                  0        102.2660955        212.6401694
          1        644                  0                  0                  0                  0         79794.7115                  0        102.2660955        212.6401694
          1        645                  0                  0                  0                  0        79918.62708                  0        102.2660955        212.6401694
          1        646                  0                  0                  0                  0        80042.54266                  0        102.2660955        212.6401694
          1        647                  0                  0                  0                  0        80166.45824                  0        102.2660955        212.6401694
          1        648                  0                  0                  0                  0        80290.37382                  0        102.2660955        212.6401694
          1        649                  0                  0                  0                  0         80414.2894                  0        102.2660955        212.6401694
          1        650                  0                  0                  0                  0        80538.20498                  0        102.2660955        212.6401694
          1        651                  0                  0                  0                  0        80662.12055                  0        102.2660955        212.6401694
          1        652                  0                  0                  0                  0        80786.03613                  0        102.2660955        212.6401694
          1        653                  0                  0                  0                  0        80909.95171                  0        102.2660955        212.6401694
          1        654                  0                  0                  0                  0        81033.86729                  0        102.2660955        212.6401694
          1        655                  0                  0                  0                  0        81157.78287                  0        102.2660955        212.6401694
          1        656                  0                  0                  0                  0        81281.69845                  0        102.2660955        212.6401694
          1        657                  0                  0                  0                  0        81405.61403                  0        102.2660955        212.6401694
          1        658                  0                  0                  0                  0        81529.52961                  0        102.2660955        212.6401694
          1        659                  0                  0                  0                  0        81653.44519                  0        102.2660955        212.6401694
          1        660                  0                  0                  0                  0        81777.36076                  0        102.2660955        212.6401694
          1        661                  0                  0                  0                  0        81901.27634                  0        102.2660955        212.6401694
          1        662                  0                  0                  0                  0        82025.19192                  0        102.2660955        212.6401694
          1        663                  0                  0                  0                  0         82149.1075                  0        102.2660955        212.6401694
          1        664                  0                  0                  0                  0        82273.02308                  0        102.2660955        212.6401694
          1        665                  0                  0                  0                  0        82396.93866                  0        102.2660955        212.6401694
          1        666                  0                  0                  0                  0        82520.85424                  0        102.2660955        212.6401694
          1        667                  0                  0                  0                  0        82644.76982                  0        102.2660955        212.6401694
          1        668                  0                  0                  0                  0         82768.6854                  0        102.2660955        212.6401694
          1        669                  0                  0                  0                  0        82892.60097                  0        102.2660955        212.6401694
          1        670                  0                  0                  0                  0        83016.51655                  0        102.2660955        212.6401694
          1        671                  0                  0                  0                  0        83140.43213                  0        102.2660955        212.6401694
          1        672                  0                  0                  0                  0        83264.34771                  0        102.2660955        212.6401694
          1        673                  0                  0                  0                  0        83388.26329                  0        102.2660955        212.6401694
          1        674                  0                  0                  0                  0        83512.17887                  0        102.2660955        212.6401694
          1        675                  0                  0                  0                  0        83636.09445                  0        102.2660955        212.6401694
          1        676                  0                  0                  0                  0        83760.01003                  0        102.2660955        212.6401694
          1        677                  0                  0                  0                  0        83883.92561                  0        102.2660955        212.6401694
          1        678                  0                  0                  0                  0        84007.84118                  0        102.2660955        212.6401694
          1        679                  0                  0                  0                  0        84131.75676                  0        102.2660955        212.6401694
          1        680                  0                  0                  0                  0        84255.67234                  0        102.2660955        212.6401694
          1        681                  0                  0                  0                  0        84379.58792                  0        102.2660955        212.6401694
          1        682                  0                  0                  0                  0         84503.5035                  0        102.2660955        212.6401694
          1        683                  0                  0                  0                  0        84627.41908                  0        102.2660955        212.6401694
          1        684                  0                  0                  0                  0        84751.33466                  0        102.2660955        212.6401694
          1        685                  0                  0                  0                  0        84875.25024                  0        102.2660955        212.6401694
          1        686                  0                  0                  0                  0        84999.16582                  0        102.2660955        212.6401694
          1        687                  0                  0                  0                  0        85123.08139                  0        102.2660955        212.6401694
          1        688                  0                  0                  0                  0        85246.99697                  0        102.2660955        212.6401694
          1        689                  0                  0                  0                  0        85370.91255                  0        102.2660955        212.6401694
          1        690                  0                  0                  0                  0        85494.82813                  0        102.2660955        212.6401694
          1        691                  0                  0                  0                  0        85618.74371                  0        102.2660955        212.6401694
          1        692                  0                  0                  0                  0        85742.65929                  0        102.2660955        212.6401694
          1        693                  0                  0                  0                  0        85866.57487                  0        102.2660955        212.6401694
          1        694                  0                  0                  0                  0        85990.49045                  0        102.2660955        212.6401694
          1        695                  0                  0                  0                  0        86114.40603                  0        102.2660955        212.6401694
          1        696                  0                  0                  0                  0         86238.3216                  0        102.2660955        212.6401694
          1        697                  0                  0                  0                  0        86362.23718                  0        102.2660955        212.6401694
          1        698                  0                  0                  0                  0        86486.15276                  0        102.2660955        212.6401694
          1        699                  0                  0                  0                  0        86610.06834                  0        102.2660955        212.6401694
          1        700                  0                  0                  0                  0        86733.98392                  0        102.2660955        212.6401694
          1        701                  0                  0                  0                  0         86857.8995                  0        102.2660955        212.6401694
          1        702                  0                  0                  0                  0        86981.81508                  0        102.2660955        212.6401694
          1        703                  0                  0                  0                  0        87105.73066                  0        102.2660955        212.6401694
          1        704                  0                  0                  0                  0        87229.64624                  0        102.2660955        212.6401694
          1        705                  0                  0                  0                  0        87353.56181                  0        102.2660955        212.6401694
          1        706                  0                  0                  0                  0        87477.47739                  0        102.2660955        212.6401694
          1        707                  0                  0                  0                  0        87601.39297                  0        102.2660955        212.6401694
          1        708                  0                  0                  0                  0        87725.30855                  0        102.2660955        212.6401694
          1        709                  0                  0                  0                  0        87849.22413                  0        102.2660955        212.6401694
          1        710                  0                  0                  0                  0        87973.13971                  0        102.2660955        212.6401694
          1        711                  0                  0                  0                  0        88097.05529                  0        102.2660955        212.6401694
          1        712                  0                  0                  0                  0        88220.97087                  0        102.2660955        212.6401694
          1        713                  0                  0                  0                  0        88344.88645                  0        102.2660955        212.6401694
          1        714                  0                  0                  0                  0        88468.80202                  0        102.2660955        212.6401694
          1        715                  0                  0                  0                  0         88592.7176                  0        102.2660955        212.6401694
          1        716                  0                  0                  0                  0        88716.63318                  0        102.2660955        212.6401694
          1        717                  0                  0                  0                  0        88840.54876                  0        102.2660955        212.6401694
          1        718                  0                  0                  0                  0        88964.46434                  0        102.2660955        212.6401694
          1        719                  0                  0                  0                  0        89088.37992                  0        102.2660955        212.6401694
          1        720                  0                  0                  0                  0         89212.2955                  0        102.2660955        212.6401694
          1        721                  0                  0                  0                  0        89336.21108                  0        102.2660955        212.6401694
          1        722                  0                  0                  0                  0        89460.12666                  0        102.2660955        212.6401694
          1        723                  0                  0                  0                  0        89584.04223                  0        102.2660955        212.6401694
          1        724                  0                  0                  0                  0        89707.95781                  0        102.2660955        212.6401694
          1        725                  0                  0                  0                  0        89831.87339                  0        102.2660955        212.6401694
          1        726                  0                  0                  0                  0        89955.78897                  0        102.2660955        212.6401694
          1        727                  0                  0                  0                  0        90079.70455                  0        102.2660955        212.6401694
          1        728                  0                  0                  0                  0        90203.62013                  0        102.2660955        212.6401694
          1        729                  0                  0                  0                  0        90327.53571                  0        102.2660955        212.6401694
          1        730                  0                  0                  0                  0        90451.45129                  0        102.2660955        212.6401694
          1        731                  0                  0                  0                  0        90575.36687                  0        102.2660955        212.6401694
          1        732                  0                  0                  0                  0        90699.28244                  0        102.2660955        212.6401694
          1        733                  0                  0                  0                  0        90823.19802                  0        102.2660955        212.6401694
          1        734                  0                  0                  0                  0         90947.1136                  0        102.2660955        212.6401694
          1        735                  0                  0                  0                  0        91071.02918                  0        102.2660955        212.6401694
          1        736                  0                  0                  0                  0        91194.94476                  0        102.2660955        212.6401694
          1        737                  0                  0                  0                  0        91318.86034                  0        102.2660955        212.6401694
          1        738                  0                  0                  0                  0        91442.77592                  0        102.2660955        212.6401694
          1        739                  0                  0                  0                  0         91566.6915                  0        102.2660955        212.6401694
          1        740                  0                  0                  0                  0        91690.60708                  0        102.2660955        212.6401694
          1        741                  0                  0                  0                  0        91814.52265                  0        102.2660955        212.6401694
          1        742                  0                  0                  0                  0        91938.43823                  0        102.2660955        212.6401694
          1        743                  0                  0                  0                  0        92062.35381                  0        102.2660955        212.6401694
          1        744                  0                  0                  0                  0        92186.26939                  0        102.2660955        212.6401694
          1        745                  0                  0                  0                  0        92310.18497                  0        102.2660955        212.6401694
          1        746                  0                  0                  0                  0        92434.10055                  0        102.2660955        212.6401694
          1        747                  0                  0                  0                  0        92558.01613                  0        102.2660955        212.6401694
          1        748                  0                  0                  0                  0        92681.93171                  0        102.2660955        212.6401694
          1        749                  0                  0                  0                  0        92805.84729                  0        102.2660955        212.6401694
          1        750                  0                  0                  0                  0        92929.76286                  0        102.2660955        212.6401694
          1        751                  0                  0                  0                  0        93053.67844                  0        102.2660955        212.6401694
          1        752                  0                  0                  0                  0        93177.59402                  0        102.2660955        212.6401694
          1        753                  0                  0                  0                  0         93301.5096                  0        102.2660955        212.6401694
          1        754                  0                  0                  0                  0        93425.42518                  0        102.2660955        212.6401694
          1        755                  0                  0                  0                  0        93549.34076                  0        102.2660955        212.6401694
          1        756                  0                  0                  0                  0        93673.25634                  0        102.2660955        212.6401694
          1        757                  0                  0                  0                  0        93797.17192                  0        102.2660955        212.6401694
          1        758                  0                  0                  0                  0         93921.0875                  0        102.2660955        212.6401694
          1        759                  0                  0                  0                  0        94045.00307                  0        102.2660955        212.6401694
          1        760                  0                  0                  0                  0        94168.91865                  0        102.2660955        212.6401694
          1        761                  0                  0                  0                  0        94292.83423                  0        102.2660955        212.6401694
          1        762                  0                  0                  0                  0        94416.74981                  0        102.2660955        212.6401694
          1        763                  0                  0                  0                  0        94540.66539                  0        102.2660955        212.6401694
          1        764                  0                  0                  0                  0        94664.58097                  0        102.2660955        212.6401694
          1        765                  0                  0                  0                  0        94788.49655                  0        102.2660955        212.6401694
          1        766                  0                  0                  0                  0        94912.41213                  0        102.2660955        212.6401694
          1        767                  0                  0                  0                  0        95036.32771                  0        102.2660955        212.6401694
          1        768                  0                  0                  0                  0        95160.24328                  0        102.2660955        212.6401694
          1        769                  0                  0                  0                  0        95284.15886                  0        102.2660955        212.6401694
          1        770                  0                  0                  0                  0        95408.07444                  0        102.2660955        212.6401694
          1        771                  0                  0                  0                  0        95531.99002                  0        102.2660955        212.6401694
          1        772                  0                  0                  0                  0         95655.9056                  0        102.2660955        212.6401694
          1        773                  0                  0                  0                  0        95779.82118                  0        102.2660955        212.6401694
          1        774                  0                  0                  0                  0        95903.73676                  0        102.2660955        212.6401694
          1        775                  0                  0                  0                  0        96027.65234                  0        102.2660955        212.6401694
          1        776                  0                  0                  0                  0        96151.56792                  0        102.2660955        212.6401694
          1        777                  0                  0                  0                  0         96275.4835                  0        102.2660955        212.6401694
          1        778                  0                  0                  0                  0        96399.39907                  0        102.2660955        212.6401694
          1        779                  0                  0                  0                  0        96523.31465                  0        102.2660955        212.6401694
          1        780                  0                  0                  0                  0        96647.23023                  0        102.2660955        212.6401694
          1        781                  0                  0                  0                  0        96771.14581                  0        102.2660955        212.6401694
          1        782                  0                  0                  0                  0        96895.06139                  0        102.2660955        212.6401694
          1        783                  0                  0                  0                  0        97018.97697                  0        102.2660955        212.6401694
          1        784                  0                  0                  0                  0        97142.89255                  0        102.2660955        212.6401694
          1        785                  0                  0                  0                  0        97266.80813                  0        102.2660955        212.6401694
          1        786                  0                  0                  0                  0        97390.72371                  0        102.2660955        212.6401694
          1        787                  0                  0                  0                  0        97514.63928                  0        102.2660955        212.6401694
          1        788                  0                  0                  0                  0        97638.55486                  0        102.2660955        212.6401694
          1        789                  0                  0                  0                  0        97762.47044                  0        102.2660955        212.6401694
          1        790                  0                  0                  0                  0        97886.38602                  0        102.2660955        212.6401694
          1        791                  0                  0                  0                  0         98010.3016                  0        102.2660955        212.6401694
          1        792                  0                  0                  0                  0        98134.21718                  0        102.2660955        212.6401694
          1        793                  0                  0                  0                  0        98258.13276                  0        102.2660955        212.6401694
          1        794                  0                  0                  0                  0        98382.04834                  0        102.2660955        212.6401694
          1        795                  0                  0                  0                  0        98505.96392                  0        102.2660955        212.6401694
          1        796                  0                  0                  0                  0        98629.87949                  0        102.2660955        212.6401694
          1        797                  0                  0                  0                  0        98753.79507                  0        102.2660955        212.6401694
          1        798                  0                  0                  0                  0        98877.71065                  0        102.2660955        212.6401694
          1        799                  0                  0                  0                  0        99001.62623                  0        102.2660955        212.6401694
          1        800                  0                  0                  0                  0        99125.54181                  0        102.2660955        212.6401694
          1        801                  0                  0                  0                  0        99249.45739                  0        102.2660955        212.6401694
          1        802                  0                  0                  0                  0        99373.37297                  0        102.2660955        212.6401694
          1        803                  0                  0                  0                  0        99497.28855                  0        102.2660955        212.6401694
          1        804                  0                  0                  0                  0        99621.20413                  0        102.2660955        212.6401694
          1        805                  0                  0                  0                  0         99745.1197                  0        102.2660955        212.6401694
          1        806                  0                  0                  0                  0        99869.03528                  0        102.2660955        212.6401694
          1        807                  0                  0                  0                  0        99992.95086                  0        102.2660955        212.6401694
          1        808                  0                  0                  0                  0        100116.8664                  0        102.2660955        212.6401694
          1        809                  0                  0                  0                  0         100240.782                  0        102.2660955        212.6401694
          1        810                  0                  0                  0                  0        100364.6976                  0        102.2660955        212.6401694
          1        811                  0                  0                  0                  0        100488.6132                  0        102.2660955        212.6401694
          1        812                  0                  0                  0                  0        100612.5288                  0        102.2660955        212.6401694
          1        813                  0                  0                  0                  0        100736.4443                  0        102.2660955        212.6401694
          1        814                  0                  0                  0                  0        100860.3599                  0        102.2660955        212.6401694
          1        815                  0                  0                  0                  0        100984.2755                  0        102.2660955        212.6401694
          1        816                  0                  0                  0                  0        101108.1911                  0        102.2660955        212.6401694
          1        817                  0                  0                  0                  0        101232.1067                  0        102.2660955        212.6401694
          1        818                  0                  0                  0                  0        101356.0222                  0        102.2660955        212.6401694
          1        819                  0                  0                  0                  0        101479.9378                  0        102.2660955        212.6401694
          1        820                  0                  0                  0                  0        101603.8534                  0        102.2660955        212.6401694
          1        821                  0                  0                  0                  0         101727.769                  0        102.2660955        212.6401694
          1        822                  0                  0                  0                  0        101851.6845                  0        102.2660955        212.6401694
          1        823                  0                  0                  0                  0        101975.6001                  0        102.2660955        212.6401694
          1        824                  0                  0                  0                  0        102099.5157                  0        102.2660955        212.6401694
          1        825                  0                  0                  0                  0        102223.4313                  0        102.2660955        212.6401694
          1        826                  0                  0                  0                  0        102347.3469                  0        102.2660955        212.6401694
          1        827                  0                  0                  0                  0        102471.2624                  0        102.2660955        212.6401694
          1        828                  0                  0                  0                  0         102595.178                  0        102.2660955        212.6401694
          1        829                  0                  0                  0                  0        102719.0936                  0        102.2660955        212.6401694
          1        830                  0                  0                  0                  0        102843.0092                  0        102.2660955        212.6401694
          1        831                  0                  0                  0                  0        102966.9248                  0        102.2660955        212.6401694
          1        832                  0                  0                  0                  0        103090.8403                  0        102.2660955        212.6401694
          1        833                  0                  0                  0                  0        103214.7559                  0        102.2660955        212.6401694
          1        834                  0                  0                  0                  0        103338.6715                  0        102.2660955        212.6401694
          1        835                  0                  0                  0                  0        103462.5871                  0        102.2660955        212.6401694
          1        836                  0                  0                  0                  0        103586.5027                  0        102.2660955        212.6401694
          1        837                  0                  0                  0                  0        103710.4182                  0        102.2660955        212.6401694
          1        838                  0                  0                  0                  0        103834.3338                  0        102.2660955        212.6401694
          1        839                  0                  0                  0                  0        103958.2494                  0        102.2660955        212.6401694
          1        840                  0                  0                  0                  0         104082.165                  0        102.2660955        212.6401694
          1        841                  0                  0                  0                  0        104206.0805                  0        102.2660955        212.6401694
          1        842                  0                  0                  0                  0        104329.9961                  0        102.2660955        212.6401694
          1        843                  0                  0                  0                  0        104453.9117                  0        102.2660955        212.6401694
          1        844                  0                  0                  0                  0        104577.8273                  0        102.2660955        212.6401694
          1        845                  0                  0                  0                  0        104701.7429                  0        102.2660955        212.6401694
          1        846                  0                  0                  0                  0        104825.6584                  0        102.2660955        212.6401694
          1        847                  0                  0                  0                  0         104949.574                  0        102.2660955        212.6401694
          1        848                  0                  0                  0                  0        105073.4896                  0        102.2660955        212.6401694
          1        849                  0                  0                  0                  0        105197.4052                  0        102.2660955        212.6401694
          1        850                  0                  0                  0                  0        105321.3208                  0        102.2660955        212.6401694
          1        851                  0                  0                  0                  0        105445.2363                  0        102.2660955        212.6401694
          1        852                  0                  0                  0                  0        105569.1519                  0        102.2660955        212.6401694
          1        853                  0                  0                  0                  0        105693.0675                  0        102.2660955        212.6401694
          1        854                  0                  0                  0                  0        105816.9831                  0        102.2660955        212.6401694
          1        855                  0                  0                  0                  0        105940.8986                  0        102.2660955        212.6401694
          1        856                  0                  0                  0                  0        106064.8142                  0        102.2660955        212.6401694
          1        857                  0                  0                  0                  0        106188.7298                  0        102.2660955        212.6401694
          1        858                  0                  0                  0                  0        106312.6454                  0        102.2660955        212.6401694
          1        859                  0                  0                  0                  0         106436.561                  0        102.2660955        212.6401694
          1        860                  0                  0                  0                  0        106560.4765                  0        102.2660955        212.6401694
          1        861                  0                  0                  0                  0        106684.3921                  0        102.2660955        212.6401694
          1        862                  0                  0                  0                  0        106808.3077                  0        102.2660955        212.6401694
          1        863                  0                  0                  0                  0        106932.2233                  0        102.2660955        212.6401694
          1        864                  0                  0                  0                  0        107056.1389                  0        102.2660955        212.6401694
          1        865                  0                  0                  0                  0        107180.0544                  0        102.2660955        212.6401694
          1        866                  0                  0                  0                  0          107303.97                  0        102.2660955        212.6401694
          1        867                  0                  0                  0                  0        107427.8856                  0        102.2660955        212.6401694
          1        868                  0                  0                  0                  0        107551.8012                  0        102.2660955        212.6401694
          1        869                  0                  0                  0                  0        107675.7168                  0        102.2660955        212.6401694
          1        870                  0                  0                  0                  0        107799.6323                  0        102.2660955        212.6401694
          1        871                  0                  0                  0                  0        107923.5479                  0        102.2660955        212.6401694
          1        872                  0                  0                  0                  0        108047.4635                  0        102.2660955        212.6401694
          1        873                  0                  0                  0                  0        108171.3791                  0        102.2660955        212.6401694
          1        874                  0                  0                  0                  0        108295.2946                  0        102.2660955        212.6401694
          1        875                  0                  0                  0                  0        108419.2102                  0        102.2660955        212.6401694
          1        876                  0                  0                  0                  0        108543.1258                  0        102.2660955        212.6401694
          1        877                  0                  0                  0                  0        108667.0414                  0        102.2660955        212.6401694
          1        878                  0                  0                  0                  0         108790.957                  0        102.2660955        212.6401694
          1        879                  0                  0                  0                  0        108914.8725                  0        102.2660955        212.6401694
          1        880                  0                  0                  0                  0        109038.7881                  0        102.2660955        212.6401694
          1        881                  0                  0                  0                  0        109162.7037                  0        102.2660955        212.6401694
          1        882                  0                  0                  0                  0        109286.6193                  0        102.2660955        212.6401694
          1        883                  0                  0                  0                  0        109410.5349                  0        102.2660955        212.6401694
          1        884                  0                  0                  0                  0        109534.4504                  0        102.2660955        212.6401694
          1        885                  0                  0                  0                  0         109658.366                  0        102.2660955        212.6401694
          1        886                  0                  0                  0                  0        109782.2816                  0        102.2660955        212.6401694
          1        887                  0                  0                  0                  0        109906.1972                  0        102.2660955        212.6401694
          1        888                  0                  0                  0                  0        110030.1128                  0        102.2660955        212.6401694
          1        889                  0                  0                  0                  0        110154.0283                  0        102.2660955        212.6401694
          1        890                  0                  0                  0                  0        110277.9439                  0        102.2660955        212.6401694
          1        891                  0                  0                  0                  0        110401.8595                  0        102.2660955        212.6401694
          1        892                  0                  0                  0                  0        110525.7751                  0        102.2660955        212.6401694
          1        893                  0                  0                  0                  0        110649.6906                  0        102.2660955        212.6401694
          1        894                  0                  0                  0                  0        110773.6062                  0        102.2660955        212.6401694
          1        895                  0                  0                  0                  0        110897.5218                  0        102.2660955        212.6401694
          1        896                  0                  0                  0                  0        111021.4374                  0        102.2660955        212.6401694
          1        897                  0                  0                  0                  0         111145.353                  0        102.2660955        212.6401694
          1        898                  0                  0                  0                  0        111269.2685                  0        102.2660955        212.6401694
          1        899                  0                  0                  0                  0        111393.1841                  0        102.2660955        212.6401694
          1        900                  0                  0                  0                  0        111517.0997                  0        102.2660955        212.6401694
          1        901                  0                  0                  0                  0        111641.0153                  0        102.2660955        212.6401694
          1        902                  0                  0                  0                  0        111764.9309                  0        102.2660955        212.6401694
          1        903                  0                  0                  0                  0        111888.8464                  0        102.2660955        212.6401694
          1        904                  0                  0                  0                  0         112012.762                  0        102.2660955        212.6401694
          1        905                  0                  0                  0                  0        112136.6776                  0        102.2660955        212.6401694
          1        906                  0                  0                  0                  0        112260.5932                  0        102.2660955        212.6401694
          1        907                  0                  0                  0                  0        112384.5088                  0        102.2660955        212.6401694
          1        908                  0                  0                  0                  0        112508.4243                  0        102.2660955        212.6401694
          1        909                  0                  0                  0                  0        112632.3399                  0        102.2660955        212.6401694
          1        910                  0                  0                  0                  0        112756.2555                  0        102.2660955        212.6401694
          1        911                  0                  0                  0                  0        112880.1711                  0        102.2660955        212.6401694
          1        912                  0                  0                  0                  0        113004.0866                  0        102.2660955        212.6401694
          1        913                  0                  0                  0                  0        113128.0022                  0        102.2660955        212.6401694
          1        914                  0                  0                  0                  0        113251.9178                  0        102.2660955        212.6401694
          1        915                  0                  0                  0                  0        113375.8334                  0        102.2660955        212.6401694
          1        916                  0                  0                  0                  0         113499.749                  0        102.2660955        212.6401694
          1        917                  0                  0                  0                  0        113623.6645                  0        102.2660955        212.6401694
          1        918                  0                  0                  0                  0        113747.5801                  0        102.2660955        212.6401694
          1        919                  0                  0                  0                  0        113871.4957                  0        102.2660955        212.6401694
          1        920                  0                  0                  0                  0        113995.4113                  0        102.2660955        212.6401694
          1        921                  0                  0                  0                  0        114119.3269                  0        102.2660955        212.6401694
          1        922                  0                  0                  0                  0        114243.2424                  0        102.2660955        212.6401694
          1        923                  0                  0                  0                  0         114367.158                  0        102.2660955        212.6401694
          1        924                  0                  0                  0                  0        114491.0736                  0        102.2660955        212.6401694
          1        925                  0                  0                  0                  0        114614.9892                  0        102.2660955        212.6401694
          1        926                  0                  0                  0                  0        114738.9048                  0        102.2660955        212.6401694
          1        927                  0                  0                  0                  0        114862.8203                  0        102.2660955        212.6401694
          1        928                  0                  0                  0                  0        114986.7359                  0        102.2660955        212.6401694
          1        929                  0                  0                  0                  0        115110.6515                  0        102.2660955        212.6401694
          1        930                  0                  0                  0                  0        115234.5671                  0        102.2660955        212.6401694
          1        931                  0                  0                  0                  0        115358.4826                  0        102.2660955        212.6401694
          1        932                  0                  0                  0                  0        115482.3982                  0        102.2660955        212.6401694
          1        933                  0                  0                  0                  0        115606.3138                  0        102.2660955        212.6401694
          1        934                  0                  0                  0                  0        115730.2294                  0        102.2660955        212.6401694
          1        935                  0                  0                  0                  0         115854.145                  0        102.2660955        212.6401694
          1        936                  0                  0                  0                  0        115978.0605                  0        102.2660955        212.6401694
          1        937                  0                  0                  0                  0        116101.9761                  0        102.2660955        212.6401694
          1        938                  0                  0                  0                  0        116225.8917                  0        102.2660955        212.6401694
          1        939                  0                  0                  0                  0        116349.8073                  0        102.2660955        212.6401694
          1        940                  0                  0                  0                  0        116473.7229                  0        102.2660955        212.6401694
          1        941                  0                  0                  0                  0        116597.6384                  0        102.2660955        212.6401694
          1        942                  0                  0                  0                  0         116721.554                  0        102.2660955        212.6401694
          1        943                  0                  0                  0                  0        116845.4696                  0        102.2660955        212.6401694
          1        944                  0                  0                  0                  0        116969.3852                  0        102.2660955        212.6401694
          1        945                  0                  0                  0                  0        117093.3007                  0        102.2660955        212.6401694
          1        946                  0                  0                  0                  0        117217.2163                  0        102.2660955        212.6401694
          1        947                  0                  0                  0                  0        117341.1319                  0        102.2660955        212.6401694
          1        948                  0                  0                  0                  0        117465.0475                  0        102.2660955        212.6401694
          1        949                  0                  0                  0                  0        117588.9631                  0        102.2660955        212.6401694
          1        950                  0                  0                  0                  0        117712.8786                  0        102.2660955        212.6401694
          1        951                  0                  0                  0                  0        117836.7942                  0        102.2660955        212.6401694
          1        952                  0                  0                  0                  0        117960.7098                  0        102.2660955        212.6401694
          1        953                  0                  0                  0                  0        118084.6254                  0        102.2660955        212.6401694
          1        954                  0                  0                  0                  0         118208.541                  0        102.2660955        212.6401694
          1        955                  0                  0                  0                  0        118332.4565                  0        102.2660955        212.6401694
          1        956                  0                  0                  0                  0        118456.3721                  0        102.2660955        212.6401694
          1        957                  0                  0                  0                  0        118580.2877                  0        102.2660955        212.6401694
          1        958                  0                  0                  0                  0        118704.2033                  0        102.2660955        212.6401694
          1        959                  0                  0                  0                  0        118828.1189                  0        102.2660955        212.6401694
          1        960                  0                  0                  0                  0        118952.0344                  0        102.2660955        212.6401694
          1        961                  0                  0                  0                  0          119075.95                  0        102.2660955        212.6401694
          1        962                  0                  0                  0                  0        119199.8656                  0        102.2660955        212.6401694
          1        963                  0                  0                  0                  0        119323.7812                  0        102.2660955        212.6401694
          1        964                  0                  0                  0                  0        119447.6967                  0        102.2660955        212.6401694
          1        965                  0                  0                  0                  0        119571.6123                  0        102.2660955        212.6401694
          1        966                  0                  0                  0                  0        119695.5279                  0        102.2660955        212.6401694
          1        967                  0                  0                  0                  0        119819.4435                  0        102.2660955        212.6401694
          1        968                  0                  0                  0                  0        119943.3591                  0        102.2660955        212.6401694
          1        969                  0                  0                  0                  0        120067.2746                  0        102.2660955        212.6401694
          1        970                  0                  0                  0                  0        120191.1902                  0        102.2660955        212.6401694
          1        971                  0                  0                  0                  0        120315.1058                  0        102.2660955        212.6401694
          1        972                  0                  0                  0                  0        120439.0214                  0        102.2660955        212.6401694
          1        973                  0                  0                  0                  0         120562.937                  0        102.2660955        212.6401694
          1        974                  0                  0                  0                  0        120686.8525                  0        102.2660955        212.6401694
          1        975                  0                  0                  0                  0        120810.7681                  0        102.2660955        212.6401694
          1        976                  0                  0                  0                  0        120934.6837                  0        102.2660955        212.6401694
          1        977                  0                  0                  0                  0        121058.5993                  0        102.2660955        212.6401694
          1        978                  0                  0                  0                  0        121182.5149                  0        102.2660955        212.6401694
          1        979                  0                  0                  0                  0        121306.4304                  0        102.2660955        212.6401694
          1        980                  0                  0                  0                  0         121430.346                  0        102.2660955        212.6401694
          1        981                  0                  0                  0                  0        121554.2616                  0        102.2660955        212.6401694
          1        982                  0                  0                  0                  0        121678.1772                  0        102.2660955        212.6401694
          1        983                  0                  0                  0                  0        121802.0927                  0        102.2660955        212.6401694
          1        984                  0                  0                  0                  0        121926.0083                  0        102.2660955        212.6401694
          1        985                  0                  0                  0                  0        122049.9239                  0        102.2660955        212.6401694
          1        986                  0                  0                  0                  0        122173.8395                  0        102.2660955        212.6401694
          1        987                  0                  0                  0                  0        122297.7551                  0        102.2660955        212.6401694
          1        988                  0                  0                  0                  0        122421.6706                  0        102.2660955        212.6401694
          1        989                  0                  0                  0                  0        122545.5862                  0        102.2660955        212.6401694
          1        990                  0                  0                  0                  0        122669.5018                  0        102.2660955        212.6401694
          1        991                  0                  0                  0                  0        122793.4174                  0        102.2660955        212.6401694
          1        992                  0                  0                  0                  0         122917.333                  0        102.2660955        212.6401694
          1        993                  0                  0                  0                  0        123041.2485                  0        102.2660955        212.6401694
          1        994                  0                  0                  0                  0        123165.1641                  0        102.2660955        212.6401694
          1        995                  0                  0                  0                  0        123289.0797                  0        102.2660955        212.6401694
          1        996                  0                  0                  0                  0        123412.9953                  0        102.2660955        212.6401694
          1        997                  0                  0                  0                  0        123536.9109                  0        102.2660955        212.6401694
          1        998                  0                  0                  0                  0        123660.8264                  0        102.2660955        212.6401694
          1        999                  0                  0                  0                  0         123784.742                  0        102.2660955        212.6401694
          1       1000                  0                  0                  0                  0        123908.6576                  0        102.2660955        212.6401694
          1       1001                  0                  0                  0                  0        124032.5732                  0        102.2660955        212.6401694
          1       1002                  0                  0                  0                  0        124156.4887                  0        102.2660955        212.6401694
          1       1003                  0                  0                  0                  0        124280.4043                  0        102.2660955        212.6401694
          1       1004                  0                  0                  0                  0        124404.3199                  0        102.2660955        212.6401694
          1       1005                  0                  0                  0                  0        124528.2355                  0        102.2660955        212.6401694
          1       1006                  0                  0                  0                  0        124652.1511                  0        102.2660955        212.6401694
          1       1007                  0                  0                  0                  0        124776.0666                  0        102.2660955        212.6401694
          1       1008                  0                  0                  0                  0        124899.9822                  0        102.2660955        212.6401694
          1       1009                  0                  0                  0                  0        125023.8978                  0        102.2660955        212.6401694
          1       1010                  0                  0                  0                  0        125147.8134                  0        102.2660955        212.6401694
          1       1011                  0                  0                  0                  0         125271.729                  0        102.2660955        212.6401694
          1       1012                  0                  0                  0                  0        125395.6445                  0        102.2660955        212.6401694
          1       1013                  0                  0                  0                  0        125519.5601                  0        102.2660955        212.6401694
          1       1014                  0                  0                  0                  0        125643.4757                  0        102.2660955        212.6401694
          1       1015                  0                  0                  0                  0        125767.3913                  0        102.2660955        212.6401694
          1       1016                  0                  0                  0                  0        125891.3069                  0        102.2660955        212.6401694
          1       1017                  0                  0                  0                  0        126015.2224                  0        102.2660955        212.6401694
          1       1018                  0                  0                  0                  0         126139.138                  0        102.2660955        212.6401694
          1       1019                  0                  0                  0                  0        126263.0536                  0        102.2660955        212.6401694
          1       1020                  0                  0                  0                  0        126386.9692                  0        102.2660955        212.6401694
          1       1021                  0                  0                  0                  0        126510.8847                  0        102.2660955        212.6401694
          1       1022                  0                  0                  0                  0        126634.8003                  0        102.2660955        212.6401694
          1       1023                  0                  0                  0                  0        126758.7159                  0        102.2660955        212.6401694
          1       1024                  0                  0                  0                  0        126882.6315                  0        102.2660955        212.6401694
          1       1025                  0                  0                  0                  0        127006.5471                  0        102.2660955        212.6401694
          1       1026                  0                  0                  0                  0        127130.4626                  0        102.2660955        212.6401694
          1       1027                  0                  0                  0                  0        127254.3782                  0        102.2660955        212.6401694
          1       1028                  0                  0                  0                  0        127378.2938                  0        102.2660955        212.6401694
          1       1029                  0                  0                  0                  0        127502.2094                  0        102.2660955        212.6401694
          1       1030                  0                  0                  0                  0         127626.125                  0        102.2660955        212.6401694
          1       1031                  0                  0                  0                  0        127750.0405                  0        102.2660955        212.6401694
          1       1032                  0                  0                  0                  0        127873.9561                  0        102.2660955        212.6401694
          1       1033                  0                  0                  0                  0        127997.8717                  0        102.2660955        212.6401694
          1       1034                  0                  0                  0                  0        128121.7873                  0        102.2660955        212.6401694
          1       1035                  0                  0                  0                  0        128245.7029                  0        102.2660955        212.6401694
          1       1036                  0                  0                  0                  0        128369.6184                  0        102.2660955        212.6401694
          1       1037                  0                  0                  0                  0         128493.534                  0        102.2660955        212.6401694
          1       1038                  0                  0                  0                  0        128617.4496                  0        102.2660955        212.6401694
          1       1039                  0                  0                  0                  0        128741.3652                  0        102.2660955        212.6401694
          1       1040                  0                  0                  0                  0        128865.2807                  0        102.2660955        212.6401694
          1       1041                  0                  0                  0                  0        128989.1963                  0        102.2660955        212.6401694
          1       1042                  0                  0                  0                  0        129113.1119                  0        102.2660955        212.6401694
          1       1043                  0                  0                  0                  0        129237.0275                  0        102.2660955        212.6401694
          1       1044                  0                  0                  0                  0        129360.9431                  0        102.2660955        212.6401694
          1       1045                  0                  0                  0                  0        129484.8586                  0        102.2660955        212.6401694
          1       1046                  0                  0                  0                  0        129608.7742                  0        102.2660955        212.6401694
          1       1047                  0                  0                  0                  0        129732.6898                  0        102.2660955        212.6401694
          1       1048                  0                  0                  0                  0        129856.6054                  0        102.2660955        212.6401694
          1       1049                  0                  0                  0                  0         129980.521                  0        102.2660955        212.6401694
          1       1050                  0                  0                  0                  0        130104.4365                  0        102.2660955        212.6401694
          1       1051                  0                  0                  0                  0        130228.3521                  0        102.2660955        212.6401694
          1       1052                  0                  0                  0                  0        130352.2677                  0        102.2660955        212.6401694
          1       1053                  0                  0                  0                  0        130476.1833                  0        102.2660955        212.6401694
          1       1054                  0                  0                  0                  0        130600.0988                  0        102.2660955        212.6401694
          1       1055                  0                  0                  0                  0        130724.0144                  0        102.2660955        212.6401694
          1       1056                  0                  0                  0                  0          130847.93                  0        102.2660955        212.6401694
          1       1057                  0                  0                  0                  0        130971.8456                  0        102.2660955        212.6401694
          1       1058                  0                  0                  0                  0        131095.7612                  0        102.2660955        212.6401694
          1       1059                  0                  0                  0                  0        131219.6767                  0        102.2660955        212.6401694
          1       1060                  0                  0                  0                  0        131343.5923                  0        102.2660955        212.6401694
          1       1061                  0                  0                  0                  0        131467.5079                  0        102.2660955        212.6401694
          1       1062                  0                  0                  0                  0        131591.4235                  0        102.2660955        212.6401694
          1       1063                  0                  0                  0                  0        131715.3391                  0        102.2660955        212.6401694
          1       1064                  0                  0                  0                  0        131839.2546                  0        102.2660955        212.6401694
          1       1065                  0                  0                  0                  0        131963.1702                  0        102.2660955        212.6401694
          1       1066                  0                  0                  0                  0        132087.0858                  0        102.2660955        212.6401694
          1       1067                  0                  0                  0                  0        132211.0014                  0        102.2660955        212.6401694
          1       1068                  0                  0                  0                  0         132334.917                  0        102.2660955        212.6401694
          1       1069                  0                  0                  0                  0        132458.8325                  0        102.2660955        212.6401694
          1       1070                  0                  0                  0                  0        132582.7481                  0        102.2660955        212.6401694
          1       1071                  0                  0                  0                  0        132706.6637                  0        102.2660955        212.6401694
          1       1072                  0                  0                  0                  0        132830.5793                  0        102.2660955        212.6401694
          1       1073                  0                  0                  0                  0        132954.4948                  0        102.2660955        212.6401694
          1       1074                  0                  0                  0                  0        133078.4104                  0        102.2660955        212.6401694
          1       1075                  0                  0                  0                  0         133202.326                  0        102.2660955        212.6401694
          1       1076                  0                  0                  0                  0        133326.2416                  0        102.2660955        212.6401694
          1       1077                  0                  0                  0                  0        133450.1572                  0        102.2660955        212.6401694
          1       1078                  0                  0                  0                  0        133574.0727                  0        102.2660955        212.6401694
          1       1079                  0                  0                  0                  0        133697.9883                  0        102.2660955        212.6401694
          1       1080                  0                  0                  0                  0        133821.9039                  0        102.2660955        212.6401694
          1       1081                  0                  0                  0                  0        133945.8195                  0        102.2660955        212.6401694
          1       1082                  0                  0                  0                  0        134069.7351                  0        102.2660955        212.6401694
          1       1083                  0                  0                  0                  0        134193.6506                  0        102.2660955        212.6401694
          1       1084                  0                  0                  0                  0        134317.5662                  0        102.2660955        212.6401694
          1       1085                  0                  0                  0                  0        134441.4818                  0        102.2660955        212.6401694
          1       1086                  0                  0                  0                  0        134565.3974                  0        102.2660955        212.6401694
          1       1087                  0                  0                  0                  0         134689.313                  0        102.2660955        212.6401694
          1       1088                  0                  0                  0                  0        134813.2285                  0        102.2660955        212.6401694
          1       1089                  0                  0                  0                  0        134937.1441                  0        102.2660955        212.6401694
          1       1090                  0                  0                  0                  0        135061.0597                  0        102.2660955        212.6401694
          1       1091                  0                  0                  0                  0        135184.9753                  0        102.2660955        212.6401694
          1       1092                  0                  0                  0                  0        135308.8908                  0        102.2660955        212.6401694
          1       1093                  0                  0                  0                  0        135432.8064                  0        102.2660955        212.6401694
          1       1094                  0                  0                  0                  0         135556.722                  0        102.2660955        212.6401694
          1       1095                  0                  0                  0                  0        135680.6376                  0        102.2660955        212.6401694
          1       1096                  0                  0                  0                  0        135804.5532                  0        102.2660955        212.6401694
          1       1097                  0                  0                  0                  0        135928.4687                  0        102.2660955        212.6401694
          1       1098                  0                  0                  0                  0        136052.3843                  0        102.2660955        212.6401694
          1       1099                  0                  0                  0                  0        136176.2999                  0        102.2660955        212.6401694
          1       1100                  0                  0                  0                  0        136300.2155                  0        102.2660955        212.6401694
          1       1101                  0                  0                  0                  0        136424.1311                  0        102.2660955        212.6401694
          1       1102                  0                  0                  0                  0        136548.0466                  0        102.2660955        212.6401694
          1       1103                  0                  0                  0                  0        136671.9622                  0        102.2660955        212.6401694
          1       1104                  0                  0                  0                  0        136795.8778                  0        102.2660955        212.6401694
          1       1105                  0                  0                  0                  0        136919.7934                  0        102.2660955        212.6401694
          1       1106                  0                  0                  0                  0         137043.709                  0        102.2660955        212.6401694
          1       1107                  0                  0                  0                  0        137167.6245                  0        102.2660955        212.6401694
          1       1108                  0                  0                  0                  0        137291.5401                  0        102.2660955        212.6401694
          1       1109                  0                  0                  0                  0        137415.4557                  0        102.2660955        212.6401694
          1       1110                  0                  0                  0                  0        137539.3713                  0        102.2660955        212.6401694
          1       1111                  0                  0                  0                  0        137663.2868                  0        102.2660955        212.6401694
          1       1112                  0                  0                  0                  0        137787.2024                  0        102.2660955        212.6401694
          1       1113                  0                  0                  0                  0         137911.118                  0        102.2660955        212.6401694
          1       1114                  0                  0                  0                  0        138035.0336                  0        102.2660955        212.6401694
          1       1115                  0                  0                  0                  0        138158.9492                  0        102.2660955        212.6401694
          1       1116                  0                  0                  0                  0        138282.8647                  0        102.2660955        212.6401694
          1       1117                  0                  0                  0                  0        138406.7803                  0        102.2660955        212.6401694
          1       1118                  0                  0                  0                  0        138530.6959                  0        102.2660955        212.6401694
          1       1119                  0                  0                  0                  0        138654.6115                  0        102.2660955        212.6401694
          1       1120                  0                  0                  0                  0        138778.5271                  0        102.2660955        212.6401694
          1       1121                  0                  0                  0                  0        138902.4426                  0        102.2660955        212.6401694
          1       1122                  0                  0                  0                  0        139026.3582                  0        102.2660955        212.6401694
          1       1123                  0                  0                  0                  0        139150.2738                  0        102.2660955        212.6401694
          1       1124                  0                  0                  0                  0        139274.1894                  0        102.2660955        212.6401694
          1       1125                  0                  0                  0                  0         139398.105                  0        102.2660955        212.6401694
          1       1126                  0                  0                  0                  0        139522.0205                  0        102.2660955        212.6401694
          1       1127                  0                  0                  0                  0        139645.9361                  0        102.2660955        212.6401694
          1       1128                  0                  0                  0                  0        139769.8517                  0        102.2660955        212.6401694
          1       1129                  0                  0                  0                  0        139893.7673                  0        102.2660955        212.6401694
          1       1130                  0                  0                  0                  0        140017.6828                  0        102.2660955        212.6401694
          1       1131                  0                  0                  0                  0        140141.5984                  0        102.2660955        212.6401694
          1       1132                  0                  0                  0                  0         140265.514                  0        102.2660955        212.6401694
          1       1133                  0                  0                  0                  0        140389.4296                  0        102.2660955        212.6401694
          1       1134                  0                  0                  0                  0        140513.3452                  0        102.2660955        212.6401694
          1       1135                  0                  0                  0                  0        140637.2607                  0        102.2660955        212.6401694
          1       1136                  0                  0                  0                  0        140761.1763                  0        102.2660955        212.6401694
          1       1137                  0                  0                  0                  0        140885.0919                  0        102.2660955        212.6401694
          1       1138                  0                  0                  0                  0        141009.0075                  0        102.2660955        212.6401694
          1       1139                  0                  0                  0                  0        141132.9231                  0        102.2660955        212.6401694
          1       1140                  0                  0                  0                  0        141256.8386                  0        102.2660955        212.6401694
          1       1141                  0                  0                  0                  0        141380.7542                  0        102.2660955        212.6401694
          1       1142                  0                  0                  0                  0        141504.6698                  0        102.2660955        212.6401694
          1       1143                  0                  0                  0                  0        141628.5854                  0        102.2660955        212.6401694
          1       1144                  0                  0                  0                  0         141752.501                  0        102.2660955        212.6401694
          1       1145                  0                  0                  0                  0        141876.4165                  0        102.2660955        212.6401694
          1       1146                  0                  0                  0                  0        142000.3321                  0        102.2660955        212.6401694
          1       1147                  0                  0                  0                  0        142124.2477                  0        102.2660955        212.6401694
          1       1148                  0                  0                  0                  0        142248.1633                  0        102.2660955        212.6401694
          1       1149                  0                  0                  0                  0        142372.0788                  0        102.2660955        212.6401694
          1       1150                  0                  0                  0                  0        142495.9944                  0        102.2660955        212.6401694
          1       1151                  0                  0                  0                  0          142619.91                  0        102.2660955        212.6401694
          1       1152                  0                  0                  0                  0        142743.8256                  0        102.2660955        212.6401694
          1       1153                  0                  0                  0                  0        142867.7412                  0        102.2660955        212.6401694
          1       1154                  0                  0                  0                  0        142991.6567                  0        102.2660955        212.6401694
          1       1155                  0                  0                  0                  0        143115.5723                  0        102.2660955        212.6401694
          1       1156                  0                  0                  0                  0        143239.4879                  0        102.2660955        212.6401694
          1       1157                  0                  0                  0                  0        143363.4035                  0        102.2660955        212.6401694
          1       1158                  0                  0                  0                  0        143487.3191                  0        102.2660955        212.6401694
          1       1159                  0                  0                  0                  0        143611.2346                  0        102.2660955        212.6401694
          1       1160                  0                  0                  0                  0        143735.1502                  0        102.2660955        212.6401694
          1       1161                  0                  0                  0                  0        143859.0658                  0        102.2660955        212.6401694
          1       1162                  0                  0                  0                  0        143982.9814                  0        102.2660955        212.6401694
          1       1163                  0                  0                  0                  0        144106.8969                  0        102.2660955        212.6401694
          1       1164                  0                  0                  0                  0        144230.8125                  0        102.2660955        212.6401694
          1       1165                  0                  0                  0                  0        144354.7281                  0        102.2660955        212.6401694
          1       1166                  0                  0                  0                  0        144478.6437                  0        102.2660955        212.6401694
          1       1167                  0                  0                  0                  0        144602.5593                  0        102.2660955        212.6401694
          1       1168                  0                  0                  0                  0        144726.4748                  0        102.2660955        212.6401694
          1       1169                  0                  0                  0                  0        144850.3904                  0        102.2660955        212.6401694
          1       1170                  0                  0                  0                  0         144974.306                  0        102.2660955        212.6401694
          1       1171                  0                  0                  0                  0        145098.2216                  0        102.2660955        212.6401694
          1       1172                  0                  0                  0                  0        145222.1372                  0        102.2660955        212.6401694
          1       1173                  0                  0                  0                  0        145346.0527                  0        102.2660955        212.6401694
          1       1174                  0                  0                  0                  0        145469.9683                  0        102.2660955        212.6401694
          1       1175                  0                  0                  0                  0        145593.8839                  0        102.2660955        212.6401694
          1       1176                  0                  0                  0                  0        145717.7995                  0        102.2660955        212.6401694
          1       1177                  0                  0                  0                  0        145841.7151                  0        102.2660955        212.6401694
          1       1178                  0                  0                  0                  0        145965.6306                  0        102.2660955        212.6401694
          1       1179                  0                  0                  0                  0        146089.5462                  0        102.2660955        212.6401694
          1       1180                  0                  0                  0                  0        146213.4618                  0        102.2660955        212.6401694
          1       1181                  0                  0                  0                  0        146337.3774                  0        102.2660955        212.6401694
          1       1182                  0                  0                  0                  0        146461.2929                  0        102.2660955        212.6401694
          1       1183                  0                  0                  0                  0        146585.2085                  0        102.2660955        212.6401694
          1       1184                  0                  0                  0                  0        146709.1241                  0        102.2660955        212.6401694
          1       1185                  0                  0                  0                  0        146833.0397                  0        102.2660955        212.6401694
          1       1186                  0                  0                  0                  0        146956.9553                  0        102.2660955        212.6401694
          1       1187                  0                  0                  0                  0        147080.8708                  0        102.2660955        212.6401694
          1       1188                  0                  0                  0                  0        147204.7864                  0        102.2660955        212.6401694
          1       1189                  0                  0                  0                  0         147328.702                  0        102.2660955        212.6401694
          1       1190                  0                  0                  0                  0        147452.6176                  0        102.2660955        212.6401694
          1       1191                  0                  0                  0                  0        147576.5332                  0        102.2660955        212.6401694
          1       1192                  0                  0                  0                  0        147700.4487                  0        102.2660955        212.6401694
          1       1193                  0                  0                  0                  0        147824.3643                  0        102.2660955        212.6401694
          1       1194                  0                  0                  0                  0        147948.2799                  0        102.2660955        212.6401694
          1       1195                  0                  0                  0                  0        148072.1955                  0        102.2660955        212.6401694
          1       1196                  0                  0                  0                  0        148196.1111                  0        102.2660955        212.6401694
          1       1197                  0                  0                  0                  0        148320.0266                  0        102.2660955        212.6401694
          1       1198                  0                  0                  0                  0        148443.9422                  0        102.2660955        212.6401694
          1       1199                  0                  0                  0                  0        148567.8578                  0        102.2660955        212.6401694
          1       1200                  0                  0                  0                  0        148691.7734                  0        102.2660955        212.6401694
          1       1201                  0                  0                  0                  0        148815.6889                  0        102.2660955        212.6401694
          1       1202                  0                  0                  0                  0        148939.6045                  0        102.2660955        212.6401694
          1       1203                  0                  0                  0                  0        149063.5201                  0        102.2660955        212.6401694
          1       1204                  0                  0                  0                  0        149187.4357                  0        102.2660955        212.6401694
          1       1205                  0                  0                  0                  0        149311.3513                  0        102.2660955        212.6401694
          1       1206                  0                  0                  0                  0        149435.2668                  0        102.2660955        212.6401694
          1       1207                  0                  0                  0                  0        149559.1824                  0        102.2660955        212.6401694
          1       1208                  0                  0                  0                  0         149683.098                  0        102.2660955        212.6401694
          1       1209                  0                  0                  0                  0        149807.0136                  0        102.2660955        212.6401694
          1       1210                  0                  0                  0                  0        149930.9292                  0        102.2660955        212.6401694
          1       1211                  0                  0                  0                  0        150054.8447                  0        102.2660955        212.6401694
          1       1212                  0                  0                  0                  0        150178.7603                  0        102.2660955        212.6401694
          1       1213                  0                  0                  0                  0        150302.6759                  0        102.2660955        212.6401694
          1       1214                  0                  0                  0                  0        150426.5915                  0        102.2660955        212.6401694
          1       1215                  0                  0                  0                  0        150550.5071                  0        102.2660955        212.6401694
          1       1216                  0                  0                  0                  0        150674.4226                  0        102.2660955        212.6401694
          1       1217                  0                  0                  0                  0        150798.3382                  0        102.2660955        212.6401694
          1       1218                  0                  0                  0                  0        150922.2538                  0        102.2660955        212.6401694
          1       1219                  0                  0                  0                  0        151046.1694                  0        102.2660955        212.6401694
          1       1220                  0                  0                  0                  0        151170.0849                  0        102.2660955        212.6401694
          1       1221                  0                  0                  0                  0        151294.0005                  0        102.2660955        212.6401694
          1       1222                  0                  0                  0                  0        151417.9161                  0        102.2660955        212.6401694
          1       1223                  0                  0                  0                  0        151541.8317                  0        102.2660955        212.6401694
          1       1224                  0                  0                  0                  0        151665.7473                  0        102.2660955        212.6401694
          1       1225                  0                  0                  0                  0        151789.6628                  0        102.2660955        212.6401694
          1       1226                  0                  0                  0                  0        151913.5784                  0        102.2660955        212.6401694
          1       1227                  0                  0                  0                  0         152037.494                  0        102.2660955        212.6401694
          1       1228                  0                  0                  0                  0        152161.4096                  0        102.2660955        212.6401694
          1       1229                  0                  0                  0                  0        152285.3252                  0        102.2660955        212.6401694
          1       1230                  0                  0                  0                  0        152409.2407                  0        102.2660955        212.6401694
          1       1231                  0                  0                  0                  0        152533.1563                  0        102.2660955        212.6401694
          1       1232                  0                  0                  0                  0        152657.0719                  0        102.2660955        212.6401694
          1       1233                  0                  0                  0                  0        152780.9875                  0        102.2660955        212.6401694
          1       1234                  0                  0                  0                  0        152904.9031                  0        102.2660955        212.6401694
          1       1235                  0                  0                  0                  0        153028.8186                  0        102.2660955        212.6401694
          1       1236                  0                  0                  0                  0        153152.7342                  0        102.2660955        212.6401694
          1       1237                  0                  0                  0                  0        153276.6498                  0        102.2660955        212.6401694
          1       1238                  0                  0                  0                  0        153400.5654                  0        102.2660955        212.6401694
          1       1239                  0                  0                  0                  0        153524.4809                  0        102.2660955        212.6401694
          1       1240                  0                  0                  0                  0        153648.3965                  0        102.2660955        212.6401694
          1       1241                  0                  0                  0                  0        153772.3121                  0        102.2660955        212.6401694
          1       1242                  0                  0                  0                  0        153896.2277                  0        102.2660955        212.6401694
          1       1243                  0                  0                  0                  0        154020.1433                  0        102.2660955        212.6401694
          1       1244                  0                  0                  0                  0        154144.0588                  0        102.2660955        212.6401694
          1       1245                  0                  0                  0                  0        154267.9744                  0        102.2660955        212.6401694
          1       1246                  0                  0                  0                  0          154391.89                  0        102.2660955        212.6401694
          1       1247                  0                  0                  0                  0        154515.8056                  0        102.2660955        212.6401694
          1       1248                  0                  0                  0                  0        154639.7212                  0        102.2660955        212.6401694
          1       1249                  0                  0                  0                  0        154763.6367                  0        102.2660955        212.6401694
          1       1250                  0                  0                  0                  0        154887.5523                  0        102.2660955        212.6401694
          1       1251                  0                  0                  0                  0        155011.4679                  0        102.2660955        212.6401694
          1       1252                  0                  0                  0                  0        155135.3835                  0        102.2660955        212.6401694
          1       1253                  0                  0                  0                  0        155259.2991                  0        102.2660955        212.6401694
          1       1254                  0                  0                  0                  0        155383.2146                  0        102.2660955        212.6401694
          1       1255                  0                  0                  0                  0        155507.1302                  0        102.2660955        212.6401694
          1       1256                  0                  0                  0                  0        155631.0458                  0        102.2660955        212.6401694
          1       1257                  0                  0                  0                  0        155754.9614                  0        102.2660955        212.6401694
          1       1258                  0                  0                  0                  0        155878.8769                  0        102.2660955        212.6401694
          1       1259                  0                  0                  0                  0        156002.7925                  0        102.2660955        212.6401694
          1       1260                  0                  0                  0                  0        156126.7081                  0        102.2660955        212.6401694
          1       1261                  0                  0                  0                  0        156250.6237                  0        102.2660955        212.6401694
          1       1262                  0                  0                  0                  0        156374.5393                  0        102.2660955        212.6401694
          1       1263                  0                  0                  0                  0        156498.4548                  0        102.2660955        212.6401694
          1       1264                  0                  0                  0                  0        156622.3704                  0        102.2660955        212.6401694
          1       1265                  0                  0                  0                  0         156746.286                  0        102.2660955        212.6401694
          1       1266                  0                  0                  0                  0        156870.2016                  0        102.2660955        212.6401694
          1       1267                  0                  0                  0                  0        156994.1172                  0        102.2660955        212.6401694
          1       1268                  0                  0                  0                  0        157118.0327                  0        102.2660955        212.6401694
          1       1269                  0                  0                  0                  0        157241.9483                  0        102.2660955        212.6401694
          1       1270                  0                  0                  0                  0        157365.8639                  0        102.2660955        212.6401694
          1       1271                  0                  0                  0                  0        157489.7795                  0        102.2660955        212.6401694
          1       1272                  0                  0                  0                  0         157613.695                  0        102.2660955        212.6401694
          1       1273                  0                  0                  0                  0        157737.6106                  0        102.2660955        212.6401694
          1       1274                  0                  0                  0                  0        157861.5262                  0        102.2660955        212.6401694
          1       1275                  0                  0                  0                  0        157985.4418                  0        102.2660955        212.6401694
          1       1276                  0                  0                  0                  0        158109.3574                  0        102.2660955        212.6401694
          1       1277                  0                  0                  0                  0        158233.2729                  0        102.2660955        212.6401694
          1       1278                  0                  0                  0                  0        158357.1885                  0        102.2660955        212.6401694
          1       1279                  0                  0                  0                  0        158481.1041                  0        102.2660955        212.6401694
          1       1280                  0                  0                  0                  0        158605.0197                  0        102.2660955        212.6401694
          1       1281                  0                  0                  0                  0        158728.9353                  0        102.2660955        212.6401694
          1       1282                  0                  0                  0                  0        158852.8508                  0        102.2660955        212.6401694
          1       1283                  0                  0                  0                  0        158976.7664                  0        102.2660955        212.6401694
          1       1284                  0                  0                  0                  0         159100.682                  0        102.2660955        212.6401694
          1       1285                  0                  0                  0                  0        159224.5976                  0        102.2660955        212.6401694
          1       1286                  0                  0                  0                  0        159348.5132                  0        102.2660955        212.6401694
          1       1287                  0                  0                  0                  0        159472.4287                  0        102.2660955        212.6401694
          1       1288                  0                  0                  0                  0        159596.3443                  0        102.2660955        212.6401694
          1       1289                  0                  0                  0                  0        159720.2599                  0        102.2660955        212.6401694
          1       1290                  0                  0                  0                  0        159844.1755                  0        102.2660955        212.6401694
          1       1291                  0                  0                  0                  0         159968.091                  0        102.2660955        212.6401694
          1       1292                  0                  0                  0                  0        160092.0066                  0        102.2660955        212.6401694
          1       1293                  0                  0                  0                  0        160215.9222                  0        102.2660955        212.6401694
          1       1294                  0                  0                  0                  0        160339.8378                  0        102.2660955        212.6401694
          1       1295                  0                  0                  0                  0        160463.7534                  0        102.2660955        212.6401694
          1       1296                  0                  0                  0                  0        160587.6689                  0        102.2660955        212.6401694
          1       1297                  0                  0                  0                  0        160711.5845                  0        102.2660955        212.6401694
          1       1298                  0                  0                  0                  0        160835.5001                  0        102.2660955        212.6401694
          1       1299                  0                  0                  0                  0        160959.4157                  0        102.2660955        212.6401694
          1       1300                  0                  0                  0                  0        161083.3313                  0        102.2660955        212.6401694
          1       1301                  0                  0                  0                  0        161207.2468                  0        102.2660955        212.6401694
          1       1302                  0                  0                  0                  0        161331.1624                  0        102.2660955        212.6401694
          1       1303                  0                  0                  0                  0         161455.078                  0        102.2660955        212.6401694
          1       1304                  0                  0                  0                  0        161578.9936                  0        102.2660955        212.6401694
          1       1305                  0                  0                  0                  0        161702.9092                  0        102.2660955        212.6401694
          1       1306                  0                  0                  0                  0        161826.8247                  0        102.2660955        212.6401694
          1       1307                  0                  0                  0                  0        161950.7403                  0        102.2660955        212.6401694
          1       1308                  0                  0                  0                  0        162074.6559                  0        102.2660955        212.6401694
          1       1309                  0                  0                  0                  0        162198.5715                  0        102.2660955        212.6401694
          1       1310                  0                  0                  0                  0         162322.487                  0        102.2660955        212.6401694
          1       1311                  0                  0                  0                  0        162446.4026                  0        102.2660955        212.6401694
          1       1312                  0                  0                  0                  0        162570.3182                  0        102.2660955        212.6401694
          1       1313                  0                  0                  0                  0        162694.2338                  0        102.2660955        212.6401694
          1       1314                  0                  0                  0                  0        162818.1494                  0        102.2660955        212.6401694
          1       1315                  0                  0                  0                  0        162942.0649                  0        102.2660955        212.6401694
          1       1316                  0                  0                  0                  0        163065.9805                  0        102.2660955        212.6401694
          1       1317                  0                  0                  0                  0        163189.8961                  0        102.2660955        212.6401694
          1       1318                  0                  0                  0                  0        163313.8117                  0        102.2660955        212.6401694
          1       1319                  0                  0                  0                  0        163437.7273                  0        102.2660955        212.6401694
          1       1320                  0                  0                  0                  0        163561.6428                  0        102.2660955        212.6401694
          1       1321                  0                  0                  0                  0        163685.5584                  0        102.2660955        212.6401694
          1       1322                  0                  0                  0                  0         163809.474                  0        102.2660955        212.6401694
          1       1323                  0                  0                  0                  0        163933.3896                  0        102.2660955        212.6401694
          1       1324                  0                  0                  0                  0        164057.3052                  0        102.2660955        212.6401694
          1       1325                  0                  0                  0                  0        164181.2207                  0        102.2660955        212.6401694
          1       1326                  0                  0                  0                  0        164305.1363                  0        102.2660955        212.6401694
          1       1327                  0                  0                  0                  0        164429.0519                  0        102.2660955        212.6401694
          1       1328                  0                  0                  0                  0        164552.9675                  0        102.2660955        212.6401694
          1       1329                  0                  0                  0                  0         164676.883                  0        102.2660955        212.6401694
          1       1330                  0                  0                  0                  0        164800.7986                  0        102.2660955        212.6401694
          1       1331                  0                  0                  0                  0        164924.7142                  0        102.2660955        212.6401694
          1       1332                  0                  0                  0                  0        165048.6298                  0        102.2660955        212.6401694
          1       1333                  0                  0                  0                  0        165172.5454                  0        102.2660955        212.6401694
          1       1334                  0                  0                  0                  0        165296.4609                  0        102.2660955        212.6401694
          1       1335                  0                  0                  0                  0        165420.3765                  0        102.2660955        212.6401694
          1       1336                  0                  0                  0                  0        165544.2921                  0        102.2660955        212.6401694
          1       1337                  0                  0                  0                  0        165668.2077                  0        102.2660955        212.6401694
          1       1338                  0                  0                  0                  0        165792.1233                  0        102.2660955        212.6401694
          1       1339                  0                  0                  0                  0        165916.0388                  0        102.2660955        212.6401694
          1       1340                  0                  0                  0                  0        166039.9544                  0        102.2660955        212.6401694
          1       1341                  0                  0                  0                  0          166163.87                  0        102.2660955        212.6401694
          1       1342                  0                  0                  0                  0        166287.7856                  0        102.2660955        212.6401694
          1       1343                  0                  0                  0                  0        166411.7012                  0        102.2660955        212.6401694
          1       1344                  0                  0                  0                  0        166535.6167                  0        102.2660955        212.6401694
          1       1345                  0                  0                  0                  0        166659.5323                  0        102.2660955        212.6401694
          1       1346                  0                  0                  0                  0        166783.4479                  0        102.2660955        212.6401694
          1       1347                  0                  0                  0                  0        166907.3635                  0        102.2660955        212.6401694
          1       1348                  0                  0                  0                  0         167031.279                  0        102.2660955        212.6401694
          1       1349                  0                  0                  0                  0        167155.1946                  0        102.2660955        212.6401694
          1       1350                  0                  0                  0                  0        167279.1102                  0        102.2660955        212.6401694
          1       1351                  0                  0                  0                  0        167403.0258                  0        102.2660955        212.6401694
          1       1352                  0                  0                  0                  0        167526.9414                  0        102.2660955        212.6401694
          1       1353                  0                  0                  0                  0        167650.8569                  0        102.2660955        212.6401694
          1       1354                  0                  0                  0                  0        167774.7725                  0        102.2660955        212.6401694
          1       1355                  0                  0                  0                  0        167898.6881                  0        102.2660955        212.6401694
          1       1356                  0                  0                  0                  0        168022.6037                  0        102.2660955        212.6401694
          1       1357                  0                  0                  0                  0        168146.5193                  0        102.2660955        212.6401694
          1       1358                  0                  0                  0                  0        168270.4348                  0        102.2660955        212.6401694
          1       1359                  0                  0                  0                  0        168394.3504                  0        102.2660955        212.6401694
          1       1360                  0                  0                  0                  0         168518.266                  0        102.2660955        212.6401694
          1       1361                  0                  0                  0                  0        168642.1816                  0        102.2660955        212.6401694
          1       1362                  0                  0                  0                  0        168766.0972                  0        102.2660955        212.6401694
          1       1363                  0                  0                  0                  0        168890.0127                  0        102.2660955        212.6401694
          1       1364                  0                  0                  0                  0        169013.9283                  0        102.2660955        212.6401694
          1       1365                  0                  0                  0                  0        169137.8439                  0        102.2660955        212.6401694
          1       1366                  0                  0                  0                  0        169261.7595                  0        102.2660955        212.6401694
          1       1367                  0                  0                  0                  0         169385.675                  0        102.2660955        212.6401694
          1       1368                  0                  0                  0                  0        169509.5906                  0        102.2660955        212.6401694
          1       1369                  0                  0                  0                  0        169633.5062                  0        102.2660955        212.6401694
          1       1370                  0                  0                  0                  0        169757.4218                  0        102.2660955        212.6401694
          1       1371                  0                  0                  0                  0        169881.3374                  0        102.2660955        212.6401694
          1       1372                  0                  0                  0                  0        170005.2529                  0        102.2660955        212.6401694
          1       1373                  0                  0                  0                  0        170129.1685                  0        102.2660955        212.6401694
          1       1374                  0                  0                  0                  0        170253.0841                  0        102.2660955        212.6401694
          1       1375                  0                  0                  0                  0        170376.9997                  0        102.2660955        212.6401694
          1       1376                  0                  0                  0                  0        170500.9153                  0        102.2660955        212.6401694
          1       1377                  0                  0                  0                  0        170624.8308                  0        102.2660955        212.6401694
          1       1378                  0                  0                  0                  0        170748.7464                  0        102.2660955        212.6401694
          1       1379                  0                  0                  0                  0         170872.662                  0        102.2660955        212.6401694
          1       1380                  0                  0                  0                  0        170996.5776                  0        102.2660955        212.6401694
          1       1381                  0                  0                  0                  0        171120.4931                  0        102.2660955        212.6401694
          1       1382                  0                  0                  0                  0        171244.4087                  0        102.2660955        212.6401694
          1       1383                  0                  0                  0                  0        171368.3243                  0        102.2660955        212.6401694
          1       1384                  0                  0                  0                  0        171492.2399                  0        102.2660955        212.6401694
          1       1385                  0                  0                  0                  0        171616.1555                  0        102.2660955        212.6401694
          1       1386                  0                  0                  0                  0         171740.071                  0        102.2660955        212.6401694
          1       1387                  0                  0                  0                  0        171863.9866                  0        102.2660955        212.6401694
          1       1388                  0                  0                  0                  0        171987.9022                  0        102.2660955        212.6401694
          1       1389                  0                  0                  0                  0        172111.8178                  0        102.2660955        212.6401694
          1       1390                  0                  0                  0                  0        172235.7334                  0        102.2660955        212.6401694
          1       1391                  0                  0                  0                  0        172359.6489                  0        102.2660955        212.6401694
          1       1392                  0                  0                  0                  0        172483.5645                  0        102.2660955        212.6401694
          1       1393                  0                  0                  0                  0        172607.4801                  0        102.2660955        212.6401694
          1       1394                  0                  0                  0                  0        172731.3957                  0        102.2660955        212.6401694
          1       1395                  0                  0                  0                  0        172855.3113                  0        102.2660955        212.6401694
          1       1396                  0                  0                  0                  0        172979.2268                  0        102.2660955        212.6401694
          1       1397                  0                  0                  0                  0        173103.1424                  0        102.2660955        212.6401694
          1       1398                  0                  0                  0                  0         173227.058                  0        102.2660955        212.6401694
          1       1399                  0                  0                  0                  0        173350.9736                  0        102.2660955        212.6401694
          1       1400                  0                  0                  0                  0        173474.8891                  0        102.2660955        212.6401694
          1       1401                  0                  0                  0                  0        173598.8047                  0        102.2660955        212.6401694
          1       1402                  0                  0                  0                  0        173722.7203                  0        102.2660955        212.6401694
          1       1403                  0                  0                  0                  0        173846.6359                  0        102.2660955        212.6401694
          1       1404                  0                  0                  0                  0        173970.5515                  0        102.2660955        212.6401694
          1       1405                  0                  0                  0                  0         174094.467                  0        102.2660955        212.6401694
          1       1406                  0                  0                  0                  0        174218.3826                  0        102.2660955        212.6401694
          1       1407                  0                  0                  0                  0        174342.2982                  0        102.2660955        212.6401694
          1       1408                  0                  0                  0                  0        174466.2138                  0        102.2660955        212.6401694
          1       1409                  0                  0                  0                  0        174590.1294                  0        102.2660955        212.6401694
          1       1410                  0                  0                  0                  0        174714.0449                  0        102.2660955        212.6401694
          1       1411                  0                  0                  0                  0        174837.9605                  0        102.2660955        212.6401694
          1       1412                  0                  0                  0                  0        174961.8761                  0        102.2660955        212.6401694
          1       1413                  0                  0                  0                  0        175085.7917                  0        102.2660955        212.6401694
          1       1414                  0                  0                  0                  0        175209.7073                  0        102.2660955        212.6401694
          1       1415                  0                  0                  0                  0        175333.6228                  0        102.2660955        212.6401694
          1       1416                  0                  0                  0                  0        175457.5384                  0        102.2660955        212.6401694
          1       1417                  0                  0                  0                  0         175581.454                  0        102.2660955        212.6401694
          1       1418                  0                  0                  0                  0        175705.3696                  0        102.2660955        212.6401694
          1       1419                  0                  0                  0                  0        175829.2851                  0        102.2660955        212.6401694
          1       1420                  0                  0                  0                  0        175953.2007                  0        102.2660955        212.6401694
          1       1421                  0                  0                  0                  0        176077.1163                  0        102.2660955        212.6401694
          1       1422                  0                  0                  0                  0        176201.0319                  0        102.2660955        212.6401694
          1       1423                  0                  0                  0                  0        176324.9475                  0        102.2660955        212.6401694
          1       1424                  0                  0                  0                  0         176448.863                  0        102.2660955        212.6401694
          1       1425                  0                  0                  0                  0        176572.7786                  0        102.2660955        212.6401694
          1       1426                  0                  0                  0                  0        176696.6942                  0        102.2660955        212.6401694
          1       1427                  0                  0                  0                  0        176820.6098                  0        102.2660955        212.6401694
          1       1428                  0                  0                  0                  0        176944.5254                  0        102.2660955        212.6401694
          1       1429                  0                  0                  0                  0        177068.4409                  0        102.2660955        212.6401694
          1       1430                  0                  0                  0                  0        177192.3565                  0        102.2660955        212.6401694
          1       1431                  0                  0                  0                  0        177316.2721                  0        102.2660955        212.6401694
          1       1432                  0                  0                  0                  0        177440.1877                  0        102.2660955        212.6401694
          1       1433                  0                  0                  0                  0        177564.1033                  0        102.2660955        212.6401694
          1       1434                  0                  0                  0                  0        177688.0188                  0        102.2660955        212.6401694
          1       1435                  0                  0                  0                  0        177811.9344                  0        102.2660955        212.6401694
          1       1436                  0                  0                  0                  0          177935.85                  0        102.2660955        212.6401694
          1       1437                  0                  0                  0                  0        178059.7656                  0        102.2660955        212.6401694
          1       1438                  0                  0                  0                  0        178183.6811                  0        102.2660955        212.6401694
          1       1439                  0                  0                  0                  0        178307.5967                  0        102.2660955        212.6401694
          1       1440                  0                  0                  0                  0        178431.5123                  0        102.2660955        212.6401694
          1       1441                  0                  0                  0                  0        178555.4279                  0        102.2660955        212.6401694
          1       1442                  0                  0                  0                  0        178679.3435                  0        102.2660955        212.6401694
          1       1443                  0                  0                  0                  0         178803.259                  0        102.2660955        212.6401694
          1       1444                  0                  0                  0                  0        178927.1746                  0        102.2660955        212.6401694
          1       1445                  0                  0                  0                  0        179051.0902                  0        102.2660955        212.6401694
          1       1446                  0                  0                  0                  0        179175.0058                  0        102.2660955        212.6401694
          1       1447                  0                  0                  0                  0        179298.9214                  0        102.2660955        212.6401694
          1       1448                  0                  0                  0                  0        179422.8369                  0        102.2660955        212.6401694
          1       1449                  0                  0                  0                  0        179546.7525                  0        102.2660955        212.6401694
          1       1450                  0                  0                  0                  0        179670.6681                  0        102.2660955        212.6401694
          1       1451                  0                  0                  0                  0        179794.5837                  0        102.2660955        212.6401694
          1       1452                  0                  0                  0                  0        179918.4993                  0        102.2660955        212.6401694
          1       1453                  0                  0                  0                  0        180042.4148                  0        102.2660955        212.6401694
          1       1454                  0                  0                  0                  0        180166.3304                  0        102.2660955        212.6401694
          1       1455                  0                  0                  0                  0         180290.246                  0        102.2660955        212.6401694
          1       1456                  0                  0                  0                  0        180414.1616                  0        102.2660955        212.6401694
          1       1457                  0                  0                  0                  0        180538.0771                  0        102.2660955        212.6401694
          1       1458                  0                  0                  0                  0        180661.9927                  0        102.2660955        212.6401694
          1       1459                  0                  0                  0                  0        180785.9083                  0        102.2660955        212.6401694
          1       1460                  0                  0                  0                  0        180909.8239                  0        102.2660955        212.6401694
          1       1461                  0                  0                  0                  0        181033.7395                  0        102.2660955        212.6401694
          1       1462                  0                  0                  0                  0         181157.655                  0        102.2660955        212.6401694
          1       1463                  0                  0                  0                  0        181281.5706                  0        102.2660955        212.6401694
          1       1464                  0                  0                  0                  0        181405.4862                  0        102.2660955        212.6401694
          1       1465                  0                  0                  0                  0        181529.4018                  0        102.2660955        212.6401694
          1       1466                  0                  0                  0                  0        181653.3174                  0        102.2660955        212.6401694
          1       1467                  0                  0                  0                  0        181777.2329                  0        102.2660955        212.6401694
          1       1468                  0                  0                  0                  0        181901.1485                  0        102.2660955        212.6401694
          1       1469                  0                  0                  0                  0        182025.0641                  0        102.2660955        212.6401694
          1       1470                  0                  0                  0                  0        182148.9797                  0        102.2660955        212.6401694
          1       1471                  0                  0                  0                  0        182272.8953                  0        102.2660955        212.6401694
          1       1472                  0                  0                  0                  0        182396.8108                  0        102.2660955        212.6401694
          1       1473                  0                  0                  0                  0        182520.7264                  0        102.2660955        212.6401694
          1       1474                  0                  0                  0                  0         182644.642                  0        102.2660955        212.6401694
          1       1475                  0                  0                  0                  0        182768.5576                  0        102.2660955        212.6401694
          1       1476                  0                  0                  0                  0        182892.4731                  0        102.2660955        212.6401694
          1       1477                  0                  0                  0                  0        183016.3887                  0        102.2660955        212.6401694
          1       1478                  0                  0                  0                  0        183140.3043                  0        102.2660955        212.6401694
          1       1479                  0                  0                  0                  0        183264.2199                  0        102.2660955        212.6401694
          1       1480                  0                  0                  0                  0        183388.1355                  0        102.2660955        212.6401694
          1       1481                  0                  0                  0                  0         183512.051                  0        102.2660955        212.6401694
          1       1482                  0                  0                  0                  0        183635.9666                  0        102.2660955        212.6401694
          1       1483                  0                  0                  0                  0        183759.8822                  0        102.2660955        212.6401694
          1       1484                  0                  0                  0                  0        183883.7978                  0        102.2660955        212.6401694
          1       1485                  0                  0                  0                  0        184007.7134                  0        102.2660955        212.6401694
          1       1486                  0                  0                  0                  0        184131.6289                  0        102.2660955        212.6401694
          1       1487                  0                  0                  0                  0        184255.5445                  0        102.2660955        212.6401694
          1       1488                  0                  0                  0                  0        184379.4601                  0        102.2660955        212.6401694
          1       1489                  0                  0                  0                  0        184503.3757                  0        102.2660955        212.6401694
          1       1490                  0                  0                  0                  0        184627.2912                  0        102.2660955        212.6401694
          1       1491                  0                  0                  0                  0        184751.2068                  0        102.2660955        212.6401694
          1       1492                  0                  0                  0                  0        184875.1224                  0        102.2660955        212.6401694
          1       1493                  0                  0                  0                  0         184999.038                  0        102.2660955        212.6401694
          1       1494                  0                  0                  0                  0        185122.9536                  0        102.2660955        212.6401694
          1       1495                  0                  0                  0                  0        185246.8691                  0        102.2660955        212.6401694
          1       1496                  0                  0                  0                  0        185370.7847                  0        102.2660955        212.6401694
          1       1497                  0                  0                  0                  0        185494.7003                  0        102.2660955        212.6401694
          1       1498                  0                  0                  0                  0        185618.6159                  0        102.2660955        212.6401694
          1       1499                  0                  0                  0                  0        185742.5315                  0        102.2660955        212.6401694
          1       1500                  0                  0                  0                  0         185866.447                  0        102.2660955        212.6401694
          1       1501                  0                  0                  0                  0        185990.3626                  0        102.2660955        212.6401694
          1       1502                  0                  0                  0                  0        186114.2782                  0        102.2660955        212.6401694
          1       1503                  0                  0                  0                  0        186238.1938                  0        102.2660955        212.6401694
          1       1504                  0                  0                  0                  0        186362.1094                  0        102.2660955        212.6401694
          1       1505                  0                  0                  0                  0        186486.0249                  0        102.2660955        212.6401694
          1       1506                  0                  0                  0                  0        186609.9405                  0        102.2660955        212.6401694
          1       1507                  0                  0                  0                  0        186733.8561                  0        102.2660955        212.6401694
          1       1508                  0                  0                  0                  0        186857.7717                  0        102.2660955        212.6401694
          1       1509                  0                  0                  0                  0        186981.6872                  0        102.2660955        212.6401694
          1       1510                  0                  0                  0                  0        187105.6028                  0        102.2660955        212.6401694
          1       1511                  0                  0                  0                  0        187229.5184                  0        102.2660955        212.6401694
          1       1512                  0                  0                  0                  0         187353.434                  0        102.2660955        212.6401694
          1       1513                  0                  0                  0                  0        187477.3496                  0        102.2660955        212.6401694
          1       1514                  0                  0                  0                  0        187601.2651                  0        102.2660955        212.6401694
          1       1515                  0                  0                  0                  0        187725.1807                  0        102.2660955        212.6401694
          1       1516                  0                  0                  0                  0        187849.0963                  0        102.2660955        212.6401694
          1       1517                  0                  0                  0                  0        187973.0119                  0        102.2660955        212.6401694
          1       1518                  0                  0                  0                  0        188096.9275                  0        102.2660955        212.6401694
          1       1519                  0                  0                  0                  0         188220.843                  0        102.2660955        212.6401694
          1       1520                  0                  0                  0                  0        188344.7586                  0        102.2660955        212.6401694
          1       1521                  0                  0                  0                  0        188468.6742                  0        102.2660955        212.6401694
          1       1522                  0                  0                  0                  0        188592.5898                  0        102.2660955        212.6401694
          1       1523                  0                  0                  0                  0        188716.5054                  0        102.2660955        212.6401694
          1       1524                  0                  0                  0                  0        188840.4209                  0        102.2660955        212.6401694
          1       1525                  0                  0                  0                  0        188964.3365                  0        102.2660955        212.6401694
          1       1526                  0                  0                  0                  0        189088.2521                  0        102.2660955        212.6401694
          1       1527                  0                  0                  0                  0        189212.1677                  0        102.2660955        212.6401694
          1       1528                  0                  0                  0                  0        189336.0832                  0        102.2660955        212.6401694
          1       1529                  0                  0                  0                  0        189459.9988                  0        102.2660955        212.6401694
          1       1530                  0                  0                  0                  0        189583.9144                  0        102.2660955        212.6401694
          1       1531                  0                  0                  0                  0          189707.83                  0        102.2660955        212.6401694
          1       1532                  0                  0                  0                  0        189831.7456                  0        102.2660955        212.6401694
          1       1533                  0                  0                  0                  0        189955.6611                  0        102.2660955        212.6401694
          1       1534                  0                  0                  0                  0        190079.5767                  0        102.2660955        212.6401694
          1       1535                  0                  0                  0                  0        190203.4923                  0        102.2660955        212.6401694
          1       1536                  0                  0                  0                  0        190327.4079                  0        102.2660955        212.6401694
          1       1537                  0                  0                  0                  0        190451.3235                  0        102.2660955        212.6401694
          1       1538                  0                  0                  0                  0         190575.239                  0        102.2660955        212.6401694
          1       1539                  0                  0                  0                  0        190699.1546                  0        102.2660955        212.6401694
          1       1540                  0                  0                  0                  0        190823.0702                  0        102.2660955        212.6401694
          1       1541                  0                  0                  0                  0        190946.9858                  0        102.2660955        212.6401694
          1       1542                  0                  0                  0                  0        191070.9014                  0        102.2660955        212.6401694
          1       1543                  0                  0                  0                  0        191194.8169                  0        102.2660955        212.6401694
          1       1544                  0                  0                  0                  0        191318.7325                  0        102.2660955        212.6401694
          1       1545                  0                  0                  0                  0        191442.6481                  0        102.2660955        212.6401694
          1       1546                  0                  0                  0                  0        191566.5637                  0        102.2660955        212.6401694
          1       1547                  0                  0                  0                  0        191690.4792                  0        102.2660955        212.6401694
          1       1548                  0                  0                  0                  0        191814.3948                  0        102.2660955        212.6401694
          1       1549                  0                  0                  0                  0        191938.3104                  0        102.2660955        212.6401694
          1       1550                  0                  0                  0                  0         192062.226                  0        102.2660955        212.6401694
          1       1551                  0                  0                  0                  0        192186.1416                  0        102.2660955        212.6401694
          1       1552                  0                  0                  0                  0        192310.0571                  0        102.2660955        212.6401694
          1       1553                  0                  0                  0                  0        192433.9727                  0        102.2660955        212.6401694
          1       1554                  0                  0                  0                  0        192557.8883                  0        102.2660955        212.6401694
          1       1555                  0                  0                  0                  0        192681.8039                  0        102.2660955        212.6401694
          1       1556                  0                  0                  0                  0        192805.7195                  0        102.2660955        212.6401694
          1       1557                  0                  0                  0                  0         192929.635                  0        102.2660955        212.6401694
          1       1558                  0                  0                  0                  0        193053.5506                  0        102.2660955        212.6401694
          1       1559                  0                  0                  0                  0        193177.4662                  0        102.2660955        212.6401694
          1       1560                  0                  0                  0                  0        193301.3818                  0        102.2660955        212.6401694
          1       1561                  0                  0                  0                  0        193425.2974                  0        102.2660955        212.6401694
          1       1562                  0                  0                  0                  0        193549.2129                  0        102.2660955        212.6401694
          1       1563                  0                  0                  0                  0        193673.1285                  0        102.2660955        212.6401694
          1       1564                  0                  0                  0                  0        193797.0441                  0        102.2660955        212.6401694
          1       1565                  0                  0                  0                  0        193920.9597                  0        102.2660955        212.6401694
          1       1566                  0                  0                  0                  0        194044.8752                  0        102.2660955        212.6401694
          1       1567                  0                  0                  0                  0        194168.7908                  0        102.2660955        212.6401694
          1       1568                  0                  0                  0                  0        194292.7064                  0        102.2660955        212.6401694
          1       1569                  0                  0                  0                  0         194416.622                  0        102.2660955        212.6401694
          1       1570                  0                  0                  0                  0        194540.5376                  0        102.2660955        212.6401694
          1       1571                  0                  0                  0                  0        194664.4531                  0        102.2660955        212.6401694
          1       1572                  0                  0                  0                  0        194788.3687                  0        102.2660955        212.6401694
          1       1573                  0                  0                  0                  0        194912.2843                  0        102.2660955        212.6401694
          1       1574                  0                  0                  0                  0        195036.1999                  0        102.2660955        212.6401694
          1       1575                  0                  0                  0                  0        195160.1155                  0        102.2660955        212.6401694
          1       1576                  0                  0                  0                  0         195284.031                  0        102.2660955        212.6401694
          1       1577                  0                  0                  0                  0        195407.9466                  0        102.2660955        212.6401694
          1       1578                  0                  0                  0                  0        195531.8622                  0        102.2660955        212.6401694
          1       1579                  0                  0                  0                  0        195655.7778                  0        102.2660955        212.6401694
          1       1580                  0                  0                  0                  0        195779.6934                  0        102.2660955        212.6401694
          1       1581                  0                  0                  0                  0        195903.6089                  0        102.2660955        212.6401694
          1       1582                  0                  0                  0                  0        196027.5245                  0        102.2660955        212.6401694
          1       1583                  0                  0                  0                  0        196151.4401                  0        102.2660955        212.6401694
          1       1584                  0                  0                  0                  0        196275.3557                  0        102.2660955        212.6401694
          1       1585                  0                  0                  0                  0        196399.2712                  0        102.2660955        212.6401694
          1       1586                  0                  0                  0                  0        196523.1868                  0        102.2660955        212.6401694
          1       1587                  0                  0                  0                  0        196647.1024                  0        102.2660955        212.6401694
          1       1588                  0                  0                  0                  0         196771.018                  0        102.2660955        212.6401694
          1       1589                  0                  0                  0                  0        196894.9336                  0        102.2660955        212.6401694
          1       1590                  0                  0                  0                  0        197018.8491                  0        102.2660955        212.6401694
          1       1591                  0                  0                  0                  0        197142.7647                  0        102.2660955        212.6401694
          1       1592                  0                  0                  0                  0        197266.6803                  0        102.2660955        212.6401694
          1       1593                  0                  0                  0                  0        197390.5959                  0        102.2660955        212.6401694
          1       1594                  0                  0                  0                  0        197514.5115                  0        102.2660955        212.6401694
          1       1595                  0                  0                  0                  0         197638.427                  0        102.2660955        212.6401694
          1       1596                  0                  0                  0                  0        197762.3426                  0        102.2660955        212.6401694
          1       1597                  0                  0                  0                  0        197886.2582                  0        102.2660955        212.6401694
          1       1598                  0                  0                  0                  0        198010.1738                  0        102.2660955        212.6401694
          1       1599                  0                  0                  0                  0        198134.0893                  0        102.2660955        212.6401694
          1       1600                  0                  0                  0                  0        198258.0049                  0        102.2660955        212.6401694
          1       1601                  0                  0                  0                  0        198381.9205                  0        102.2660955        212.6401694
          1       1602                  0                  0                  0                  0        198505.8361                  0        102.2660955        212.6401694
          1       1603                  0                  0                  0                  0        198629.7517                  0        102.2660955        212.6401694
          1       1604                  0                  0                  0                  0        198753.6672                  0        102.2660955        212.6401694
          1       1605                  0                  0                  0                  0        198877.5828                  0        102.2660955        212.6401694
          1       1606                  0                  0                  0                  0        199001.4984                  0        102.2660955        212.6401694
          1       1607                  0                  0                  0                  0         199125.414                  0        102.2660955        212.6401694
          1       1608                  0                  0                  0                  0        199249.3296                  0        102.2660955        212.6401694
          1       1609                  0                  0                  0                  0        199373.2451                  0        102.2660955        212.6401694
          1       1610                  0                  0                  0                  0        199497.1607                  0        102.2660955        212.6401694
          1       1611                  0                  0                  0                  0        199621.0763                  0        102.2660955        212.6401694
          1       1612                  0                  0                  0                  0        199744.9919                  0        102.2660955        212.6401694
          1       1613                  0                  0                  0                  0        199868.9075                  0        102.2660955        212.6401694
          1       1614                  0                  0                  0                  0         199992.823                  0        102.2660955        212.6401694
          1       1615                  0                  0                  0                  0        200116.7386                  0        102.2660955        212.6401694
          1       1616                  0                  0                  0                  0        200240.6542                  0        102.2660955        212.6401694
          1       1617                  0                  0                  0                  0        200364.5698                  0        102.2660955        212.6401694
          1       1618                  0                  0                  0                  0        200488.4853                  0        102.2660955        212.6401694
          1       1619                  0                  0                  0                  0        200612.4009                  0        102.2660955        212.6401694
          1       1620                  0                  0                  0                  0        200736.3165                  0        102.2660955        212.6401694
          1       1621                  0                  0                  0                  0        200860.2321                  0        102.2660955        212.6401694
          1       1622                  0                  0                  0                  0        200984.1477                  0        102.2660955        212.6401694
          1       1623                  0                  0                  0                  0        201108.0632                  0        102.2660955        212.6401694
          1       1624                  0                  0                  0                  0        201231.9788                  0        102.2660955        212.6401694
          1       1625                  0                  0                  0                  0        201355.8944                  0        102.2660955        212.6401694
          1       1626                  0                  0                  0                  0          201479.81                  0        102.2660955        212.6401694
          1       1627                  0                  0                  0                  0        201603.7256                  0        102.2660955        212.6401694
          1       1628                  0                  0                  0                  0        201727.6411                  0        102.2660955        212.6401694
          1       1629                  0                  0                  0                  0        201851.5567                  0        102.2660955        212.6401694
          1       1630                  0                  0                  0                  0        201975.4723                  0        102.2660955        212.6401694
          1       1631                  0                  0                  0                  0        202099.3879                  0        102.2660955        212.6401694
          1       1632                  0                  0                  0                  0        202223.3035                  0        102.2660955        212.6401694
          1       1633                  0                  0                  0                  0         202347.219                  0        102.2660955        212.6401694
          1       1634                  0                  0                  0                  0        202471.1346                  0        102.2660955        212.6401694
          1       1635                  0                  0                  0                  0        202595.0502                  0        102.2660955        212.6401694
          1       1636                  0                  0                  0                  0        202718.9658                  0        102.2660955        212.6401694
          1       1637                  0                  0                  0                  0        202842.8813                  0        102.2660955        212.6401694
          1       1638                  0                  0                  0                  0        202966.7969                  0        102.2660955        212.6401694
          1       1639                  0                  0                  0                  0        203090.7125                  0        102.2660955        212.6401694
          1       1640                  0                  0                  0                  0        203214.6281                  0        102.2660955        212.6401694
          1       1641                  0                  0                  0                  0        203338.5437                  0        102.2660955        212.6401694
          1       1642                  0                  0                  0                  0        203462.4592                  0        102.2660955        212.6401694
          1       1643                  0                  0                  0                  0        203586.3748                  0        102.2660955        212.6401694
          1       1644                  0                  0                  0                  0        203710.2904                  0        102.2660955        212.6401694
          1       1645                  0                  0                  0                  0         203834.206                  0        102.2660955        212.6401694
          1       1646                  0                  0                  0                  0        203958.1216                  0        102.2660955        212.6401694
          1       1647                  0                  0                  0                  0        204082.0371                  0        102.2660955        212.6401694
          1       1648                  0                  0                  0                  0        204205.9527                  0        102.2660955        212.6401694
          1       1649                  0                  0                  0                  0        204329.8683                  0        102.2660955        212.6401694
          1       1650                  0                  0                  0                  0        204453.7839                  0        102.2660955        212.6401694
          1       1651                  0                  0                  0                  0        204577.6995                  0        102.2660955        212.6401694
          1       1652                  0                  0                  0                  0         204701.615                  0        102.2660955        212.6401694
          1       1653                  0                  0                  0                  0        204825.5306                  0        102.2660955        212.6401694
          1       1654                  0                  0                  0                  0        204949.4462                  0        102.2660955        212.6401694
          1       1655                  0                  0                  0                  0        205073.3618                  0        102.2660955        212.6401694
          1       1656                  0                  0                  0                  0        205197.2773                  0        102.2660955        212.6401694
          1       1657                  0                  0                  0                  0        205321.1929                  0        102.2660955        212.6401694
          1       1658                  0                  0                  0                  0        205445.1085                  0        102.2660955        212.6401694
          1       1659                  0                  0                  0                  0        205569.0241                  0        102.2660955        212.6401694
          1       1660                  0                  0                  0                  0        205692.9397                  0        102.2660955        212.6401694
          1       1661                  0                  0                  0                  0        205816.8552                  0        102.2660955        212.6401694
          1       1662                  0                  0                  0                  0        205940.7708                  0        102.2660955        212.6401694
          1       1663                  0                  0                  0                  0        206064.6864                  0        102.2660955        212.6401694
          1       1664                  0                  0                  0                  0         206188.602                  0        102.2660955        212.6401694
          1       1665                  0                  0                  0                  0        206312.5176                  0        102.2660955        212.6401694
          1       1666                  0                  0                  0                  0        206436.4331                  0        102.2660955        212.6401694
          1       1667                  0                  0                  0                  0        206560.3487                  0        102.2660955        212.6401694
          1       1668                  0                  0                  0                  0        206684.2643                  0        102.2660955        212.6401694
          1       1669                  0                  0                  0                  0        206808.1799                  0        102.2660955        212.6401694
          1       1670                  0                  0                  0                  0        206932.0955                  0        102.2660955        212.6401694
          1       1671                  0                  0                  0                  0         207056.011                  0        102.2660955        212.6401694
          1       1672                  0                  0                  0                  0        207179.9266                  0        102.2660955        212.6401694
          1       1673                  0                  0                  0                  0        207303.8422                  0        102.2660955        212.6401694
          1       1674                  0                  0                  0                  0        207427.7578                  0        102.2660955        212.6401694
          1       1675                  0                  0                  0                  0        207551.6733                  0        102.2660955        212.6401694
          1       1676                  0                  0                  0                  0        207675.5889                  0        102.2660955        212.6401694
          1       1677                  0                  0                  0                  0        207799.5045                  0        102.2660955        212.6401694
          1       1678                  0                  0                  0                  0        207923.4201                  0        102.2660955        212.6401694
          1       1679                  0                  0                  0                  0        208047.3357                  0        102.2660955        212.6401694
          1       1680                  0                  0                  0                  0        208171.2512                  0        102.2660955        212.6401694
          1       1681                  0                  0                  0                  0        208295.1668                  0        102.2660955        212.6401694
          1       1682                  0                  0                  0                  0        208419.0824                  0        102.2660955        212.6401694
          1       1683                  0                  0                  0                  0         208542.998                  0        102.2660955        212.6401694
          1       1684                  0                  0                  0                  0        208666.9136                  0        102.2660955        212.6401694
          1       1685                  0                  0                  0                  0        208790.8291                  0        102.2660955        212.6401694
          1       1686                  0                  0                  0                  0        208914.7447                  0        102.2660955        212.6401694
          1       1687                  0                  0                  0                  0        209038.6603                  0        102.2660955        212.6401694
          1       1688                  0                  0                  0                  0        209162.5759                  0        102.2660955        212.6401694
          1       1689                  0                  0                  0                  0        209286.4915                  0        102.2660955        212.6401694
          1       1690                  0                  0                  0                  0         209410.407                  0        102.2660955        212.6401694
          1       1691                  0                  0                  0                  0        209534.3226                  0        102.2660955        212.6401694
          1       1692                  0                  0                  0                  0        209658.2382                  0        102.2660955        212.6401694
          1       1693                  0                  0                  0                  0        209782.1538                  0        102.2660955        212.6401694
          1       1694                  0                  0                  0                  0        209906.0693                  0        102.2660955        212.6401694
          1       1695                  0                  0                  0                  0        210029.9849                  0        102.2660955        212.6401694
          1       1696                  0                  0                  0                  0        210153.9005                  0        102.2660955        212.6401694
          1       1697                  0                  0                  0                  0        210277.8161                  0        102.2660955        212.6401694
          1       1698                  0                  0                  0                  0        210401.7317                  0        102.2660955        212.6401694
          1       1699                  0                  0                  0                  0        210525.6472                  0        102.2660955        212.6401694
          1       1700                  0                  0                  0                  0        210649.5628                  0        102.2660955        212.6401694
          1       1701                  0                  0                  0                  0        210773.4784                  0        102.2660955        212.6401694
          1       1702                  0                  0                  0                  0         210897.394                  0        102.2660955        212.6401694
          1       1703                  0                  0                  0                  0        211021.3096                  0        102.2660955        212.6401694
          1       1704                  0                  0                  0                  0        211145.2251                  0        102.2660955        212.6401694
          1       1705                  0                  0                  0                  0        211269.1407                  0        102.2660955        212.6401694
          1       1706                  0                  0                  0                  0        211393.0563                  0        102.2660955        212.6401694
          1       1707                  0                  0                  0                  0        211516.9719                  0        102.2660955        212.6401694
          1       1708                  0                  0                  0                  0        211640.8874                  0        102.2660955        212.6401694
          1       1709                  0                  0                  0                  0         211764.803                  0        102.2660955        212.6401694
          1       1710                  0                  0                  0                  0        211888.7186                  0        102.2660955        212.6401694
          1       1711                  0                  0                  0                  0        212012.6342                  0        102.2660955        212.6401694
          1       1712                  0                  0                  0                  0        212136.5498                  0        102.2660955        212.6401694
          1       1713                  0                  0                  0                  0        212260.4653                  0        102.2660955        212.6401694
          1       1714                  0                  0                  0                  0        212384.3809                  0        102.2660955        212.6401694
          1       1715                  0                  0                  0                  0        212508.2965                  0        102.2660955        212.6401694
          1       1716                  0                  0                  0                  0        212632.2121                  0        102.2660955        212.6401694
          1       1717                  0                  0                  0                  0        212756.1277                  0        102.2660955        212.6401694
          1       1718                  0                  0                  0                  0        212880.0432                  0        102.2660955        212.6401694
          1       1719                  0                  0                  0                  0        213003.9588                  0        102.2660955        212.6401694
          1       1720                  0                  0                  0                  0        213127.8744                  0        102.2660955        212.6401694
          1       1721                  0                  0                  0                  0          213251.79                  0        102.2660955        212.6401694
          1       1722                  0                  0                  0                  0        213375.7056                  0        102.2660955        212.6401694
          1       1723                  0                  0                  0                  0        213499.6211                  0        102.2660955        212.6401694
          1       1724                  0                  0                  0                  0        213623.5367                  0        102.2660955        212.6401694
          1       1725                  0                  0                  0                  0        213747.4523                  0        102.2660955        212.6401694
          1       1726                  0                  0                  0                  0        213871.3679                  0        102.2660955        212.6401694
          1       1727                  0                  0                  0                  0        213995.2834                  0        102.2660955        212.6401694
          1       1728                  0                  0                  0                  0         214119.199                  0        102.2660955        212.6401694
          1       1729                  0                  0                  0                  0        214243.1146                  0        102.2660955        212.6401694
          1       1730                  0                  0                  0                  0        214367.0302                  0        102.2660955        212.6401694
          1       1731                  0                  0                  0                  0        214490.9458                  0        102.2660955        212.6401694
          1       1732                  0                  0                  0                  0        214614.8613                  0        102.2660955        212.6401694
          1       1733                  0                  0                  0                  0        214738.7769                  0        102.2660955        212.6401694
          1       1734                  0                  0                  0                  0        214862.6925                  0        102.2660955        212.6401694
          1       1735                  0                  0                  0                  0        214986.6081                  0        102.2660955        212.6401694
          1       1736                  0                  0                  0                  0        215110.5237                  0        102.2660955        212.6401694
          1       1737                  0                  0                  0                  0        215234.4392                  0        102.2660955        212.6401694
          1       1738                  0                  0                  0                  0        215358.3548                  0        102.2660955        212.6401694
          1       1739                  0                  0                  0                  0        215482.2704                  0        102.2660955        212.6401694
          1       1740                  0                  0                  0                  0         215606.186                  0        102.2660955        212.6401694
          1       1741                  0                  0                  0                  0        215730.1016                  0        102.2660955        212.6401694
          1       1742                  0                  0                  0                  0        215854.0171                  0        102.2660955        212.6401694
          1       1743                  0                  0                  0                  0        215977.9327                  0        102.2660955        212.6401694
          1       1744                  0                  0                  0                  0        216101.8483                  0        102.2660955        212.6401694
          1       1745                  0                  0                  0                  0        216225.7639                  0        102.2660955        212.6401694
          1       1746                  0                  0                  0                  0        216349.6794                  0        102.2660955        212.6401694
          1       1747                  0                  0                  0                  0         216473.595                  0        102.2660955        212.6401694
          1       1748                  0                  0                  0                  0        216597.5106                  0        102.2660955        212.6401694
          1       1749                  0                  0                  0                  0        216721.4262                  0        102.2660955        212.6401694
          1       1750                  0                  0                  0                  0        216845.3418                  0        102.2660955        212.6401694
          1       1751                  0                  0                  0                  0        216969.2573                  0        102.2660955        212.6401694
          1       1752                  0                  0                  0                  0        217093.1729                  0        102.2660955        212.6401694
          1       1753                  0                  0                  0                  0        217217.0885                  0        102.2660955        212.6401694
          1       1754                  0                  0                  0                  0        217341.0041                  0        102.2660955        212.6401694
          1       1755                  0                  0                  0                  0        217464.9197                  0        102.2660955        212.6401694
          1       1756                  0                  0                  0                  0        217588.8352                  0        102.2660955        212.6401694
          1       1757                  0                  0                  0                  0        217712.7508                  0        102.2660955        212.6401694
          1       1758                  0                  0                  0                  0        217836.6664                  0        102.2660955        212.6401694
          1       1759                  0                  0                  0                  0         217960.582                  0        102.2660955        212.6401694
          1       1760                  0                  0                  0                  0        218084.4976                  0        102.2660955        212.6401694
          1       1761                  0                  0                  0                  0        218208.4131                  0        102.2660955        212.6401694
          1       1762                  0                  0                  0                  0        218332.3287                  0        102.2660955        212.6401694
          1       1763                  0                  0                  0                  0        218456.2443                  0        102.2660955        212.6401694
          1       1764                  0                  0                  0                  0        218580.1599                  0        102.2660955        212.6401694
          1       1765                  0                  0                  0                  0        218704.0754                  0        102.2660955        212.6401694
          1       1766                  0                  0                  0                  0         218827.991                  0        102.2660955        212.6401694
          1       1767                  0                  0                  0                  0        218951.9066                  0        102.2660955        212.6401694
          1       1768                  0                  0                  0                  0        219075.8222                  0        102.2660955        212.6401694
          1       1769                  0                  0                  0                  0        219199.7378                  0        102.2660955        212.6401694
          1       1770                  0                  0                  0                  0        219323.6533                  0        102.2660955        212.6401694
          1       1771                  0                  0                  0                  0        219447.5689                  0        102.2660955        212.6401694
          1       1772                  0                  0                  0                  0        219571.4845                  0        102.2660955        212.6401694
          1       1773                  0                  0                  0                  0        219695.4001                  0        102.2660955        212.6401694
          1       1774                  0                  0                  0                  0        219819.3157                  0        102.2660955        212.6401694
          1       1775                  0                  0                  0                  0        219943.2312                  0        102.2660955        212.6401694
          1       1776                  0                  0                  0                  0        220067.1468                  0        102.2660955        212.6401694
          1       1777                  0                  0                  0                  0        220191.0624                  0        102.2660955        212.6401694
          1       1778                  0                  0                  0                  0         220314.978                  0        102.2660955        212.6401694
          1       1779                  0                  0                  0                  0        220438.8936                  0        102.2660955        212.6401694
          1       1780                  0                  0                  0                  0        220562.8091                  0        102.2660955        212.6401694
          1       1781                  0                  0                  0                  0        220686.7247                  0        102.2660955        212.6401694
          1       1782                  0                  0                  0                  0        220810.6403                  0        102.2660955        212.6401694
          1       1783                  0                  0                  0                  0        220934.5559                  0        102.2660955        212.6401694
          1       1784                  0                  0                  0                  0        221058.4714                  0        102.2660955        212.6401694
          1       1785                  0                  0                  0                  0         221182.387                  0        102.2660955        212.6401694
          1       1786                  0                  0                  0                  0        221306.3026                  0        102.2660955        212.6401694
          1       1787                  0                  0                  0                  0        221430.2182                  0        102.2660955        212.6401694
          1       1788                  0                  0                  0                  0        221554.1338                  0        102.2660955        212.6401694
          1       1789                  0                  0                  0                  0        221678.0493                  0        102.2660955        212.6401694
          1       1790                  0                  0                  0                  0        221801.9649                  0        102.2660955        212.6401694
          1       1791                  0                  0                  0                  0        221925.8805                  0        102.2660955        212.6401694
          1       1792                  0                  0                  0                  0        222049.7961                  0        102.2660955        212.6401694
          1       1793                  0                  0                  0                  0        222173.7117                  0        102.2660955        212.6401694
          1       1794                  0                  0                  0                  0        222297.6272                  0        102.2660955        212.6401694
          1       1795                  0                  0                  0                  0        222421.5428                  0        102.2660955        212.6401694
          1       1796                  0                  0                  0                  0        222545.4584                  0        102.2660955        212.6401694
          1       1797                  0                  0                  0                  0         222669.374                  0        102.2660955        212.6401694
          1       1798                  0                  0                  0                  0        222793.2896                  0        102.2660955        212.6401694
          1       1799                  0                  0                  0                  0        222917.2051                  0        102.2660955        212.6401694
          1       1800                  0                  0                  0                  0        223041.1207                  0        102.2660955        212.6401694
          1       1801                  0                  0                  0                  0        223165.0363                  0        102.2660955        212.6401694
          1       1802                  0                  0                  0                  0        223288.9519                  0        102.2660955        212.6401694
          1       1803                  0                  0                  0                  0        223412.8674                  0        102.2660955        212.6401694
          1       1804                  0                  0                  0                  0         223536.783                  0        102.2660955        212.6401694
          1       1805                  0                  0                  0                  0        223660.6986                  0        102.2660955        212.6401694
          1       1806                  0                  0                  0                  0        223784.6142                  0        102.2660955        212.6401694
          1       1807                  0                  0                  0                  0        223908.5298                  0        102.2660955        212.6401694
          1       1808                  0                  0                  0                  0        224032.4453                  0        102.2660955        212.6401694
          1       1809                  0                  0                  0                  0        224156.3609                  0        102.2660955        212.6401694
          1       1810                  0                  0                  0                  0        224280.2765                  0        102.2660955        212.6401694
          1       1811                  0                  0                  0                  0        224404.1921                  0        102.2660955        212.6401694
          1       1812                  0                  0                  0                  0        224528.1077                  0        102.2660955        212.6401694
          1       1813                  0                  0                  0                  0        224652.0232                  0        102.2660955        212.6401694
          1       1814                  0                  0                  0                  0        224775.9388                  0        102.2660955        212.6401694
          1       1815                  0                  0                  0                  0        224899.8544                  0        102.2660955        212.6401694
          1       1816                  0                  0                  0                  0          225023.77                  0        102.2660955        212.6401694
          1       1817                  0                  0                  0                  0        225147.6855                  0        102.2660955        212.6401694
          1       1818                  0                  0                  0                  0        225271.6011                  0        102.2660955        212.6401694
          1       1819                  0                  0                  0                  0        225395.5167                  0        102.2660955        212.6401694
          1       1820                  0                  0                  0                  0        225519.4323                  0        102.2660955        212.6401694
          1       1821                  0                  0                  0                  0        225643.3479                  0        102.2660955        212.6401694
          1       1822                  0                  0                  0                  0        225767.2634                  0        102.2660955        212.6401694
          1       1823                  0                  0                  0                  0         225891.179                  0        102.2660955        212.6401694
          1       1824                  0                  0                  0                  0        226015.0946                  0        102.2660955        212.6401694
          1       1825                  0                  0                  0                  0        226139.0102                  0        102.2660955        212.6401694
          1       1826                  0                  0                  0                  0        226262.9258                  0        102.2660955        212.6401694
          1       1827                  0                  0                  0                  0        226386.8413                  0        102.2660955        212.6401694
          1       1828                  0                  0                  0                  0        226510.7569                  0        102.2660955        212.6401694
          1       1829                  0                  0                  0                  0        226634.6725                  0        102.2660955        212.6401694
          1       1830                  0                  0                  0                  0        226758.5881                  0        102.2660955        212.6401694
          1       1831                  0                  0                  0                  0        226882.5037                  0        102.2660955        212.6401694
          1       1832                  0                  0                  0                  0        227006.4192                  0        102.2660955        212.6401694
          1       1833                  0                  0                  0                  0        227130.3348                  0        102.2660955        212.6401694
          1       1834                  0                  0                  0                  0        227254.2504                  0        102.2660955        212.6401694
          1       1835                  0                  0                  0                  0         227378.166                  0        102.2660955        212.6401694
          1       1836                  0                  0                  0                  0        227502.0815                  0        102.2660955        212.6401694
          1       1837                  0                  0                  0                  0        227625.9971                  0        102.2660955        212.6401694
          1       1838                  0                  0                  0                  0        227749.9127                  0        102.2660955        212.6401694
          1       1839                  0                  0                  0                  0        227873.8283                  0        102.2660955        212.6401694
          1       1840                  0                  0                  0                  0        227997.7439                  0        102.2660955        212.6401694
          1       1841                  0                  0                  0                  0        228121.6594                  0        102.2660955        212.6401694
          1       1842                  0                  0                  0                  0         228245.575                  0        102.2660955        212.6401694
          1       1843                  0                  0                  0                  0        228369.4906                  0        102.2660955        212.6401694
          1       1844                  0                  0                  0                  0        228493.4062                  0        102.2660955        212.6401694
          1       1845                  0                  0                  0                  0        228617.3218                  0        102.2660955        212.6401694
          1       1846                  0                  0                  0                  0        228741.2373                  0        102.2660955        212.6401694
          1       1847                  0                  0                  0                  0        228865.1529                  0        102.2660955        212.6401694
          1       1848                  0                  0                  0                  0        228989.0685                  0        102.2660955        212.6401694
          1       1849                  0                  0                  0                  0        229112.9841                  0        102.2660955        212.6401694
          1       1850                  0                  0                  0                  0        229236.8997                  0        102.2660955        212.6401694
          1       1851                  0                  0                  0                  0        229360.8152                  0        102.2660955        212.6401694
          1       1852                  0                  0                  0                  0        229484.7308                  0        102.2660955        212.6401694
          1       1853                  0                  0                  0                  0        229608.6464                  0        102.2660955        212.6401694
          1       1854                  0                  0                  0                  0         229732.562                  0        102.2660955        212.6401694
          1       1855                  0                  0                  0                  0        229856.4775                  0        102.2660955        212.6401694
          1       1856                  0                  0                  0                  0        229980.3931                  0        102.2660955        212.6401694
          1       1857                  0                  0                  0                  0        230104.3087                  0        102.2660955        212.6401694
          1       1858                  0                  0                  0                  0        230228.2243                  0        102.2660955        212.6401694
          1       1859                  0                  0                  0                  0        230352.1399                  0        102.2660955        212.6401694
          1       1860                  0                  0                  0                  0        230476.0554                  0        102.2660955        212.6401694
          1       1861                  0                  0                  0                  0         230599.971                  0        102.2660955        212.6401694
          1       1862                  0                  0                  0                  0        230723.8866                  0        102.2660955        212.6401694
          1       1863                  0                  0                  0                  0        230847.8022                  0        102.2660955        212.6401694
          1       1864                  0                  0                  0                  0        230971.7178                  0        102.2660955        212.6401694
          1       1865                  0                  0                  0                  0        231095.6333                  0        102.2660955        212.6401694
          1       1866                  0                  0                  0                  0        231219.5489                  0        102.2660955        212.6401694
          1       1867                  0                  0                  0                  0        231343.4645                  0        102.2660955        212.6401694
          1       1868                  0                  0                  0                  0        231467.3801                  0        102.2660955        212.6401694
          1       1869                  0                  0                  0                  0        231591.2957                  0        102.2660955        212.6401694
          1       1870                  0                  0                  0                  0        231715.2112                  0        102.2660955        212.6401694
          1       1871                  0                  0                  0                  0        231839.1268                  0        102.2660955        212.6401694
          1       1872                  0                  0                  0                  0        231963.0424                  0        102.2660955        212.6401694
          1       1873                  0                  0                  0                  0         232086.958                  0        102.2660955        212.6401694
          1       1874                  0                  0                  0                  0        232210.8735                  0        102.2660955        212.6401694
          1       1875                  0                  0                  0                  0        232334.7891                  0        102.2660955        212.6401694
          1       1876                  0                  0                  0                  0        232458.7047                  0        102.2660955        212.6401694
          1       1877                  0                  0                  0                  0        232582.6203                  0        102.2660955        212.6401694
          1       1878                  0                  0                  0                  0        232706.5359                  0        102.2660955        212.6401694
          1       1879                  0                  0                  0                  0        232830.4514                  0        102.2660955        212.6401694
          1       1880                  0                  0                  0                  0         232954.367                  0        102.2660955        212.6401694
          1       1881                  0                  0                  0                  0        233078.2826                  0        102.2660955        212.6401694
          1       1882                  0                  0                  0                  0        233202.1982                  0        102.2660955        212.6401694
          1       1883                  0                  0                  0                  0        233326.1138                  0        102.2660955        212.6401694
          1       1884                  0                  0                  0                  0        233450.0293                  0        102.2660955        212.6401694
          1       1885                  0                  0                  0                  0        233573.9449                  0        102.2660955        212.6401694
          1       1886                  0                  0                  0                  0        233697.8605                  0        102.2660955        212.6401694
          1       1887                  0                  0                  0                  0        233821.7761                  0        102.2660955        212.6401694
          1       1888                  0                  0                  0                  0        233945.6917                  0        102.2660955        212.6401694
          1       1889                  0                  0                  0                  0        234069.6072                  0        102.2660955        212.6401694
          1       1890                  0                  0                  0                  0        234193.5228                  0        102.2660955        212.6401694
          1       1891                  0                  0                  0                  0        234317.4384                  0        102.2660955        212.6401694
          1       1892                  0                  0                  0                  0         234441.354                  0        102.2660955        212.6401694
          1       1893                  0                  0                  0                  0        234565.2695                  0        102.2660955        212.6401694
          1       1894                  0                  0                  0                  0        234689.1851                  0        102.2660955        212.6401694
          1       1895                  0                  0                  0                  0        234813.1007                  0        102.2660955        212.6401694
          1       1896                  0                  0                  0                  0        234937.0163                  0        102.2660955        212.6401694
          1       1897                  0                  0                  0                  0        235060.9319                  0        102.2660955        212.6401694
          1       1898                  0                  0                  0                  0        235184.8474                  0        102.2660955        212.6401694
          1       1899                  0                  0                  0                  0         235308.763                  0        102.2660955        212.6401694
          1       1900                  0                  0                  0                  0        235432.6786                  0        102.2660955        212.6401694
          1       1901                  0                  0                  0                  0        235556.5942                  0        102.2660955        212.6401694
          1       1902                  0                  0                  0                  0        235680.5098                  0        102.2660955        212.6401694
          1       1903                  0                  0                  0                  0        235804.4253                  0        102.2660955        212.6401694
          1       1904                  0                  0                  0                  0        235928.3409                  0        102.2660955        212.6401694
          1       1905                  0                  0                  0                  0        236052.2565                  0        102.2660955        212.6401694
          1       1906                  0                  0                  0                  0        236176.1721                  0        102.2660955        212.6401694
          1       1907                  0                  0                  0                  0        236300.0877                  0        102.2660955        212.6401694
          1       1908                  0                  0                  0                  0        236424.0032                  0        102.2660955        212.6401694
          1       1909                  0                  0                  0                  0        236547.9188                  0        102.2660955        212.6401694
          1       1910                  0                  0                  0                  0        236671.8344                  0        102.2660955        212.6401694
          1       1911                  0                  0                  0                  0          236795.75                  0        102.2660955        212.6401694
          1       1912                  0                  0                  0                  0        236919.6655                  0        102.2660955        212.6401694
          1       1913                  0                  0                  0                  0        237043.5811                  0        102.2660955        212.6401694
          1       1914                  0                  0                  0                  0        237167.4967                  0        102.2660955        212.6401694
          1       1915                  0                  0                  0                  0        237291.4123                  0        102.2660955        212.6401694
          1       1916                  0                  0                  0                  0        237415.3279                  0        102.2660955        212.6401694
          1       1917                  0                  0                  0                  0        237539.2434                  0        102.2660955        212.6401694
          1       1918                  0                  0                  0                  0         237663.159                  0        102.2660955        212.6401694
          1       1919                  0                  0                  0                  0        237787.0746                  0        102.2660955        212.6401694
          1       1920                  0                  0                  0                  0        237910.9902                  0        102.2660955        212.6401694
          1       1921                  0                  0                  0                  0        238034.9058                  0        102.2660955        212.6401694
          1       1922                  0                  0                  0                  0        238158.8213                  0        102.2660955        212.6401694
          1       1923                  0                  0                  0                  0        238282.7369                  0        102.2660955        212.6401694
          1       1924                  0                  0                  0                  0        238406.6525                  0        102.2660955        212.6401694
          1       1925                  0                  0                  0                  0        238530.5681                  0        102.2660955        212.6401694
          1       1926                  0                  0                  0                  0        238654.4836                  0        102.2660955        212.6401694
          1       1927                  0                  0                  0                  0        238778.3992                  0        102.2660955        212.6401694
          1       1928                  0                  0                  0                  0        238902.3148                  0        102.2660955        212.6401694
          1       1929                  0                  0                  0                  0        239026.2304                  0        102.2660955        212.6401694
          1       1930                  0                  0                  0                  0         239150.146                  0        102.2660955        212.6401694
          1       1931                  0                  0                  0                  0        239274.0615                  0        102.2660955        212.6401694
          1       1932                  0                  0                  0                  0        239397.9771                  0        102.2660955        212.6401694
          1       1933                  0                  0                  0                  0        239521.8927                  0        102.2660955        212.6401694
          1       1934                  0                  0                  0                  0        239645.8083                  0        102.2660955        212.6401694
          1       1935                  0                  0                  0                  0        239769.7239                  0        102.2660955        212.6401694
          1       1936                  0                  0                  0                  0        239893.6394                  0        102.2660955        212.6401694
          1       1937                  0                  0                  0                  0         240017.555                  0        102.2660955        212.6401694
          1       1938                  0                  0                  0                  0        240141.4706                  0        102.2660955        212.6401694
          1       1939                  0                  0                  0                  0        240265.3862                  0        102.2660955        212.6401694
          1       1940                  0                  0                  0                  0        240389.3018                  0        102.2660955        212.6401694
          1       1941                  0                  0                  0                  0        240513.2173                  0        102.2660955        212.6401694
          1       1942                  0                  0                  0                  0        240637.1329                  0        102.2660955        212.6401694
          1       1943                  0                  0                  0                  0        240761.0485                  0        102.2660955        212.6401694
          1       1944                  0                  0                  0                  0        240884.9641                  0        102.2660955        212.6401694
          1       1945                  0                  0                  0                  0        241008.8796                  0        102.2660955        212.6401694
          1       1946                  0                  0                  0                  0        241132.7952                  0        102.2660955        212.6401694
          1       1947                  0                  0                  0                  0        241256.7108                  0        102.2660955        212.6401694
          1       1948                  0                  0                  0                  0        241380.6264                  0        102.2660955        212.6401694
          1       1949                  0                  0                  0                  0         241504.542                  0        102.2660955        212.6401694
          1       1950                  0                  0                  0                  0        241628.4575                  0        102.2660955        212.6401694
          1       1951                  0                  0                  0                  0        241752.3731                  0        102.2660955        212.6401694
          1       1952                  0                  0                  0                  0        241876.2887                  0        102.2660955        212.6401694
          1       1953                  0                  0                  0                  0        242000.2043                  0        102.2660955        212.6401694
          1       1954                  0                  0                  0                  0        242124.1199                  0        102.2660955        212.6401694
          1       1955                  0                  0                  0                  0        242248.0354                  0        102.2660955        212.6401694
          1       1956                  0                  0                  0                  0         242371.951                  0        102.2660955        212.6401694
          1       1957                  0                  0                  0                  0        242495.8666                  0        102.2660955        212.6401694
          1       1958                  0                  0                  0                  0        242619.7822                  0        102.2660955        212.6401694
          1       1959                  0                  0                  0                  0        242743.6978                  0        102.2660955        212.6401694
          1       1960                  0                  0                  0                  0        242867.6133                  0        102.2660955        212.6401694
          1       1961                  0                  0                  0                  0        242991.5289                  0        102.2660955        212.6401694
          1       1962                  0                  0                  0                  0        243115.4445                  0        102.2660955        212.6401694
          1       1963                  0                  0                  0                  0        243239.3601                  0        102.2660955        212.6401694
          1       1964                  0                  0                  0                  0        243363.2756                  0        102.2660955        212.6401694
          1       1965                  0                  0                  0                  0        243487.1912                  0        102.2660955        212.6401694
          1       1966                  0                  0                  0                  0        243611.1068                  0        102.2660955        212.6401694
          1       1967                  0                  0                  0                  0        243735.0224                  0        102.2660955        212.6401694
          1       1968                  0                  0                  0                  0         243858.938                  0        102.2660955        212.6401694
          1       1969                  0                  0                  0                  0        243982.8535                  0        102.2660955        212.6401694
          1       1970                  0                  0                  0                  0        244106.7691                  0        102.2660955        212.6401694
          1       1971                  0                  0                  0                  0        244230.6847                  0        102.2660955        212.6401694
          1       1972                  0                  0                  0                  0        244354.6003                  0        102.2660955        212.6401694
          1       1973                  0                  0                  0                  0        244478.5159                  0        102.2660955        212.6401694
          1       1974                  0                  0                  0                  0        244602.4314                  0        102.2660955        212.6401694
          1       1975                  0                  0                  0                  0         244726.347                  0        102.2660955        212.6401694
          1       1976                  0                  0                  0                  0        244850.2626                  0        102.2660955        212.6401694
          1       1977                  0                  0                  0                  0        244974.1782                  0        102.2660955        212.6401694
          1       1978                  0                  0                  0                  0        245098.0938                  0        102.2660955        212.6401694
          1       1979                  0                  0                  0                  0        245222.0093                  0        102.2660955        212.6401694
          1       1980                  0                  0                  0                  0        245345.9249                  0        102.2660955        212.6401694
          1       1981                  0                  0                  0                  0        245469.8405                  0        102.2660955        212.6401694
          1       1982                  0                  0                  0                  0        245593.7561                  0        102.2660955        212.6401694
          1       1983                  0                  0                  0                  0        245717.6716                  0        102.2660955        212.6401694
          1       1984                  0                  0                  0                  0        245841.5872                  0        102.2660955        212.6401694
          1       1985                  0                  0                  0                  0        245965.5028                  0        102.2660955        212.6401694
          1       1986                  0                  0                  0                  0        246089.4184                  0        102.2660955        212.6401694
          1       1987                  0                  0                  0                  0         246213.334                  0        102.2660955        212.6401694
          1       1988                  0                  0                  0                  0        246337.2495                  0        102.2660955        212.6401694
          1       1989                  0                  0                  0                  0        246461.1651                  0        102.2660955        212.6401694
          1       1990                  0                  0                  0                  0        246585.0807                  0        102.2660955        212.6401694
          1       1991                  0                  0                  0                  0        246708.9963                  0        102.2660955        212.6401694
          1       1992                  0                  0                  0                  0        246832.9119                  0        102.2660955        212.6401694
          1       1993                  0                  0                  0                  0        246956.8274                  0        102.2660955        212.6401694
          1       1994                  0                  0                  0                  0         247080.743                  0        102.2660955        212.6401694
          1       1995                  0                  0                  0                  0        247204.6586                  0        102.2660955        212.6401694
          1       1996                  0                  0                  0                  0        247328.5742                  0        102.2660955        212.6401694
          1       1997                  0                  0                  0                  0        247452.4898                  0        102.2660955        212.6401694
          1       1998                  0                  0                  0                  0        247576.4053                  0        102.2660955        212.6401694
          1       1999                  0                  0                  0                  0        247700.3209                  0        102.2660955        212.6401694
          1       2000                  0                  0                  0                  0        247824.2365                  0        102.2660955        212.6401694
