@ NAME             %19s "TRACK.OBS0001.P0001"
@ TYPE             %08s "TRACKOBS"
@ TITLE            %15s "ESR ring optics"
@ ORIGIN           %18s "5.09.03 Windows 64"
@ DATE             %08s "10/01/25"
@ TIME             %08s "18.55.22"
*     NUMBER       TURN                  X                 PX                  Y                 PY                  T                 PT                  S                  E 
$         %d         %d                %le                %le                %le                %le                %le                %le                %le                %le 
          1          0                  0                  0                  0                  0                  0                  0                  0        212.6401694
          1          1                  0                  0                  0                  0        123.9155789                  0                  0        212.6401694
          1          2                  0                  0                  0                  0        247.8311578                  0                  0        212.6401694
          1          3                  0                  0                  0                  0        371.7467367                  0                  0        212.6401694
          1          4                  0                  0                  0                  0        495.6623156                  0                  0        212.6401694
          1          5                  0                  0                  0                  0        619.5778945                  0                  0        212.6401694
          1          6                  0                  0                  0                  0        743.4934734                  0                  0        212.6401694
          1          7                  0                  0                  0                  0        867.4090523                  0                  0        212.6401694
          1          8                  0                  0                  0                  0        991.3246312                  0                  0        212.6401694
          1          9                  0                  0                  0                  0         1115.24021                  0                  0        212.6401694
          1         10                  0                  0                  0                  0        1239.155789                  0                  0        212.6401694
          1         11                  0                  0                  0                  0        1363.071368                  0                  0        212.6401694
          1         12                  0                  0                  0                  0        1486.986947                  0                  0        212.6401694
          1         13                  0                  0                  0                  0        1610.902526                  0                  0        212.6401694
          1         14                  0                  0                  0                  0        1734.818105                  0                  0        212.6401694
          1         15                  0                  0                  0                  0        1858.733683                  0                  0        212.6401694
          1         16                  0                  0                  0                  0        1982.649262                  0                  0        212.6401694
          1         17                  0                  0                  0                  0        2106.564841                  0                  0        212.6401694
          1         18                  0                  0                  0                  0         2230.48042                  0                  0        212.6401694
          1         19                  0                  0                  0                  0        2354.395999                  0                  0        212.6401694
          1         20                  0                  0                  0                  0        2478.311578                  0                  0        212.6401694
          1         21                  0                  0                  0                  0        2602.227157                  0                  0        212.6401694
          1         22                  0                  0                  0                  0        2726.142736                  0                  0        212.6401694
          1         23                  0                  0                  0                  0        2850.058315                  0                  0        212.6401694
          1         24                  0                  0                  0                  0        2973.973894                  0                  0        212.6401694
          1         25                  0                  0                  0                  0        3097.889472                  0                  0        212.6401694
          1         26                  0                  0                  0                  0        3221.805051                  0                  0        212.6401694
          1         27                  0                  0                  0                  0         3345.72063                  0                  0        212.6401694
          1         28                  0                  0                  0                  0        3469.636209                  0                  0        212.6401694
          1         29                  0                  0                  0                  0        3593.551788                  0                  0        212.6401694
          1         30                  0                  0                  0                  0        3717.467367                  0                  0        212.6401694
          1         31                  0                  0                  0                  0        3841.382946                  0                  0        212.6401694
          1         32                  0                  0                  0                  0        3965.298525                  0                  0        212.6401694
          1         33                  0                  0                  0                  0        4089.214104                  0                  0        212.6401694
          1         34                  0                  0                  0                  0        4213.129683                  0                  0        212.6401694
          1         35                  0                  0                  0                  0        4337.045261                  0                  0        212.6401694
          1         36                  0                  0                  0                  0         4460.96084                  0                  0        212.6401694
          1         37                  0                  0                  0                  0        4584.876419                  0                  0        212.6401694
          1         38                  0                  0                  0                  0        4708.791998                  0                  0        212.6401694
          1         39                  0                  0                  0                  0        4832.707577                  0                  0        212.6401694
          1         40                  0                  0                  0                  0        4956.623156                  0                  0        212.6401694
          1         41                  0                  0                  0                  0        5080.538735                  0                  0        212.6401694
          1         42                  0                  0                  0                  0        5204.454314                  0                  0        212.6401694
          1         43                  0                  0                  0                  0        5328.369893                  0                  0        212.6401694
          1         44                  0                  0                  0                  0        5452.285472                  0                  0        212.6401694
          1         45                  0                  0                  0                  0         5576.20105                  0                  0        212.6401694
          1         46                  0                  0                  0                  0        5700.116629                  0                  0        212.6401694
          1         47                  0                  0                  0                  0        5824.032208                  0                  0        212.6401694
          1         48                  0                  0                  0                  0        5947.947787                  0                  0        212.6401694
          1         49                  0                  0                  0                  0        6071.863366                  0                  0        212.6401694
          1         50                  0                  0                  0                  0        6195.778945                  0                  0        212.6401694
          1         51                  0                  0                  0                  0        6319.694524                  0                  0        212.6401694
          1         52                  0                  0                  0                  0        6443.610103                  0                  0        212.6401694
          1         53                  0                  0                  0                  0        6567.525682                  0                  0        212.6401694
          1         54                  0                  0                  0                  0        6691.441261                  0                  0        212.6401694
          1         55                  0                  0                  0                  0        6815.356839                  0                  0        212.6401694
          1         56                  0                  0                  0                  0        6939.272418                  0                  0        212.6401694
          1         57                  0                  0                  0                  0        7063.187997                  0                  0        212.6401694
          1         58                  0                  0                  0                  0        7187.103576                  0                  0        212.6401694
          1         59                  0                  0                  0                  0        7311.019155                  0                  0        212.6401694
          1         60                  0                  0                  0                  0        7434.934734                  0                  0        212.6401694
          1         61                  0                  0                  0                  0        7558.850313                  0                  0        212.6401694
          1         62                  0                  0                  0                  0        7682.765892                  0                  0        212.6401694
          1         63                  0                  0                  0                  0        7806.681471                  0                  0        212.6401694
          1         64                  0                  0                  0                  0        7930.597049                  0                  0        212.6401694
          1         65                  0                  0                  0                  0        8054.512628                  0                  0        212.6401694
          1         66                  0                  0                  0                  0        8178.428207                  0                  0        212.6401694
          1         67                  0                  0                  0                  0        8302.343786                  0                  0        212.6401694
          1         68                  0                  0                  0                  0        8426.259365                  0                  0        212.6401694
          1         69                  0                  0                  0                  0        8550.174944                  0                  0        212.6401694
          1         70                  0                  0                  0                  0        8674.090523                  0                  0        212.6401694
          1         71                  0                  0                  0                  0        8798.006102                  0                  0        212.6401694
          1         72                  0                  0                  0                  0        8921.921681                  0                  0        212.6401694
          1         73                  0                  0                  0                  0         9045.83726                  0                  0        212.6401694
          1         74                  0                  0                  0                  0        9169.752838                  0                  0        212.6401694
          1         75                  0                  0                  0                  0        9293.668417                  0                  0        212.6401694
          1         76                  0                  0                  0                  0        9417.583996                  0                  0        212.6401694
          1         77                  0                  0                  0                  0        9541.499575                  0                  0        212.6401694
          1         78                  0                  0                  0                  0        9665.415154                  0                  0        212.6401694
          1         79                  0                  0                  0                  0        9789.330733                  0                  0        212.6401694
          1         80                  0                  0                  0                  0        9913.246312                  0                  0        212.6401694
          1         81                  0                  0                  0                  0        10037.16189                  0                  0        212.6401694
          1         82                  0                  0                  0                  0        10161.07747                  0                  0        212.6401694
          1         83                  0                  0                  0                  0        10284.99305                  0                  0        212.6401694
          1         84                  0                  0                  0                  0        10408.90863                  0                  0        212.6401694
          1         85                  0                  0                  0                  0        10532.82421                  0                  0        212.6401694
          1         86                  0                  0                  0                  0        10656.73979                  0                  0        212.6401694
          1         87                  0                  0                  0                  0        10780.65536                  0                  0        212.6401694
          1         88                  0                  0                  0                  0        10904.57094                  0                  0        212.6401694
          1         89                  0                  0                  0                  0        11028.48652                  0                  0        212.6401694
          1         90                  0                  0                  0                  0         11152.4021                  0                  0        212.6401694
          1         91                  0                  0                  0                  0        11276.31768                  0                  0        212.6401694
          1         92                  0                  0                  0                  0        11400.23326                  0                  0        212.6401694
          1         93                  0                  0                  0                  0        11524.14884                  0                  0        212.6401694
          1         94                  0                  0                  0                  0        11648.06442                  0                  0        212.6401694
          1         95                  0                  0                  0                  0           11771.98                  0                  0        212.6401694
          1         96                  0                  0                  0                  0        11895.89557                  0                  0        212.6401694
          1         97                  0                  0                  0                  0        12019.81115                  0                  0        212.6401694
          1         98                  0                  0                  0                  0        12143.72673                  0                  0        212.6401694
          1         99                  0                  0                  0                  0        12267.64231                  0                  0        212.6401694
          1        100                  0                  0                  0                  0        12391.55789                  0                  0        212.6401694
          1        101                  0                  0                  0                  0        12515.47347                  0                  0        212.6401694
          1        102                  0                  0                  0                  0        12639.38905                  0                  0        212.6401694
          1        103                  0                  0                  0                  0        12763.30463                  0                  0        212.6401694
          1        104                  0                  0                  0                  0        12887.22021                  0                  0        212.6401694
          1        105                  0                  0                  0                  0        13011.13578                  0                  0        212.6401694
          1        106                  0                  0                  0                  0        13135.05136                  0                  0        212.6401694
          1        107                  0                  0                  0                  0        13258.96694                  0                  0        212.6401694
          1        108                  0                  0                  0                  0        13382.88252                  0                  0        212.6401694
          1        109                  0                  0                  0                  0         13506.7981                  0                  0        212.6401694
          1        110                  0                  0                  0                  0        13630.71368                  0                  0        212.6401694
          1        111                  0                  0                  0                  0        13754.62926                  0                  0        212.6401694
          1        112                  0                  0                  0                  0        13878.54484                  0                  0        212.6401694
          1        113                  0                  0                  0                  0        14002.46042                  0                  0        212.6401694
          1        114                  0                  0                  0                  0        14126.37599                  0                  0        212.6401694
          1        115                  0                  0                  0                  0        14250.29157                  0                  0        212.6401694
          1        116                  0                  0                  0                  0        14374.20715                  0                  0        212.6401694
          1        117                  0                  0                  0                  0        14498.12273                  0                  0        212.6401694
          1        118                  0                  0                  0                  0        14622.03831                  0                  0        212.6401694
          1        119                  0                  0                  0                  0        14745.95389                  0                  0        212.6401694
          1        120                  0                  0                  0                  0        14869.86947                  0                  0        212.6401694
          1        121                  0                  0                  0                  0        14993.78505                  0                  0        212.6401694
          1        122                  0                  0                  0                  0        15117.70063                  0                  0        212.6401694
          1        123                  0                  0                  0                  0         15241.6162                  0                  0        212.6401694
          1        124                  0                  0                  0                  0        15365.53178                  0                  0        212.6401694
          1        125                  0                  0                  0                  0        15489.44736                  0                  0        212.6401694
          1        126                  0                  0                  0                  0        15613.36294                  0                  0        212.6401694
          1        127                  0                  0                  0                  0        15737.27852                  0                  0        212.6401694
          1        128                  0                  0                  0                  0         15861.1941                  0                  0        212.6401694
          1        129                  0                  0                  0                  0        15985.10968                  0                  0        212.6401694
          1        130                  0                  0                  0                  0        16109.02526                  0                  0        212.6401694
          1        131                  0                  0                  0                  0        16232.94084                  0                  0        212.6401694
          1        132                  0                  0                  0                  0        16356.85641                  0                  0        212.6401694
          1        133                  0                  0                  0                  0        16480.77199                  0                  0        212.6401694
          1        134                  0                  0                  0                  0        16604.68757                  0                  0        212.6401694
          1        135                  0                  0                  0                  0        16728.60315                  0                  0        212.6401694
          1        136                  0                  0                  0                  0        16852.51873                  0                  0        212.6401694
          1        137                  0                  0                  0                  0        16976.43431                  0                  0        212.6401694
          1        138                  0                  0                  0                  0        17100.34989                  0                  0        212.6401694
          1        139                  0                  0                  0                  0        17224.26547                  0                  0        212.6401694
          1        140                  0                  0                  0                  0        17348.18105                  0                  0        212.6401694
          1        141                  0                  0                  0                  0        17472.09662                  0                  0        212.6401694
          1        142                  0                  0                  0                  0         17596.0122                  0                  0        212.6401694
          1        143                  0                  0                  0                  0        17719.92778                  0                  0        212.6401694
          1        144                  0                  0                  0                  0        17843.84336                  0                  0        212.6401694
          1        145                  0                  0                  0                  0        17967.75894                  0                  0        212.6401694
          1        146                  0                  0                  0                  0        18091.67452                  0                  0        212.6401694
          1        147                  0                  0                  0                  0         18215.5901                  0                  0        212.6401694
          1        148                  0                  0                  0                  0        18339.50568                  0                  0        212.6401694
          1        149                  0                  0                  0                  0        18463.42126                  0                  0        212.6401694
          1        150                  0                  0                  0                  0        18587.33683                  0                  0        212.6401694
          1        151                  0                  0                  0                  0        18711.25241                  0                  0        212.6401694
          1        152                  0                  0                  0                  0        18835.16799                  0                  0        212.6401694
          1        153                  0                  0                  0                  0        18959.08357                  0                  0        212.6401694
          1        154                  0                  0                  0                  0        19082.99915                  0                  0        212.6401694
          1        155                  0                  0                  0                  0        19206.91473                  0                  0        212.6401694
          1        156                  0                  0                  0                  0        19330.83031                  0                  0        212.6401694
          1        157                  0                  0                  0                  0        19454.74589                  0                  0        212.6401694
          1        158                  0                  0                  0                  0        19578.66147                  0                  0        212.6401694
          1        159                  0                  0                  0                  0        19702.57704                  0                  0        212.6401694
          1        160                  0                  0                  0                  0        19826.49262                  0                  0        212.6401694
          1        161                  0                  0                  0                  0         19950.4082                  0                  0        212.6401694
          1        162                  0                  0                  0                  0        20074.32378                  0                  0        212.6401694
          1        163                  0                  0                  0                  0        20198.23936                  0                  0        212.6401694
          1        164                  0                  0                  0                  0        20322.15494                  0                  0        212.6401694
          1        165                  0                  0                  0                  0        20446.07052                  0                  0        212.6401694
          1        166                  0                  0                  0                  0         20569.9861                  0                  0        212.6401694
          1        167                  0                  0                  0                  0        20693.90168                  0                  0        212.6401694
          1        168                  0                  0                  0                  0        20817.81725                  0                  0        212.6401694
          1        169                  0                  0                  0                  0        20941.73283                  0                  0        212.6401694
          1        170                  0                  0                  0                  0        21065.64841                  0                  0        212.6401694
          1        171                  0                  0                  0                  0        21189.56399                  0                  0        212.6401694
          1        172                  0                  0                  0                  0        21313.47957                  0                  0        212.6401694
          1        173                  0                  0                  0                  0        21437.39515                  0                  0        212.6401694
          1        174                  0                  0                  0                  0        21561.31073                  0                  0        212.6401694
          1        175                  0                  0                  0                  0        21685.22631                  0                  0        212.6401694
          1        176                  0                  0                  0                  0        21809.14189                  0                  0        212.6401694
          1        177                  0                  0                  0                  0        21933.05746                  0                  0        212.6401694
          1        178                  0                  0                  0                  0        22056.97304                  0                  0        212.6401694
          1        179                  0                  0                  0                  0        22180.88862                  0                  0        212.6401694
          1        180                  0                  0                  0                  0         22304.8042                  0                  0        212.6401694
          1        181                  0                  0                  0                  0        22428.71978                  0                  0        212.6401694
          1        182                  0                  0                  0                  0        22552.63536                  0                  0        212.6401694
          1        183                  0                  0                  0                  0        22676.55094                  0                  0        212.6401694
          1        184                  0                  0                  0                  0        22800.46652                  0                  0        212.6401694
          1        185                  0                  0                  0                  0         22924.3821                  0                  0        212.6401694
          1        186                  0                  0                  0                  0        23048.29768                  0                  0        212.6401694
          1        187                  0                  0                  0                  0        23172.21325                  0                  0        212.6401694
          1        188                  0                  0                  0                  0        23296.12883                  0                  0        212.6401694
          1        189                  0                  0                  0                  0        23420.04441                  0                  0        212.6401694
          1        190                  0                  0                  0                  0        23543.95999                  0                  0        212.6401694
          1        191                  0                  0                  0                  0        23667.87557                  0                  0        212.6401694
          1        192                  0                  0                  0                  0        23791.79115                  0                  0        212.6401694
          1        193                  0                  0                  0                  0        23915.70673                  0                  0        212.6401694
          1        194                  0                  0                  0                  0        24039.62231                  0                  0        212.6401694
          1        195                  0                  0                  0                  0        24163.53789                  0                  0        212.6401694
          1        196                  0                  0                  0                  0        24287.45346                  0                  0        212.6401694
          1        197                  0                  0                  0                  0        24411.36904                  0                  0        212.6401694
          1        198                  0                  0                  0                  0        24535.28462                  0                  0        212.6401694
          1        199                  0                  0                  0                  0         24659.2002                  0                  0        212.6401694
          1        200                  0                  0                  0                  0        24783.11578                  0                  0        212.6401694
          1        201                  0                  0                  0                  0        24907.03136                  0                  0        212.6401694
          1        202                  0                  0                  0                  0        25030.94694                  0                  0        212.6401694
          1        203                  0                  0                  0                  0        25154.86252                  0                  0        212.6401694
          1        204                  0                  0                  0                  0         25278.7781                  0                  0        212.6401694
          1        205                  0                  0                  0                  0        25402.69367                  0                  0        212.6401694
          1        206                  0                  0                  0                  0        25526.60925                  0                  0        212.6401694
          1        207                  0                  0                  0                  0        25650.52483                  0                  0        212.6401694
          1        208                  0                  0                  0                  0        25774.44041                  0                  0        212.6401694
          1        209                  0                  0                  0                  0        25898.35599                  0                  0        212.6401694
          1        210                  0                  0                  0                  0        26022.27157                  0                  0        212.6401694
          1        211                  0                  0                  0                  0        26146.18715                  0                  0        212.6401694
          1        212                  0                  0                  0                  0        26270.10273                  0                  0        212.6401694
          1        213                  0                  0                  0                  0        26394.01831                  0                  0        212.6401694
          1        214                  0                  0                  0                  0        26517.93388                  0                  0        212.6401694
          1        215                  0                  0                  0                  0        26641.84946                  0                  0        212.6401694
          1        216                  0                  0                  0                  0        26765.76504                  0                  0        212.6401694
          1        217                  0                  0                  0                  0        26889.68062                  0                  0        212.6401694
          1        218                  0                  0                  0                  0         27013.5962                  0                  0        212.6401694
          1        219                  0                  0                  0                  0        27137.51178                  0                  0        212.6401694
          1        220                  0                  0                  0                  0        27261.42736                  0                  0        212.6401694
          1        221                  0                  0                  0                  0        27385.34294                  0                  0        212.6401694
          1        222                  0                  0                  0                  0        27509.25852                  0                  0        212.6401694
          1        223                  0                  0                  0                  0        27633.17409                  0                  0        212.6401694
          1        224                  0                  0                  0                  0        27757.08967                  0                  0        212.6401694
          1        225                  0                  0                  0                  0        27881.00525                  0                  0        212.6401694
          1        226                  0                  0                  0                  0        28004.92083                  0                  0        212.6401694
          1        227                  0                  0                  0                  0        28128.83641                  0                  0        212.6401694
          1        228                  0                  0                  0                  0        28252.75199                  0                  0        212.6401694
          1        229                  0                  0                  0                  0        28376.66757                  0                  0        212.6401694
          1        230                  0                  0                  0                  0        28500.58315                  0                  0        212.6401694
          1        231                  0                  0                  0                  0        28624.49873                  0                  0        212.6401694
          1        232                  0                  0                  0                  0         28748.4143                  0                  0        212.6401694
          1        233                  0                  0                  0                  0        28872.32988                  0                  0        212.6401694
          1        234                  0                  0                  0                  0        28996.24546                  0                  0        212.6401694
          1        235                  0                  0                  0                  0        29120.16104                  0                  0        212.6401694
          1        236                  0                  0                  0                  0        29244.07662                  0                  0        212.6401694
          1        237                  0                  0                  0                  0         29367.9922                  0                  0        212.6401694
          1        238                  0                  0                  0                  0        29491.90778                  0                  0        212.6401694
          1        239                  0                  0                  0                  0        29615.82336                  0                  0        212.6401694
          1        240                  0                  0                  0                  0        29739.73894                  0                  0        212.6401694
          1        241                  0                  0                  0                  0        29863.65451                  0                  0        212.6401694
          1        242                  0                  0                  0                  0        29987.57009                  0                  0        212.6401694
          1        243                  0                  0                  0                  0        30111.48567                  0                  0        212.6401694
          1        244                  0                  0                  0                  0        30235.40125                  0                  0        212.6401694
          1        245                  0                  0                  0                  0        30359.31683                  0                  0        212.6401694
          1        246                  0                  0                  0                  0        30483.23241                  0                  0        212.6401694
          1        247                  0                  0                  0                  0        30607.14799                  0                  0        212.6401694
          1        248                  0                  0                  0                  0        30731.06357                  0                  0        212.6401694
          1        249                  0                  0                  0                  0        30854.97915                  0                  0        212.6401694
          1        250                  0                  0                  0                  0        30978.89472                  0                  0        212.6401694
          1        251                  0                  0                  0                  0         31102.8103                  0                  0        212.6401694
          1        252                  0                  0                  0                  0        31226.72588                  0                  0        212.6401694
          1        253                  0                  0                  0                  0        31350.64146                  0                  0        212.6401694
          1        254                  0                  0                  0                  0        31474.55704                  0                  0        212.6401694
          1        255                  0                  0                  0                  0        31598.47262                  0                  0        212.6401694
          1        256                  0                  0                  0                  0         31722.3882                  0                  0        212.6401694
          1        257                  0                  0                  0                  0        31846.30378                  0                  0        212.6401694
          1        258                  0                  0                  0                  0        31970.21936                  0                  0        212.6401694
          1        259                  0                  0                  0                  0        32094.13493                  0                  0        212.6401694
          1        260                  0                  0                  0                  0        32218.05051                  0                  0        212.6401694
          1        261                  0                  0                  0                  0        32341.96609                  0                  0        212.6401694
          1        262                  0                  0                  0                  0        32465.88167                  0                  0        212.6401694
          1        263                  0                  0                  0                  0        32589.79725                  0                  0        212.6401694
          1        264                  0                  0                  0                  0        32713.71283                  0                  0        212.6401694
          1        265                  0                  0                  0                  0        32837.62841                  0                  0        212.6401694
          1        266                  0                  0                  0                  0        32961.54399                  0                  0        212.6401694
          1        267                  0                  0                  0                  0        33085.45957                  0                  0        212.6401694
          1        268                  0                  0                  0                  0        33209.37514                  0                  0        212.6401694
          1        269                  0                  0                  0                  0        33333.29072                  0                  0        212.6401694
          1        270                  0                  0                  0                  0         33457.2063                  0                  0        212.6401694
          1        271                  0                  0                  0                  0        33581.12188                  0                  0        212.6401694
          1        272                  0                  0                  0                  0        33705.03746                  0                  0        212.6401694
          1        273                  0                  0                  0                  0        33828.95304                  0                  0        212.6401694
          1        274                  0                  0                  0                  0        33952.86862                  0                  0        212.6401694
          1        275                  0                  0                  0                  0         34076.7842                  0                  0        212.6401694
          1        276                  0                  0                  0                  0        34200.69978                  0                  0        212.6401694
          1        277                  0                  0                  0                  0        34324.61535                  0                  0        212.6401694
          1        278                  0                  0                  0                  0        34448.53093                  0                  0        212.6401694
          1        279                  0                  0                  0                  0        34572.44651                  0                  0        212.6401694
          1        280                  0                  0                  0                  0        34696.36209                  0                  0        212.6401694
          1        281                  0                  0                  0                  0        34820.27767                  0                  0        212.6401694
          1        282                  0                  0                  0                  0        34944.19325                  0                  0        212.6401694
          1        283                  0                  0                  0                  0        35068.10883                  0                  0        212.6401694
          1        284                  0                  0                  0                  0        35192.02441                  0                  0        212.6401694
          1        285                  0                  0                  0                  0        35315.93999                  0                  0        212.6401694
          1        286                  0                  0                  0                  0        35439.85556                  0                  0        212.6401694
          1        287                  0                  0                  0                  0        35563.77114                  0                  0        212.6401694
          1        288                  0                  0                  0                  0        35687.68672                  0                  0        212.6401694
          1        289                  0                  0                  0                  0         35811.6023                  0                  0        212.6401694
          1        290                  0                  0                  0                  0        35935.51788                  0                  0        212.6401694
          1        291                  0                  0                  0                  0        36059.43346                  0                  0        212.6401694
          1        292                  0                  0                  0                  0        36183.34904                  0                  0        212.6401694
          1        293                  0                  0                  0                  0        36307.26462                  0                  0        212.6401694
          1        294                  0                  0                  0                  0         36431.1802                  0                  0        212.6401694
          1        295                  0                  0                  0                  0        36555.09577                  0                  0        212.6401694
          1        296                  0                  0                  0                  0        36679.01135                  0                  0        212.6401694
          1        297                  0                  0                  0                  0        36802.92693                  0                  0        212.6401694
          1        298                  0                  0                  0                  0        36926.84251                  0                  0        212.6401694
          1        299                  0                  0                  0                  0        37050.75809                  0                  0        212.6401694
          1        300                  0                  0                  0                  0        37174.67367                  0                  0        212.6401694
          1        301                  0                  0                  0                  0        37298.58925                  0                  0        212.6401694
          1        302                  0                  0                  0                  0        37422.50483                  0                  0        212.6401694
          1        303                  0                  0                  0                  0        37546.42041                  0                  0        212.6401694
          1        304                  0                  0                  0                  0        37670.33599                  0                  0        212.6401694
          1        305                  0                  0                  0                  0        37794.25156                  0                  0        212.6401694
          1        306                  0                  0                  0                  0        37918.16714                  0                  0        212.6401694
          1        307                  0                  0                  0                  0        38042.08272                  0                  0        212.6401694
          1        308                  0                  0                  0                  0         38165.9983                  0                  0        212.6401694
          1        309                  0                  0                  0                  0        38289.91388                  0                  0        212.6401694
          1        310                  0                  0                  0                  0        38413.82946                  0                  0        212.6401694
          1        311                  0                  0                  0                  0        38537.74504                  0                  0        212.6401694
          1        312                  0                  0                  0                  0        38661.66062                  0                  0        212.6401694
          1        313                  0                  0                  0                  0         38785.5762                  0                  0        212.6401694
          1        314                  0                  0                  0                  0        38909.49177                  0                  0        212.6401694
          1        315                  0                  0                  0                  0        39033.40735                  0                  0        212.6401694
          1        316                  0                  0                  0                  0        39157.32293                  0                  0        212.6401694
          1        317                  0                  0                  0                  0        39281.23851                  0                  0        212.6401694
          1        318                  0                  0                  0                  0        39405.15409                  0                  0        212.6401694
          1        319                  0                  0                  0                  0        39529.06967                  0                  0        212.6401694
          1        320                  0                  0                  0                  0        39652.98525                  0                  0        212.6401694
          1        321                  0                  0                  0                  0        39776.90083                  0                  0        212.6401694
          1        322                  0                  0                  0                  0        39900.81641                  0                  0        212.6401694
          1        323                  0                  0                  0                  0        40024.73198                  0                  0        212.6401694
          1        324                  0                  0                  0                  0        40148.64756                  0                  0        212.6401694
          1        325                  0                  0                  0                  0        40272.56314                  0                  0        212.6401694
          1        326                  0                  0                  0                  0        40396.47872                  0                  0        212.6401694
          1        327                  0                  0                  0                  0         40520.3943                  0                  0        212.6401694
          1        328                  0                  0                  0                  0        40644.30988                  0                  0        212.6401694
          1        329                  0                  0                  0                  0        40768.22546                  0                  0        212.6401694
          1        330                  0                  0                  0                  0        40892.14104                  0                  0        212.6401694
          1        331                  0                  0                  0                  0        41016.05662                  0                  0        212.6401694
          1        332                  0                  0                  0                  0        41139.97219                  0                  0        212.6401694
          1        333                  0                  0                  0                  0        41263.88777                  0                  0        212.6401694
          1        334                  0                  0                  0                  0        41387.80335                  0                  0        212.6401694
          1        335                  0                  0                  0                  0        41511.71893                  0                  0        212.6401694
          1        336                  0                  0                  0                  0        41635.63451                  0                  0        212.6401694
          1        337                  0                  0                  0                  0        41759.55009                  0                  0        212.6401694
          1        338                  0                  0                  0                  0        41883.46567                  0                  0        212.6401694
          1        339                  0                  0                  0                  0        42007.38125                  0                  0        212.6401694
          1        340                  0                  0                  0                  0        42131.29683                  0                  0        212.6401694
          1        341                  0                  0                  0                  0         42255.2124                  0                  0        212.6401694
          1        342                  0                  0                  0                  0        42379.12798                  0                  0        212.6401694
          1        343                  0                  0                  0                  0        42503.04356                  0                  0        212.6401694
          1        344                  0                  0                  0                  0        42626.95914                  0                  0        212.6401694
          1        345                  0                  0                  0                  0        42750.87472                  0                  0        212.6401694
          1        346                  0                  0                  0                  0         42874.7903                  0                  0        212.6401694
          1        347                  0                  0                  0                  0        42998.70588                  0                  0        212.6401694
          1        348                  0                  0                  0                  0        43122.62146                  0                  0        212.6401694
          1        349                  0                  0                  0                  0        43246.53704                  0                  0        212.6401694
          1        350                  0                  0                  0                  0        43370.45261                  0                  0        212.6401694
          1        351                  0                  0                  0                  0        43494.36819                  0                  0        212.6401694
          1        352                  0                  0                  0                  0        43618.28377                  0                  0        212.6401694
          1        353                  0                  0                  0                  0        43742.19935                  0                  0        212.6401694
          1        354                  0                  0                  0                  0        43866.11493                  0                  0        212.6401694
          1        355                  0                  0                  0                  0        43990.03051                  0                  0        212.6401694
          1        356                  0                  0                  0                  0        44113.94609                  0                  0        212.6401694
          1        357                  0                  0                  0                  0        44237.86167                  0                  0        212.6401694
          1        358                  0                  0                  0                  0        44361.77725                  0                  0        212.6401694
          1        359                  0                  0                  0                  0        44485.69282                  0                  0        212.6401694
          1        360                  0                  0                  0                  0         44609.6084                  0                  0        212.6401694
          1        361                  0                  0                  0                  0        44733.52398                  0                  0        212.6401694
          1        362                  0                  0                  0                  0        44857.43956                  0                  0        212.6401694
          1        363                  0                  0                  0                  0        44981.35514                  0                  0        212.6401694
          1        364                  0                  0                  0                  0        45105.27072                  0                  0        212.6401694
          1        365                  0                  0                  0                  0         45229.1863                  0                  0        212.6401694
          1        366                  0                  0                  0                  0        45353.10188                  0                  0        212.6401694
          1        367                  0                  0                  0                  0        45477.01746                  0                  0        212.6401694
          1        368                  0                  0                  0                  0        45600.93303                  0                  0        212.6401694
          1        369                  0                  0                  0                  0        45724.84861                  0                  0        212.6401694
          1        370                  0                  0                  0                  0        45848.76419                  0                  0        212.6401694
          1        371                  0                  0                  0                  0        45972.67977                  0                  0        212.6401694
          1        372                  0                  0                  0                  0        46096.59535                  0                  0        212.6401694
          1        373                  0                  0                  0                  0        46220.51093                  0                  0        212.6401694
          1        374                  0                  0                  0                  0        46344.42651                  0                  0        212.6401694
          1        375                  0                  0                  0                  0        46468.34209                  0                  0        212.6401694
          1        376                  0                  0                  0                  0        46592.25767                  0                  0        212.6401694
          1        377                  0                  0                  0                  0        46716.17324                  0                  0        212.6401694
          1        378                  0                  0                  0                  0        46840.08882                  0                  0        212.6401694
          1        379                  0                  0                  0                  0         46964.0044                  0                  0        212.6401694
          1        380                  0                  0                  0                  0        47087.91998                  0                  0        212.6401694
          1        381                  0                  0                  0                  0        47211.83556                  0                  0        212.6401694
          1        382                  0                  0                  0                  0        47335.75114                  0                  0        212.6401694
          1        383                  0                  0                  0                  0        47459.66672                  0                  0        212.6401694
          1        384                  0                  0                  0                  0         47583.5823                  0                  0        212.6401694
          1        385                  0                  0                  0                  0        47707.49788                  0                  0        212.6401694
          1        386                  0                  0                  0                  0        47831.41345                  0                  0        212.6401694
          1        387                  0                  0                  0                  0        47955.32903                  0                  0        212.6401694
          1        388                  0                  0                  0                  0        48079.24461                  0                  0        212.6401694
          1        389                  0                  0                  0                  0        48203.16019                  0                  0        212.6401694
          1        390                  0                  0                  0                  0        48327.07577                  0                  0        212.6401694
          1        391                  0                  0                  0                  0        48450.99135                  0                  0        212.6401694
          1        392                  0                  0                  0                  0        48574.90693                  0                  0        212.6401694
          1        393                  0                  0                  0                  0        48698.82251                  0                  0        212.6401694
          1        394                  0                  0                  0                  0        48822.73809                  0                  0        212.6401694
          1        395                  0                  0                  0                  0        48946.65366                  0                  0        212.6401694
          1        396                  0                  0                  0                  0        49070.56924                  0                  0        212.6401694
          1        397                  0                  0                  0                  0        49194.48482                  0                  0        212.6401694
          1        398                  0                  0                  0                  0         49318.4004                  0                  0        212.6401694
          1        399                  0                  0                  0                  0        49442.31598                  0                  0        212.6401694
          1        400                  0                  0                  0                  0        49566.23156                  0                  0        212.6401694
          1        401                  0                  0                  0                  0        49690.14714                  0                  0        212.6401694
          1        402                  0                  0                  0                  0        49814.06272                  0                  0        212.6401694
          1        403                  0                  0                  0                  0         49937.9783                  0                  0        212.6401694
          1        404                  0                  0                  0                  0        50061.89387                  0                  0        212.6401694
          1        405                  0                  0                  0                  0        50185.80945                  0                  0        212.6401694
          1        406                  0                  0                  0                  0        50309.72503                  0                  0        212.6401694
          1        407                  0                  0                  0                  0        50433.64061                  0                  0        212.6401694
          1        408                  0                  0                  0                  0        50557.55619                  0                  0        212.6401694
          1        409                  0                  0                  0                  0        50681.47177                  0                  0        212.6401694
          1        410                  0                  0                  0                  0        50805.38735                  0                  0        212.6401694
          1        411                  0                  0                  0                  0        50929.30293                  0                  0        212.6401694
          1        412                  0                  0                  0                  0        51053.21851                  0                  0        212.6401694
          1        413                  0                  0                  0                  0        51177.13408                  0                  0        212.6401694
          1        414                  0                  0                  0                  0        51301.04966                  0                  0        212.6401694
          1        415                  0                  0                  0                  0        51424.96524                  0                  0        212.6401694
          1        416                  0                  0                  0                  0        51548.88082                  0                  0        212.6401694
          1        417                  0                  0                  0                  0         51672.7964                  0                  0        212.6401694
          1        418                  0                  0                  0                  0        51796.71198                  0                  0        212.6401694
          1        419                  0                  0                  0                  0        51920.62756                  0                  0        212.6401694
          1        420                  0                  0                  0                  0        52044.54314                  0                  0        212.6401694
          1        421                  0                  0                  0                  0        52168.45872                  0                  0        212.6401694
          1        422                  0                  0                  0                  0         52292.3743                  0                  0        212.6401694
          1        423                  0                  0                  0                  0        52416.28987                  0                  0        212.6401694
          1        424                  0                  0                  0                  0        52540.20545                  0                  0        212.6401694
          1        425                  0                  0                  0                  0        52664.12103                  0                  0        212.6401694
          1        426                  0                  0                  0                  0        52788.03661                  0                  0        212.6401694
          1        427                  0                  0                  0                  0        52911.95219                  0                  0        212.6401694
          1        428                  0                  0                  0                  0        53035.86777                  0                  0        212.6401694
          1        429                  0                  0                  0                  0        53159.78335                  0                  0        212.6401694
          1        430                  0                  0                  0                  0        53283.69893                  0                  0        212.6401694
          1        431                  0                  0                  0                  0        53407.61451                  0                  0        212.6401694
          1        432                  0                  0                  0                  0        53531.53008                  0                  0        212.6401694
          1        433                  0                  0                  0                  0        53655.44566                  0                  0        212.6401694
          1        434                  0                  0                  0                  0        53779.36124                  0                  0        212.6401694
          1        435                  0                  0                  0                  0        53903.27682                  0                  0        212.6401694
          1        436                  0                  0                  0                  0         54027.1924                  0                  0        212.6401694
          1        437                  0                  0                  0                  0        54151.10798                  0                  0        212.6401694
          1        438                  0                  0                  0                  0        54275.02356                  0                  0        212.6401694
          1        439                  0                  0                  0                  0        54398.93914                  0                  0        212.6401694
          1        440                  0                  0                  0                  0        54522.85472                  0                  0        212.6401694
          1        441                  0                  0                  0                  0        54646.77029                  0                  0        212.6401694
          1        442                  0                  0                  0                  0        54770.68587                  0                  0        212.6401694
          1        443                  0                  0                  0                  0        54894.60145                  0                  0        212.6401694
          1        444                  0                  0                  0                  0        55018.51703                  0                  0        212.6401694
          1        445                  0                  0                  0                  0        55142.43261                  0                  0        212.6401694
          1        446                  0                  0                  0                  0        55266.34819                  0                  0        212.6401694
          1        447                  0                  0                  0                  0        55390.26377                  0                  0        212.6401694
          1        448                  0                  0                  0                  0        55514.17935                  0                  0        212.6401694
          1        449                  0                  0                  0                  0        55638.09493                  0                  0        212.6401694
          1        450                  0                  0                  0                  0         55762.0105                  0                  0        212.6401694
          1        451                  0                  0                  0                  0        55885.92608                  0                  0        212.6401694
          1        452                  0                  0                  0                  0        56009.84166                  0                  0        212.6401694
          1        453                  0                  0                  0                  0        56133.75724                  0                  0        212.6401694
          1        454                  0                  0                  0                  0        56257.67282                  0                  0        212.6401694
          1        455                  0                  0                  0                  0         56381.5884                  0                  0        212.6401694
          1        456                  0                  0                  0                  0        56505.50398                  0                  0        212.6401694
          1        457                  0                  0                  0                  0        56629.41956                  0                  0        212.6401694
          1        458                  0                  0                  0                  0        56753.33514                  0                  0        212.6401694
          1        459                  0                  0                  0                  0        56877.25071                  0                  0        212.6401694
          1        460                  0                  0                  0                  0        57001.16629                  0                  0        212.6401694
          1        461                  0                  0                  0                  0        57125.08187                  0                  0        212.6401694
          1        462                  0                  0                  0                  0        57248.99745                  0                  0        212.6401694
          1        463                  0                  0                  0                  0        57372.91303                  0                  0        212.6401694
          1        464                  0                  0                  0                  0        57496.82861                  0                  0        212.6401694
          1        465                  0                  0                  0                  0        57620.74419                  0                  0        212.6401694
          1        466                  0                  0                  0                  0        57744.65977                  0                  0        212.6401694
          1        467                  0                  0                  0                  0        57868.57535                  0                  0        212.6401694
          1        468                  0                  0                  0                  0        57992.49092                  0                  0        212.6401694
          1        469                  0                  0                  0                  0         58116.4065                  0                  0        212.6401694
          1        470                  0                  0                  0                  0        58240.32208                  0                  0        212.6401694
          1        471                  0                  0                  0                  0        58364.23766                  0                  0        212.6401694
          1        472                  0                  0                  0                  0        58488.15324                  0                  0        212.6401694
          1        473                  0                  0                  0                  0        58612.06882                  0                  0        212.6401694
          1        474                  0                  0                  0                  0         58735.9844                  0                  0        212.6401694
          1        475                  0                  0                  0                  0        58859.89998                  0                  0        212.6401694
          1        476                  0                  0                  0                  0        58983.81556                  0                  0        212.6401694
          1        477                  0                  0                  0                  0        59107.73113                  0                  0        212.6401694
          1        478                  0                  0                  0                  0        59231.64671                  0                  0        212.6401694
          1        479                  0                  0                  0                  0        59355.56229                  0                  0        212.6401694
          1        480                  0                  0                  0                  0        59479.47787                  0                  0        212.6401694
          1        481                  0                  0                  0                  0        59603.39345                  0                  0        212.6401694
          1        482                  0                  0                  0                  0        59727.30903                  0                  0        212.6401694
          1        483                  0                  0                  0                  0        59851.22461                  0                  0        212.6401694
          1        484                  0                  0                  0                  0        59975.14019                  0                  0        212.6401694
          1        485                  0                  0                  0                  0        60099.05577                  0                  0        212.6401694
          1        486                  0                  0                  0                  0        60222.97134                  0                  0        212.6401694
          1        487                  0                  0                  0                  0        60346.88692                  0                  0        212.6401694
          1        488                  0                  0                  0                  0         60470.8025                  0                  0        212.6401694
          1        489                  0                  0                  0                  0        60594.71808                  0                  0        212.6401694
          1        490                  0                  0                  0                  0        60718.63366                  0                  0        212.6401694
          1        491                  0                  0                  0                  0        60842.54924                  0                  0        212.6401694
          1        492                  0                  0                  0                  0        60966.46482                  0                  0        212.6401694
          1        493                  0                  0                  0                  0         61090.3804                  0                  0        212.6401694
          1        494                  0                  0                  0                  0        61214.29598                  0                  0        212.6401694
          1        495                  0                  0                  0                  0        61338.21155                  0                  0        212.6401694
          1        496                  0                  0                  0                  0        61462.12713                  0                  0        212.6401694
          1        497                  0                  0                  0                  0        61586.04271                  0                  0        212.6401694
          1        498                  0                  0                  0                  0        61709.95829                  0                  0        212.6401694
          1        499                  0                  0                  0                  0        61833.87387                  0                  0        212.6401694
          1        500                  0                  0                  0                  0        61957.78945                  0                  0        212.6401694
          1        501                  0                  0                  0                  0        62081.70503                  0                  0        212.6401694
          1        502                  0                  0                  0                  0        62205.62061                  0                  0        212.6401694
          1        503                  0                  0                  0                  0        62329.53619                  0                  0        212.6401694
          1        504                  0                  0                  0                  0        62453.45176                  0                  0        212.6401694
          1        505                  0                  0                  0                  0        62577.36734                  0                  0        212.6401694
          1        506                  0                  0                  0                  0        62701.28292                  0                  0        212.6401694
          1        507                  0                  0                  0                  0         62825.1985                  0                  0        212.6401694
          1        508                  0                  0                  0                  0        62949.11408                  0                  0        212.6401694
          1        509                  0                  0                  0                  0        63073.02966                  0                  0        212.6401694
          1        510                  0                  0                  0                  0        63196.94524                  0                  0        212.6401694
          1        511                  0                  0                  0                  0        63320.86082                  0                  0        212.6401694
          1        512                  0                  0                  0                  0         63444.7764                  0                  0        212.6401694
          1        513                  0                  0                  0                  0        63568.69197                  0                  0        212.6401694
          1        514                  0                  0                  0                  0        63692.60755                  0                  0        212.6401694
          1        515                  0                  0                  0                  0        63816.52313                  0                  0        212.6401694
          1        516                  0                  0                  0                  0        63940.43871                  0                  0        212.6401694
          1        517                  0                  0                  0                  0        64064.35429                  0                  0        212.6401694
          1        518                  0                  0                  0                  0        64188.26987                  0                  0        212.6401694
          1        519                  0                  0                  0                  0        64312.18545                  0                  0        212.6401694
          1        520                  0                  0                  0                  0        64436.10103                  0                  0        212.6401694
          1        521                  0                  0                  0                  0        64560.01661                  0                  0        212.6401694
          1        522                  0                  0                  0                  0        64683.93218                  0                  0        212.6401694
          1        523                  0                  0                  0                  0        64807.84776                  0                  0        212.6401694
          1        524                  0                  0                  0                  0        64931.76334                  0                  0        212.6401694
          1        525                  0                  0                  0                  0        65055.67892                  0                  0        212.6401694
          1        526                  0                  0                  0                  0         65179.5945                  0                  0        212.6401694
          1        527                  0                  0                  0                  0        65303.51008                  0                  0        212.6401694
          1        528                  0                  0                  0                  0        65427.42566                  0                  0        212.6401694
          1        529                  0                  0                  0                  0        65551.34124                  0                  0        212.6401694
          1        530                  0                  0                  0                  0        65675.25682                  0                  0        212.6401694
          1        531                  0                  0                  0                  0        65799.17239                  0                  0        212.6401694
          1        532                  0                  0                  0                  0        65923.08797                  0                  0        212.6401694
          1        533                  0                  0                  0                  0        66047.00355                  0                  0        212.6401694
          1        534                  0                  0                  0                  0        66170.91913                  0                  0        212.6401694
          1        535                  0                  0                  0                  0        66294.83471                  0                  0        212.6401694
          1        536                  0                  0                  0                  0        66418.75029                  0                  0        212.6401694
          1        537                  0                  0                  0                  0        66542.66587                  0                  0        212.6401694
          1        538                  0                  0                  0                  0        66666.58145                  0                  0        212.6401694
          1        539                  0                  0                  0                  0        66790.49703                  0                  0        212.6401694
          1        540                  0                  0                  0                  0        66914.41261                  0                  0        212.6401694
          1        541                  0                  0                  0                  0        67038.32818                  0                  0        212.6401694
          1        542                  0                  0                  0                  0        67162.24376                  0                  0        212.6401694
          1        543                  0                  0                  0                  0        67286.15934                  0                  0        212.6401694
          1        544                  0                  0                  0                  0        67410.07492                  0                  0        212.6401694
          1        545                  0                  0                  0                  0         67533.9905                  0                  0        212.6401694
          1        546                  0                  0                  0                  0        67657.90608                  0                  0        212.6401694
          1        547                  0                  0                  0                  0        67781.82166                  0                  0        212.6401694
          1        548                  0                  0                  0                  0        67905.73724                  0                  0        212.6401694
          1        549                  0                  0                  0                  0        68029.65282                  0                  0        212.6401694
          1        550                  0                  0                  0                  0        68153.56839                  0                  0        212.6401694
          1        551                  0                  0                  0                  0        68277.48397                  0                  0        212.6401694
          1        552                  0                  0                  0                  0        68401.39955                  0                  0        212.6401694
          1        553                  0                  0                  0                  0        68525.31513                  0                  0        212.6401694
          1        554                  0                  0                  0                  0        68649.23071                  0                  0        212.6401694
          1        555                  0                  0                  0                  0        68773.14629                  0                  0        212.6401694
          1        556                  0                  0                  0                  0        68897.06187                  0                  0        212.6401694
          1        557                  0                  0                  0                  0        69020.97745                  0                  0        212.6401694
          1        558                  0                  0                  0                  0        69144.89303                  0                  0        212.6401694
          1        559                  0                  0                  0                  0         69268.8086                  0                  0        212.6401694
          1        560                  0                  0                  0                  0        69392.72418                  0                  0        212.6401694
          1        561                  0                  0                  0                  0        69516.63976                  0                  0        212.6401694
          1        562                  0                  0                  0                  0        69640.55534                  0                  0        212.6401694
          1        563                  0                  0                  0                  0        69764.47092                  0                  0        212.6401694
          1        564                  0                  0                  0                  0         69888.3865                  0                  0        212.6401694
          1        565                  0                  0                  0                  0        70012.30208                  0                  0        212.6401694
          1        566                  0                  0                  0                  0        70136.21766                  0                  0        212.6401694
          1        567                  0                  0                  0                  0        70260.13324                  0                  0        212.6401694
          1        568                  0                  0                  0                  0        70384.04881                  0                  0        212.6401694
          1        569                  0                  0                  0                  0        70507.96439                  0                  0        212.6401694
          1        570                  0                  0                  0                  0        70631.87997                  0                  0        212.6401694
          1        571                  0                  0                  0                  0        70755.79555                  0                  0        212.6401694
          1        572                  0                  0                  0                  0        70879.71113                  0                  0        212.6401694
          1        573                  0                  0                  0                  0        71003.62671                  0                  0        212.6401694
          1        574                  0                  0                  0                  0        71127.54229                  0                  0        212.6401694
          1        575                  0                  0                  0                  0        71251.45787                  0                  0        212.6401694
          1        576                  0                  0                  0                  0        71375.37345                  0                  0        212.6401694
          1        577                  0                  0                  0                  0        71499.28902                  0                  0        212.6401694
          1        578                  0                  0                  0                  0         71623.2046                  0                  0        212.6401694
          1        579                  0                  0                  0                  0        71747.12018                  0                  0        212.6401694
          1        580                  0                  0                  0                  0        71871.03576                  0                  0        212.6401694
          1        581                  0                  0                  0                  0        71994.95134                  0                  0        212.6401694
          1        582                  0                  0                  0                  0        72118.86692                  0                  0        212.6401694
          1        583                  0                  0                  0                  0         72242.7825                  0                  0        212.6401694
          1        584                  0                  0                  0                  0        72366.69808                  0                  0        212.6401694
          1        585                  0                  0                  0                  0        72490.61366                  0                  0        212.6401694
          1        586                  0                  0                  0                  0        72614.52923                  0                  0        212.6401694
          1        587                  0                  0                  0                  0        72738.44481                  0                  0        212.6401694
          1        588                  0                  0                  0                  0        72862.36039                  0                  0        212.6401694
          1        589                  0                  0                  0                  0        72986.27597                  0                  0        212.6401694
          1        590                  0                  0                  0                  0        73110.19155                  0                  0        212.6401694
          1        591                  0                  0                  0                  0        73234.10713                  0                  0        212.6401694
          1        592                  0                  0                  0                  0        73358.02271                  0                  0        212.6401694
          1        593                  0                  0                  0                  0        73481.93829                  0                  0        212.6401694
          1        594                  0                  0                  0                  0        73605.85387                  0                  0        212.6401694
          1        595                  0                  0                  0                  0        73729.76944                  0                  0        212.6401694
          1        596                  0                  0                  0                  0        73853.68502                  0                  0        212.6401694
          1        597                  0                  0                  0                  0         73977.6006                  0                  0        212.6401694
          1        598                  0                  0                  0                  0        74101.51618                  0                  0        212.6401694
          1        599                  0                  0                  0                  0        74225.43176                  0                  0        212.6401694
          1        600                  0                  0                  0                  0        74349.34734                  0                  0        212.6401694
          1        601                  0                  0                  0                  0        74473.26292                  0                  0        212.6401694
          1        602                  0                  0                  0                  0         74597.1785                  0                  0        212.6401694
          1        603                  0                  0                  0                  0        74721.09408                  0                  0        212.6401694
          1        604                  0                  0                  0                  0        74845.00965                  0                  0        212.6401694
          1        605                  0                  0                  0                  0        74968.92523                  0                  0        212.6401694
          1        606                  0                  0                  0                  0        75092.84081                  0                  0        212.6401694
          1        607                  0                  0                  0                  0        75216.75639                  0                  0        212.6401694
          1        608                  0                  0                  0                  0        75340.67197                  0                  0        212.6401694
          1        609                  0                  0                  0                  0        75464.58755                  0                  0        212.6401694
          1        610                  0                  0                  0                  0        75588.50313                  0                  0        212.6401694
          1        611                  0                  0                  0                  0        75712.41871                  0                  0        212.6401694
          1        612                  0                  0                  0                  0        75836.33429                  0                  0        212.6401694
          1        613                  0                  0                  0                  0        75960.24986                  0                  0        212.6401694
          1        614                  0                  0                  0                  0        76084.16544                  0                  0        212.6401694
          1        615                  0                  0                  0                  0        76208.08102                  0                  0        212.6401694
          1        616                  0                  0                  0                  0         76331.9966                  0                  0        212.6401694
          1        617                  0                  0                  0                  0        76455.91218                  0                  0        212.6401694
          1        618                  0                  0                  0                  0        76579.82776                  0                  0        212.6401694
          1        619                  0                  0                  0                  0        76703.74334                  0                  0        212.6401694
          1        620                  0                  0                  0                  0        76827.65892                  0                  0        212.6401694
          1        621                  0                  0                  0                  0         76951.5745                  0                  0        212.6401694
          1        622                  0                  0                  0                  0        77075.49007                  0                  0        212.6401694
          1        623                  0                  0                  0                  0        77199.40565                  0                  0        212.6401694
          1        624                  0                  0                  0                  0        77323.32123                  0                  0        212.6401694
          1        625                  0                  0                  0                  0        77447.23681                  0                  0        212.6401694
          1        626                  0                  0                  0                  0        77571.15239                  0                  0        212.6401694
          1        627                  0                  0                  0                  0        77695.06797                  0                  0        212.6401694
          1        628                  0                  0                  0                  0        77818.98355                  0                  0        212.6401694
          1        629                  0                  0                  0                  0        77942.89913                  0                  0        212.6401694
          1        630                  0                  0                  0                  0        78066.81471                  0                  0        212.6401694
          1        631                  0                  0                  0                  0        78190.73028                  0                  0        212.6401694
          1        632                  0                  0                  0                  0        78314.64586                  0                  0        212.6401694
          1        633                  0                  0                  0                  0        78438.56144                  0                  0        212.6401694
          1        634                  0                  0                  0                  0        78562.47702                  0                  0        212.6401694
          1        635                  0                  0                  0                  0         78686.3926                  0                  0        212.6401694
          1        636                  0                  0                  0                  0        78810.30818                  0                  0        212.6401694
          1        637                  0                  0                  0                  0        78934.22376                  0                  0        212.6401694
          1        638                  0                  0                  0                  0        79058.13934                  0                  0        212.6401694
          1        639                  0                  0                  0                  0        79182.05492                  0                  0        212.6401694
          1        640                  0                  0                  0                  0        79305.97049                  0                  0        212.6401694
          1        641                  0                  0                  0                  0        79429.88607                  0                  0        212.6401694
          1        642                  0                  0                  0                  0        79553.80165                  0                  0        212.6401694
          1        643                  0                  0                  0                  0        79677.71723                  0                  0        212.6401694
          1        644                  0                  0                  0                  0        79801.63281                  0                  0        212.6401694
          1        645                  0                  0                  0                  0        79925.54839                  0                  0        212.6401694
          1        646                  0                  0                  0                  0        80049.46397                  0                  0        212.6401694
          1        647                  0                  0                  0                  0        80173.37955                  0                  0        212.6401694
          1        648                  0                  0                  0                  0        80297.29513                  0                  0        212.6401694
          1        649                  0                  0                  0                  0         80421.2107                  0                  0        212.6401694
          1        650                  0                  0                  0                  0        80545.12628                  0                  0        212.6401694
          1        651                  0                  0                  0                  0        80669.04186                  0                  0        212.6401694
          1        652                  0                  0                  0                  0        80792.95744                  0                  0        212.6401694
          1        653                  0                  0                  0                  0        80916.87302                  0                  0        212.6401694
          1        654                  0                  0                  0                  0         81040.7886                  0                  0        212.6401694
          1        655                  0                  0                  0                  0        81164.70418                  0                  0        212.6401694
          1        656                  0                  0                  0                  0        81288.61976                  0                  0        212.6401694
          1        657                  0                  0                  0                  0        81412.53534                  0                  0        212.6401694
          1        658                  0                  0                  0                  0        81536.45092                  0                  0        212.6401694
          1        659                  0                  0                  0                  0        81660.36649                  0                  0        212.6401694
          1        660                  0                  0                  0                  0        81784.28207                  0                  0        212.6401694
          1        661                  0                  0                  0                  0        81908.19765                  0                  0        212.6401694
          1        662                  0                  0                  0                  0        82032.11323                  0                  0        212.6401694
          1        663                  0                  0                  0                  0        82156.02881                  0                  0        212.6401694
          1        664                  0                  0                  0                  0        82279.94439                  0                  0        212.6401694
          1        665                  0                  0                  0                  0        82403.85997                  0                  0        212.6401694
          1        666                  0                  0                  0                  0        82527.77555                  0                  0        212.6401694
          1        667                  0                  0                  0                  0        82651.69113                  0                  0        212.6401694
          1        668                  0                  0                  0                  0         82775.6067                  0                  0        212.6401694
          1        669                  0                  0                  0                  0        82899.52228                  0                  0        212.6401694
          1        670                  0                  0                  0                  0        83023.43786                  0                  0        212.6401694
          1        671                  0                  0                  0                  0        83147.35344                  0                  0        212.6401694
          1        672                  0                  0                  0                  0        83271.26902                  0                  0        212.6401694
          1        673                  0                  0                  0                  0         83395.1846                  0                  0        212.6401694
          1        674                  0                  0                  0                  0        83519.10018                  0                  0        212.6401694
          1        675                  0                  0                  0                  0        83643.01576                  0                  0        212.6401694
          1        676                  0                  0                  0                  0        83766.93134                  0                  0        212.6401694
          1        677                  0                  0                  0                  0        83890.84691                  0                  0        212.6401694
          1        678                  0                  0                  0                  0        84014.76249                  0                  0        212.6401694
          1        679                  0                  0                  0                  0        84138.67807                  0                  0        212.6401694
          1        680                  0                  0                  0                  0        84262.59365                  0                  0        212.6401694
          1        681                  0                  0                  0                  0        84386.50923                  0                  0        212.6401694
          1        682                  0                  0                  0                  0        84510.42481                  0                  0        212.6401694
          1        683                  0                  0                  0                  0        84634.34039                  0                  0        212.6401694
          1        684                  0                  0                  0                  0        84758.25597                  0                  0        212.6401694
          1        685                  0                  0                  0                  0        84882.17155                  0                  0        212.6401694
          1        686                  0                  0                  0                  0        85006.08712                  0                  0        212.6401694
          1        687                  0                  0                  0                  0         85130.0027                  0                  0        212.6401694
          1        688                  0                  0                  0                  0        85253.91828                  0                  0        212.6401694
          1        689                  0                  0                  0                  0        85377.83386                  0                  0        212.6401694
          1        690                  0                  0                  0                  0        85501.74944                  0                  0        212.6401694
          1        691                  0                  0                  0                  0        85625.66502                  0                  0        212.6401694
          1        692                  0                  0                  0                  0         85749.5806                  0                  0        212.6401694
          1        693                  0                  0                  0                  0        85873.49618                  0                  0        212.6401694
          1        694                  0                  0                  0                  0        85997.41176                  0                  0        212.6401694
          1        695                  0                  0                  0                  0        86121.32733                  0                  0        212.6401694
          1        696                  0                  0                  0                  0        86245.24291                  0                  0        212.6401694
          1        697                  0                  0                  0                  0        86369.15849                  0                  0        212.6401694
          1        698                  0                  0                  0                  0        86493.07407                  0                  0        212.6401694
          1        699                  0                  0                  0                  0        86616.98965                  0                  0        212.6401694
          1        700                  0                  0                  0                  0        86740.90523                  0                  0        212.6401694
          1        701                  0                  0                  0                  0        86864.82081                  0                  0        212.6401694
          1        702                  0                  0                  0                  0        86988.73639                  0                  0        212.6401694
          1        703                  0                  0                  0                  0        87112.65197                  0                  0        212.6401694
          1        704                  0                  0                  0                  0        87236.56754                  0                  0        212.6401694
          1        705                  0                  0                  0                  0        87360.48312                  0                  0        212.6401694
          1        706                  0                  0                  0                  0         87484.3987                  0                  0        212.6401694
          1        707                  0                  0                  0                  0        87608.31428                  0                  0        212.6401694
          1        708                  0                  0                  0                  0        87732.22986                  0                  0        212.6401694
          1        709                  0                  0                  0                  0        87856.14544                  0                  0        212.6401694
          1        710                  0                  0                  0                  0        87980.06102                  0                  0        212.6401694
          1        711                  0                  0                  0                  0         88103.9766                  0                  0        212.6401694
          1        712                  0                  0                  0                  0        88227.89218                  0                  0        212.6401694
          1        713                  0                  0                  0                  0        88351.80775                  0                  0        212.6401694
          1        714                  0                  0                  0                  0        88475.72333                  0                  0        212.6401694
          1        715                  0                  0                  0                  0        88599.63891                  0                  0        212.6401694
          1        716                  0                  0                  0                  0        88723.55449                  0                  0        212.6401694
          1        717                  0                  0                  0                  0        88847.47007                  0                  0        212.6401694
          1        718                  0                  0                  0                  0        88971.38565                  0                  0        212.6401694
          1        719                  0                  0                  0                  0        89095.30123                  0                  0        212.6401694
          1        720                  0                  0                  0                  0        89219.21681                  0                  0        212.6401694
          1        721                  0                  0                  0                  0        89343.13239                  0                  0        212.6401694
          1        722                  0                  0                  0                  0        89467.04796                  0                  0        212.6401694
          1        723                  0                  0                  0                  0        89590.96354                  0                  0        212.6401694
          1        724                  0                  0                  0                  0        89714.87912                  0                  0        212.6401694
          1        725                  0                  0                  0                  0         89838.7947                  0                  0        212.6401694
          1        726                  0                  0                  0                  0        89962.71028                  0                  0        212.6401694
          1        727                  0                  0                  0                  0        90086.62586                  0                  0        212.6401694
          1        728                  0                  0                  0                  0        90210.54144                  0                  0        212.6401694
          1        729                  0                  0                  0                  0        90334.45702                  0                  0        212.6401694
          1        730                  0                  0                  0                  0         90458.3726                  0                  0        212.6401694
          1        731                  0                  0                  0                  0        90582.28817                  0                  0        212.6401694
          1        732                  0                  0                  0                  0        90706.20375                  0                  0        212.6401694
          1        733                  0                  0                  0                  0        90830.11933                  0                  0        212.6401694
          1        734                  0                  0                  0                  0        90954.03491                  0                  0        212.6401694
          1        735                  0                  0                  0                  0        91077.95049                  0                  0        212.6401694
          1        736                  0                  0                  0                  0        91201.86607                  0                  0        212.6401694
          1        737                  0                  0                  0                  0        91325.78165                  0                  0        212.6401694
          1        738                  0                  0                  0                  0        91449.69723                  0                  0        212.6401694
          1        739                  0                  0                  0                  0        91573.61281                  0                  0        212.6401694
          1        740                  0                  0                  0                  0        91697.52838                  0                  0        212.6401694
          1        741                  0                  0                  0                  0        91821.44396                  0                  0        212.6401694
          1        742                  0                  0                  0                  0        91945.35954                  0                  0        212.6401694
          1        743                  0                  0                  0                  0        92069.27512                  0                  0        212.6401694
          1        744                  0                  0                  0                  0         92193.1907                  0                  0        212.6401694
          1        745                  0                  0                  0                  0        92317.10628                  0                  0        212.6401694
          1        746                  0                  0                  0                  0        92441.02186                  0                  0        212.6401694
          1        747                  0                  0                  0                  0        92564.93744                  0                  0        212.6401694
          1        748                  0                  0                  0                  0        92688.85302                  0                  0        212.6401694
          1        749                  0                  0                  0                  0        92812.76859                  0                  0        212.6401694
          1        750                  0                  0                  0                  0        92936.68417                  0                  0        212.6401694
          1        751                  0                  0                  0                  0        93060.59975                  0                  0        212.6401694
          1        752                  0                  0                  0                  0        93184.51533                  0                  0        212.6401694
          1        753                  0                  0                  0                  0        93308.43091                  0                  0        212.6401694
          1        754                  0                  0                  0                  0        93432.34649                  0                  0        212.6401694
          1        755                  0                  0                  0                  0        93556.26207                  0                  0        212.6401694
          1        756                  0                  0                  0                  0        93680.17765                  0                  0        212.6401694
          1        757                  0                  0                  0                  0        93804.09323                  0                  0        212.6401694
          1        758                  0                  0                  0                  0         93928.0088                  0                  0        212.6401694
          1        759                  0                  0                  0                  0        94051.92438                  0                  0        212.6401694
          1        760                  0                  0                  0                  0        94175.83996                  0                  0        212.6401694
          1        761                  0                  0                  0                  0        94299.75554                  0                  0        212.6401694
          1        762                  0                  0                  0                  0        94423.67112                  0                  0        212.6401694
          1        763                  0                  0                  0                  0         94547.5867                  0                  0        212.6401694
          1        764                  0                  0                  0                  0        94671.50228                  0                  0        212.6401694
          1        765                  0                  0                  0                  0        94795.41786                  0                  0        212.6401694
          1        766                  0                  0                  0                  0        94919.33344                  0                  0        212.6401694
          1        767                  0                  0                  0                  0        95043.24901                  0                  0        212.6401694
          1        768                  0                  0                  0                  0        95167.16459                  0                  0        212.6401694
          1        769                  0                  0                  0                  0        95291.08017                  0                  0        212.6401694
          1        770                  0                  0                  0                  0        95414.99575                  0                  0        212.6401694
          1        771                  0                  0                  0                  0        95538.91133                  0                  0        212.6401694
          1        772                  0                  0                  0                  0        95662.82691                  0                  0        212.6401694
          1        773                  0                  0                  0                  0        95786.74249                  0                  0        212.6401694
          1        774                  0                  0                  0                  0        95910.65807                  0                  0        212.6401694
          1        775                  0                  0                  0                  0        96034.57365                  0                  0        212.6401694
          1        776                  0                  0                  0                  0        96158.48922                  0                  0        212.6401694
          1        777                  0                  0                  0                  0         96282.4048                  0                  0        212.6401694
          1        778                  0                  0                  0                  0        96406.32038                  0                  0        212.6401694
          1        779                  0                  0                  0                  0        96530.23596                  0                  0        212.6401694
          1        780                  0                  0                  0                  0        96654.15154                  0                  0        212.6401694
          1        781                  0                  0                  0                  0        96778.06712                  0                  0        212.6401694
          1        782                  0                  0                  0                  0         96901.9827                  0                  0        212.6401694
          1        783                  0                  0                  0                  0        97025.89828                  0                  0        212.6401694
          1        784                  0                  0                  0                  0        97149.81386                  0                  0        212.6401694
          1        785                  0                  0                  0                  0        97273.72944                  0                  0        212.6401694
          1        786                  0                  0                  0                  0        97397.64501                  0                  0        212.6401694
          1        787                  0                  0                  0                  0        97521.56059                  0                  0        212.6401694
          1        788                  0                  0                  0                  0        97645.47617                  0                  0        212.6401694
          1        789                  0                  0                  0                  0        97769.39175                  0                  0        212.6401694
          1        790                  0                  0                  0                  0        97893.30733                  0                  0        212.6401694
          1        791                  0                  0                  0                  0        98017.22291                  0                  0        212.6401694
          1        792                  0                  0                  0                  0        98141.13849                  0                  0        212.6401694
          1        793                  0                  0                  0                  0        98265.05407                  0                  0        212.6401694
          1        794                  0                  0                  0                  0        98388.96965                  0                  0        212.6401694
          1        795                  0                  0                  0                  0        98512.88522                  0                  0        212.6401694
          1        796                  0                  0                  0                  0         98636.8008                  0                  0        212.6401694
          1        797                  0                  0                  0                  0        98760.71638                  0                  0        212.6401694
          1        798                  0                  0                  0                  0        98884.63196                  0                  0        212.6401694
          1        799                  0                  0                  0                  0        99008.54754                  0                  0        212.6401694
          1        800                  0                  0                  0                  0        99132.46312                  0                  0        212.6401694
          1        801                  0                  0                  0                  0         99256.3787                  0                  0        212.6401694
          1        802                  0                  0                  0                  0        99380.29428                  0                  0        212.6401694
          1        803                  0                  0                  0                  0        99504.20986                  0                  0        212.6401694
          1        804                  0                  0                  0                  0        99628.12543                  0                  0        212.6401694
          1        805                  0                  0                  0                  0        99752.04101                  0                  0        212.6401694
          1        806                  0                  0                  0                  0        99875.95659                  0                  0        212.6401694
          1        807                  0                  0                  0                  0        99999.87217                  0                  0        212.6401694
          1        808                  0                  0                  0                  0        100123.7877                  0                  0        212.6401694
          1        809                  0                  0                  0                  0        100247.7033                  0                  0        212.6401694
          1        810                  0                  0                  0                  0        100371.6189                  0                  0        212.6401694
          1        811                  0                  0                  0                  0        100495.5345                  0                  0        212.6401694
          1        812                  0                  0                  0                  0        100619.4501                  0                  0        212.6401694
          1        813                  0                  0                  0                  0        100743.3656                  0                  0        212.6401694
          1        814                  0                  0                  0                  0        100867.2812                  0                  0        212.6401694
          1        815                  0                  0                  0                  0        100991.1968                  0                  0        212.6401694
          1        816                  0                  0                  0                  0        101115.1124                  0                  0        212.6401694
          1        817                  0                  0                  0                  0         101239.028                  0                  0        212.6401694
          1        818                  0                  0                  0                  0        101362.9435                  0                  0        212.6401694
          1        819                  0                  0                  0                  0        101486.8591                  0                  0        212.6401694
          1        820                  0                  0                  0                  0        101610.7747                  0                  0        212.6401694
          1        821                  0                  0                  0                  0        101734.6903                  0                  0        212.6401694
          1        822                  0                  0                  0                  0        101858.6059                  0                  0        212.6401694
          1        823                  0                  0                  0                  0        101982.5214                  0                  0        212.6401694
          1        824                  0                  0                  0                  0         102106.437                  0                  0        212.6401694
          1        825                  0                  0                  0                  0        102230.3526                  0                  0        212.6401694
          1        826                  0                  0                  0                  0        102354.2682                  0                  0        212.6401694
          1        827                  0                  0                  0                  0        102478.1837                  0                  0        212.6401694
          1        828                  0                  0                  0                  0        102602.0993                  0                  0        212.6401694
          1        829                  0                  0                  0                  0        102726.0149                  0                  0        212.6401694
          1        830                  0                  0                  0                  0        102849.9305                  0                  0        212.6401694
          1        831                  0                  0                  0                  0        102973.8461                  0                  0        212.6401694
          1        832                  0                  0                  0                  0        103097.7616                  0                  0        212.6401694
          1        833                  0                  0                  0                  0        103221.6772                  0                  0        212.6401694
          1        834                  0                  0                  0                  0        103345.5928                  0                  0        212.6401694
          1        835                  0                  0                  0                  0        103469.5084                  0                  0        212.6401694
          1        836                  0                  0                  0                  0         103593.424                  0                  0        212.6401694
          1        837                  0                  0                  0                  0        103717.3395                  0                  0        212.6401694
          1        838                  0                  0                  0                  0        103841.2551                  0                  0        212.6401694
          1        839                  0                  0                  0                  0        103965.1707                  0                  0        212.6401694
          1        840                  0                  0                  0                  0        104089.0863                  0                  0        212.6401694
          1        841                  0                  0                  0                  0        104213.0019                  0                  0        212.6401694
          1        842                  0                  0                  0                  0        104336.9174                  0                  0        212.6401694
          1        843                  0                  0                  0                  0         104460.833                  0                  0        212.6401694
          1        844                  0                  0                  0                  0        104584.7486                  0                  0        212.6401694
          1        845                  0                  0                  0                  0        104708.6642                  0                  0        212.6401694
          1        846                  0                  0                  0                  0        104832.5797                  0                  0        212.6401694
          1        847                  0                  0                  0                  0        104956.4953                  0                  0        212.6401694
          1        848                  0                  0                  0                  0        105080.4109                  0                  0        212.6401694
          1        849                  0                  0                  0                  0        105204.3265                  0                  0        212.6401694
          1        850                  0                  0                  0                  0        105328.2421                  0                  0        212.6401694
          1        851                  0                  0                  0                  0        105452.1576                  0                  0        212.6401694
          1        852                  0                  0                  0                  0        105576.0732                  0                  0        212.6401694
          1        853                  0                  0                  0                  0        105699.9888                  0                  0        212.6401694
          1        854                  0                  0                  0                  0        105823.9044                  0                  0        212.6401694
          1        855                  0                  0                  0                  0          105947.82                  0                  0        212.6401694
          1        856                  0                  0                  0                  0        106071.7355                  0                  0        212.6401694
          1        857                  0                  0                  0                  0        106195.6511                  0                  0        212.6401694
          1        858                  0                  0                  0                  0        106319.5667                  0                  0        212.6401694
          1        859                  0                  0                  0                  0        106443.4823                  0                  0        212.6401694
          1        860                  0                  0                  0                  0        106567.3979                  0                  0        212.6401694
          1        861                  0                  0                  0                  0        106691.3134                  0                  0        212.6401694
          1        862                  0                  0                  0                  0         106815.229                  0                  0        212.6401694
          1        863                  0                  0                  0                  0        106939.1446                  0                  0        212.6401694
          1        864                  0                  0                  0                  0        107063.0602                  0                  0        212.6401694
          1        865                  0                  0                  0                  0        107186.9757                  0                  0        212.6401694
          1        866                  0                  0                  0                  0        107310.8913                  0                  0        212.6401694
          1        867                  0                  0                  0                  0        107434.8069                  0                  0        212.6401694
          1        868                  0                  0                  0                  0        107558.7225                  0                  0        212.6401694
          1        869                  0                  0                  0                  0        107682.6381                  0                  0        212.6401694
          1        870                  0                  0                  0                  0        107806.5536                  0                  0        212.6401694
          1        871                  0                  0                  0                  0        107930.4692                  0                  0        212.6401694
          1        872                  0                  0                  0                  0        108054.3848                  0                  0        212.6401694
          1        873                  0                  0                  0                  0        108178.3004                  0                  0        212.6401694
          1        874                  0                  0                  0                  0         108302.216                  0                  0        212.6401694
          1        875                  0                  0                  0                  0        108426.1315                  0                  0        212.6401694
          1        876                  0                  0                  0                  0        108550.0471                  0                  0        212.6401694
          1        877                  0                  0                  0                  0        108673.9627                  0                  0        212.6401694
          1        878                  0                  0                  0                  0        108797.8783                  0                  0        212.6401694
          1        879                  0                  0                  0                  0        108921.7939                  0                  0        212.6401694
          1        880                  0                  0                  0                  0        109045.7094                  0                  0        212.6401694
          1        881                  0                  0                  0                  0         109169.625                  0                  0        212.6401694
          1        882                  0                  0                  0                  0        109293.5406                  0                  0        212.6401694
          1        883                  0                  0                  0                  0        109417.4562                  0                  0        212.6401694
          1        884                  0                  0                  0                  0        109541.3717                  0                  0        212.6401694
          1        885                  0                  0                  0                  0        109665.2873                  0                  0        212.6401694
          1        886                  0                  0                  0                  0        109789.2029                  0                  0        212.6401694
          1        887                  0                  0                  0                  0        109913.1185                  0                  0        212.6401694
          1        888                  0                  0                  0                  0        110037.0341                  0                  0        212.6401694
          1        889                  0                  0                  0                  0        110160.9496                  0                  0        212.6401694
          1        890                  0                  0                  0                  0        110284.8652                  0                  0        212.6401694
          1        891                  0                  0                  0                  0        110408.7808                  0                  0        212.6401694
          1        892                  0                  0                  0                  0        110532.6964                  0                  0        212.6401694
          1        893                  0                  0                  0                  0         110656.612                  0                  0        212.6401694
          1        894                  0                  0                  0                  0        110780.5275                  0                  0        212.6401694
          1        895                  0                  0                  0                  0        110904.4431                  0                  0        212.6401694
          1        896                  0                  0                  0                  0        111028.3587                  0                  0        212.6401694
          1        897                  0                  0                  0                  0        111152.2743                  0                  0        212.6401694
          1        898                  0                  0                  0                  0        111276.1899                  0                  0        212.6401694
          1        899                  0                  0                  0                  0        111400.1054                  0                  0        212.6401694
          1        900                  0                  0                  0                  0         111524.021                  0                  0        212.6401694
          1        901                  0                  0                  0                  0        111647.9366                  0                  0        212.6401694
          1        902                  0                  0                  0                  0        111771.8522                  0                  0        212.6401694
          1        903                  0                  0                  0                  0        111895.7677                  0                  0        212.6401694
          1        904                  0                  0                  0                  0        112019.6833                  0                  0        212.6401694
          1        905                  0                  0                  0                  0        112143.5989                  0                  0        212.6401694
          1        906                  0                  0                  0                  0        112267.5145                  0                  0        212.6401694
          1        907                  0                  0                  0                  0        112391.4301                  0                  0        212.6401694
          1        908                  0                  0                  0                  0        112515.3456                  0                  0        212.6401694
          1        909                  0                  0                  0                  0        112639.2612                  0                  0        212.6401694
          1        910                  0                  0                  0                  0        112763.1768                  0                  0        212.6401694
          1        911                  0                  0                  0                  0        112887.0924                  0                  0        212.6401694
          1        912                  0                  0                  0                  0         113011.008                  0                  0        212.6401694
          1        913                  0                  0                  0                  0        113134.9235                  0                  0        212.6401694
          1        914                  0                  0                  0                  0        113258.8391                  0                  0        212.6401694
          1        915                  0                  0                  0                  0        113382.7547                  0                  0        212.6401694
          1        916                  0                  0                  0                  0        113506.6703                  0                  0        212.6401694
          1        917                  0                  0                  0                  0        113630.5858                  0                  0        212.6401694
          1        918                  0                  0                  0                  0        113754.5014                  0                  0        212.6401694
          1        919                  0                  0                  0                  0         113878.417                  0                  0        212.6401694
          1        920                  0                  0                  0                  0        114002.3326                  0                  0        212.6401694
          1        921                  0                  0                  0                  0        114126.2482                  0                  0        212.6401694
          1        922                  0                  0                  0                  0        114250.1637                  0                  0        212.6401694
          1        923                  0                  0                  0                  0        114374.0793                  0                  0        212.6401694
          1        924                  0                  0                  0                  0        114497.9949                  0                  0        212.6401694
          1        925                  0                  0                  0                  0        114621.9105                  0                  0        212.6401694
          1        926                  0                  0                  0                  0        114745.8261                  0                  0        212.6401694
          1        927                  0                  0                  0                  0        114869.7416                  0                  0        212.6401694
          1        928                  0                  0                  0                  0        114993.6572                  0                  0        212.6401694
          1        929                  0                  0                  0                  0        115117.5728                  0                  0        212.6401694
          1        930                  0                  0                  0                  0        115241.4884                  0                  0        212.6401694
          1        931                  0                  0                  0                  0         115365.404                  0                  0        212.6401694
          1        932                  0                  0                  0                  0        115489.3195                  0                  0        212.6401694
          1        933                  0                  0                  0                  0        115613.2351                  0                  0        212.6401694
          1        934                  0                  0                  0                  0        115737.1507                  0                  0        212.6401694
          1        935                  0                  0                  0                  0        115861.0663                  0                  0        212.6401694
          1        936                  0                  0                  0                  0        115984.9818                  0                  0        212.6401694
          1        937                  0                  0                  0                  0        116108.8974                  0                  0        212.6401694
          1        938                  0                  0                  0                  0         116232.813                  0                  0        212.6401694
          1        939                  0                  0                  0                  0        116356.7286                  0                  0        212.6401694
          1        940                  0                  0                  0                  0        116480.6442                  0                  0        212.6401694
          1        941                  0                  0                  0                  0        116604.5597                  0                  0        212.6401694
          1        942                  0                  0                  0                  0        116728.4753                  0                  0        212.6401694
          1        943                  0                  0                  0                  0        116852.3909                  0                  0        212.6401694
          1        944                  0                  0                  0                  0        116976.3065                  0                  0        212.6401694
          1        945                  0                  0                  0                  0        117100.2221                  0                  0        212.6401694
          1        946                  0                  0                  0                  0        117224.1376                  0                  0        212.6401694
          1        947                  0                  0                  0                  0        117348.0532                  0                  0        212.6401694
          1        948                  0                  0                  0                  0        117471.9688                  0                  0        212.6401694
          1        949                  0                  0                  0                  0        117595.8844                  0                  0        212.6401694
          1        950                  0                  0                  0                  0           117719.8                  0                  0        212.6401694
          1        951                  0                  0                  0                  0        117843.7155                  0                  0        212.6401694
          1        952                  0                  0                  0                  0        117967.6311                  0                  0        212.6401694
          1        953                  0                  0                  0                  0        118091.5467                  0                  0        212.6401694
          1        954                  0                  0                  0                  0        118215.4623                  0                  0        212.6401694
          1        955                  0                  0                  0                  0        118339.3778                  0                  0        212.6401694
          1        956                  0                  0                  0                  0        118463.2934                  0                  0        212.6401694
          1        957                  0                  0                  0                  0         118587.209                  0                  0        212.6401694
          1        958                  0                  0                  0                  0        118711.1246                  0                  0        212.6401694
          1        959                  0                  0                  0                  0        118835.0402                  0                  0        212.6401694
          1        960                  0                  0                  0                  0        118958.9557                  0                  0        212.6401694
          1        961                  0                  0                  0                  0        119082.8713                  0                  0        212.6401694
          1        962                  0                  0                  0                  0        119206.7869                  0                  0        212.6401694
          1        963                  0                  0                  0                  0        119330.7025                  0                  0        212.6401694
          1        964                  0                  0                  0                  0        119454.6181                  0                  0        212.6401694
          1        965                  0                  0                  0                  0        119578.5336                  0                  0        212.6401694
          1        966                  0                  0                  0                  0        119702.4492                  0                  0        212.6401694
          1        967                  0                  0                  0                  0        119826.3648                  0                  0        212.6401694
          1        968                  0                  0                  0                  0        119950.2804                  0                  0        212.6401694
          1        969                  0                  0                  0                  0         120074.196                  0                  0        212.6401694
          1        970                  0                  0                  0                  0        120198.1115                  0                  0        212.6401694
          1        971                  0                  0                  0                  0        120322.0271                  0                  0        212.6401694
          1        972                  0                  0                  0                  0        120445.9427                  0                  0        212.6401694
          1        973                  0                  0                  0                  0        120569.8583                  0                  0        212.6401694
          1        974                  0                  0                  0                  0        120693.7738                  0                  0        212.6401694
          1        975                  0                  0                  0                  0        120817.6894                  0                  0        212.6401694
          1        976                  0                  0                  0                  0         120941.605                  0                  0        212.6401694
          1        977                  0                  0                  0                  0        121065.5206                  0                  0        212.6401694
          1        978                  0                  0                  0                  0        121189.4362                  0                  0        212.6401694
          1        979                  0                  0                  0                  0        121313.3517                  0                  0        212.6401694
          1        980                  0                  0                  0                  0        121437.2673                  0                  0        212.6401694
          1        981                  0                  0                  0                  0        121561.1829                  0                  0        212.6401694
          1        982                  0                  0                  0                  0        121685.0985                  0                  0        212.6401694
          1        983                  0                  0                  0                  0        121809.0141                  0                  0        212.6401694
          1        984                  0                  0                  0                  0        121932.9296                  0                  0        212.6401694
          1        985                  0                  0                  0                  0        122056.8452                  0                  0        212.6401694
          1        986                  0                  0                  0                  0        122180.7608                  0                  0        212.6401694
          1        987                  0                  0                  0                  0        122304.6764                  0                  0        212.6401694
          1        988                  0                  0                  0                  0         122428.592                  0                  0        212.6401694
          1        989                  0                  0                  0                  0        122552.5075                  0                  0        212.6401694
          1        990                  0                  0                  0                  0        122676.4231                  0                  0        212.6401694
          1        991                  0                  0                  0                  0        122800.3387                  0                  0        212.6401694
          1        992                  0                  0                  0                  0        122924.2543                  0                  0        212.6401694
          1        993                  0                  0                  0                  0        123048.1698                  0                  0        212.6401694
          1        994                  0                  0                  0                  0        123172.0854                  0                  0        212.6401694
          1        995                  0                  0                  0                  0         123296.001                  0                  0        212.6401694
          1        996                  0                  0                  0                  0        123419.9166                  0                  0        212.6401694
          1        997                  0                  0                  0                  0        123543.8322                  0                  0        212.6401694
          1        998                  0                  0                  0                  0        123667.7477                  0                  0        212.6401694
          1        999                  0                  0                  0                  0        123791.6633                  0                  0        212.6401694
          1       1000                  0                  0                  0                  0        123915.5789                  0                  0        212.6401694
          1       1001                  0                  0                  0                  0        124039.4945                  0                  0        212.6401694
          1       1002                  0                  0                  0                  0        124163.4101                  0                  0        212.6401694
          1       1003                  0                  0                  0                  0        124287.3256                  0                  0        212.6401694
          1       1004                  0                  0                  0                  0        124411.2412                  0                  0        212.6401694
          1       1005                  0                  0                  0                  0        124535.1568                  0                  0        212.6401694
          1       1006                  0                  0                  0                  0        124659.0724                  0                  0        212.6401694
          1       1007                  0                  0                  0                  0         124782.988                  0                  0        212.6401694
          1       1008                  0                  0                  0                  0        124906.9035                  0                  0        212.6401694
          1       1009                  0                  0                  0                  0        125030.8191                  0                  0        212.6401694
          1       1010                  0                  0                  0                  0        125154.7347                  0                  0        212.6401694
          1       1011                  0                  0                  0                  0        125278.6503                  0                  0        212.6401694
          1       1012                  0                  0                  0                  0        125402.5658                  0                  0        212.6401694
          1       1013                  0                  0                  0                  0        125526.4814                  0                  0        212.6401694
          1       1014                  0                  0                  0                  0         125650.397                  0                  0        212.6401694
          1       1015                  0                  0                  0                  0        125774.3126                  0                  0        212.6401694
          1       1016                  0                  0                  0                  0        125898.2282                  0                  0        212.6401694
          1       1017                  0                  0                  0                  0        126022.1437                  0                  0        212.6401694
          1       1018                  0                  0                  0                  0        126146.0593                  0                  0        212.6401694
          1       1019                  0                  0                  0                  0        126269.9749                  0                  0        212.6401694
          1       1020                  0                  0                  0                  0        126393.8905                  0                  0        212.6401694
          1       1021                  0                  0                  0                  0        126517.8061                  0                  0        212.6401694
          1       1022                  0                  0                  0                  0        126641.7216                  0                  0        212.6401694
          1       1023                  0                  0                  0                  0        126765.6372                  0                  0        212.6401694
          1       1024                  0                  0                  0                  0        126889.5528                  0                  0        212.6401694
          1       1025                  0                  0                  0                  0        127013.4684                  0                  0        212.6401694
          1       1026                  0                  0                  0                  0        127137.3839                  0                  0        212.6401694
          1       1027                  0                  0                  0                  0        127261.2995                  0                  0        212.6401694
          1       1028                  0                  0                  0                  0        127385.2151                  0                  0        212.6401694
          1       1029                  0                  0                  0                  0        127509.1307                  0                  0        212.6401694
          1       1030                  0                  0                  0                  0        127633.0463                  0                  0        212.6401694
          1       1031                  0                  0                  0                  0        127756.9618                  0                  0        212.6401694
          1       1032                  0                  0                  0                  0        127880.8774                  0                  0        212.6401694
          1       1033                  0                  0                  0                  0         128004.793                  0                  0        212.6401694
          1       1034                  0                  0                  0                  0        128128.7086                  0                  0        212.6401694
          1       1035                  0                  0                  0                  0        128252.6242                  0                  0        212.6401694
          1       1036                  0                  0                  0                  0        128376.5397                  0                  0        212.6401694
          1       1037                  0                  0                  0                  0        128500.4553                  0                  0        212.6401694
          1       1038                  0                  0                  0                  0        128624.3709                  0                  0        212.6401694
          1       1039                  0                  0                  0                  0        128748.2865                  0                  0        212.6401694
          1       1040                  0                  0                  0                  0        128872.2021                  0                  0        212.6401694
          1       1041                  0                  0                  0                  0        128996.1176                  0                  0        212.6401694
          1       1042                  0                  0                  0                  0        129120.0332                  0                  0        212.6401694
          1       1043                  0                  0                  0                  0        129243.9488                  0                  0        212.6401694
          1       1044                  0                  0                  0                  0        129367.8644                  0                  0        212.6401694
          1       1045                  0                  0                  0                  0        129491.7799                  0                  0        212.6401694
          1       1046                  0                  0                  0                  0        129615.6955                  0                  0        212.6401694
          1       1047                  0                  0                  0                  0        129739.6111                  0                  0        212.6401694
          1       1048                  0                  0                  0                  0        129863.5267                  0                  0        212.6401694
          1       1049                  0                  0                  0                  0        129987.4423                  0                  0        212.6401694
          1       1050                  0                  0                  0                  0        130111.3578                  0                  0        212.6401694
          1       1051                  0                  0                  0                  0        130235.2734                  0                  0        212.6401694
          1       1052                  0                  0                  0                  0         130359.189                  0                  0        212.6401694
          1       1053                  0                  0                  0                  0        130483.1046                  0                  0        212.6401694
          1       1054                  0                  0                  0                  0        130607.0202                  0                  0        212.6401694
          1       1055                  0                  0                  0                  0        130730.9357                  0                  0        212.6401694
          1       1056                  0                  0                  0                  0        130854.8513                  0                  0        212.6401694
          1       1057                  0                  0                  0                  0        130978.7669                  0                  0        212.6401694
          1       1058                  0                  0                  0                  0        131102.6825                  0                  0        212.6401694
          1       1059                  0                  0                  0                  0        131226.5981                  0                  0        212.6401694
          1       1060                  0                  0                  0                  0        131350.5136                  0                  0        212.6401694
          1       1061                  0                  0                  0                  0        131474.4292                  0                  0        212.6401694
          1       1062                  0                  0                  0                  0        131598.3448                  0                  0        212.6401694
          1       1063                  0                  0                  0                  0        131722.2604                  0                  0        212.6401694
          1       1064                  0                  0                  0                  0        131846.1759                  0                  0        212.6401694
          1       1065                  0                  0                  0                  0        131970.0915                  0                  0        212.6401694
          1       1066                  0                  0                  0                  0        132094.0071                  0                  0        212.6401694
          1       1067                  0                  0                  0                  0        132217.9227                  0                  0        212.6401694
          1       1068                  0                  0                  0                  0        132341.8383                  0                  0        212.6401694
          1       1069                  0                  0                  0                  0        132465.7538                  0                  0        212.6401694
          1       1070                  0                  0                  0                  0        132589.6694                  0                  0        212.6401694
          1       1071                  0                  0                  0                  0         132713.585                  0                  0        212.6401694
          1       1072                  0                  0                  0                  0        132837.5006                  0                  0        212.6401694
          1       1073                  0                  0                  0                  0        132961.4162                  0                  0        212.6401694
          1       1074                  0                  0                  0                  0        133085.3317                  0                  0        212.6401694
          1       1075                  0                  0                  0                  0        133209.2473                  0                  0        212.6401694
          1       1076                  0                  0                  0                  0        133333.1629                  0                  0        212.6401694
          1       1077                  0                  0                  0                  0        133457.0785                  0                  0        212.6401694
          1       1078                  0                  0                  0                  0        133580.9941                  0                  0        212.6401694
          1       1079                  0                  0                  0                  0        133704.9096                  0                  0        212.6401694
          1       1080                  0                  0                  0                  0        133828.8252                  0                  0        212.6401694
          1       1081                  0                  0                  0                  0        133952.7408                  0                  0        212.6401694
          1       1082                  0                  0                  0                  0        134076.6564                  0                  0        212.6401694
          1       1083                  0                  0                  0                  0        134200.5719                  0                  0        212.6401694
          1       1084                  0                  0                  0                  0        134324.4875                  0                  0        212.6401694
          1       1085                  0                  0                  0                  0        134448.4031                  0                  0        212.6401694
          1       1086                  0                  0                  0                  0        134572.3187                  0                  0        212.6401694
          1       1087                  0                  0                  0                  0        134696.2343                  0                  0        212.6401694
          1       1088                  0                  0                  0                  0        134820.1498                  0                  0        212.6401694
          1       1089                  0                  0                  0                  0        134944.0654                  0                  0        212.6401694
          1       1090                  0                  0                  0                  0         135067.981                  0                  0        212.6401694
          1       1091                  0                  0                  0                  0        135191.8966                  0                  0        212.6401694
          1       1092                  0                  0                  0                  0        135315.8122                  0                  0        212.6401694
          1       1093                  0                  0                  0                  0        135439.7277                  0                  0        212.6401694
          1       1094                  0                  0                  0                  0        135563.6433                  0                  0        212.6401694
          1       1095                  0                  0                  0                  0        135687.5589                  0                  0        212.6401694
          1       1096                  0                  0                  0                  0        135811.4745                  0                  0        212.6401694
          1       1097                  0                  0                  0                  0        135935.3901                  0                  0        212.6401694
          1       1098                  0                  0                  0                  0        136059.3056                  0                  0        212.6401694
          1       1099                  0                  0                  0                  0        136183.2212                  0                  0        212.6401694
          1       1100                  0                  0                  0                  0        136307.1368                  0                  0        212.6401694
          1       1101                  0                  0                  0                  0        136431.0524                  0                  0        212.6401694
          1       1102                  0                  0                  0                  0        136554.9679                  0                  0        212.6401694
          1       1103                  0                  0                  0                  0        136678.8835                  0                  0        212.6401694
          1       1104                  0                  0                  0                  0        136802.7991                  0                  0        212.6401694
          1       1105                  0                  0                  0                  0        136926.7147                  0                  0        212.6401694
          1       1106                  0                  0                  0                  0        137050.6303                  0                  0        212.6401694
          1       1107                  0                  0                  0                  0        137174.5458                  0                  0        212.6401694
          1       1108                  0                  0                  0                  0        137298.4614                  0                  0        212.6401694
          1       1109                  0                  0                  0                  0         137422.377                  0                  0        212.6401694
          1       1110                  0                  0                  0                  0        137546.2926                  0                  0        212.6401694
          1       1111                  0                  0                  0                  0        137670.2082                  0                  0        212.6401694
          1       1112                  0                  0                  0                  0        137794.1237                  0                  0        212.6401694
          1       1113                  0                  0                  0                  0        137918.0393                  0                  0        212.6401694
          1       1114                  0                  0                  0                  0        138041.9549                  0                  0        212.6401694
          1       1115                  0                  0                  0                  0        138165.8705                  0                  0        212.6401694
          1       1116                  0                  0                  0                  0        138289.7861                  0                  0        212.6401694
          1       1117                  0                  0                  0                  0        138413.7016                  0                  0        212.6401694
          1       1118                  0                  0                  0                  0        138537.6172                  0                  0        212.6401694
          1       1119                  0                  0                  0                  0        138661.5328                  0                  0        212.6401694
          1       1120                  0                  0                  0                  0        138785.4484                  0                  0        212.6401694
          1       1121                  0                  0                  0                  0        138909.3639                  0                  0        212.6401694
          1       1122                  0                  0                  0                  0        139033.2795                  0                  0        212.6401694
          1       1123                  0                  0                  0                  0        139157.1951                  0                  0        212.6401694
          1       1124                  0                  0                  0                  0        139281.1107                  0                  0        212.6401694
          1       1125                  0                  0                  0                  0        139405.0263                  0                  0        212.6401694
          1       1126                  0                  0                  0                  0        139528.9418                  0                  0        212.6401694
          1       1127                  0                  0                  0                  0        139652.8574                  0                  0        212.6401694
          1       1128                  0                  0                  0                  0         139776.773                  0                  0        212.6401694
          1       1129                  0                  0                  0                  0        139900.6886                  0                  0        212.6401694
          1       1130                  0                  0                  0                  0        140024.6042                  0                  0        212.6401694
          1       1131                  0                  0                  0                  0        140148.5197                  0                  0        212.6401694
          1       1132                  0                  0                  0                  0        140272.4353                  0                  0        212.6401694
          1       1133                  0                  0                  0                  0        140396.3509                  0                  0        212.6401694
          1       1134                  0                  0                  0                  0        140520.2665                  0                  0        212.6401694
          1       1135                  0                  0                  0                  0         140644.182                  0                  0        212.6401694
          1       1136                  0                  0                  0                  0        140768.0976                  0                  0        212.6401694
          1       1137                  0                  0                  0                  0        140892.0132                  0                  0        212.6401694
          1       1138                  0                  0                  0                  0        141015.9288                  0                  0        212.6401694
          1       1139                  0                  0                  0                  0        141139.8444                  0                  0        212.6401694
          1       1140                  0                  0                  0                  0        141263.7599                  0                  0        212.6401694
          1       1141                  0                  0                  0                  0        141387.6755                  0                  0        212.6401694
          1       1142                  0                  0                  0                  0        141511.5911                  0                  0        212.6401694
          1       1143                  0                  0                  0                  0        141635.5067                  0                  0        212.6401694
          1       1144                  0                  0                  0                  0        141759.4223                  0                  0        212.6401694
          1       1145                  0                  0                  0                  0        141883.3378                  0                  0        212.6401694
          1       1146                  0                  0                  0                  0        142007.2534                  0                  0        212.6401694
          1       1147                  0                  0                  0                  0         142131.169                  0                  0        212.6401694
          1       1148                  0                  0                  0                  0        142255.0846                  0                  0        212.6401694
          1       1149                  0                  0                  0                  0        142379.0002                  0                  0        212.6401694
          1       1150                  0                  0                  0                  0        142502.9157                  0                  0        212.6401694
          1       1151                  0                  0                  0                  0        142626.8313                  0                  0        212.6401694
          1       1152                  0                  0                  0                  0        142750.7469                  0                  0        212.6401694
          1       1153                  0                  0                  0                  0        142874.6625                  0                  0        212.6401694
          1       1154                  0                  0                  0                  0         142998.578                  0                  0        212.6401694
          1       1155                  0                  0                  0                  0        143122.4936                  0                  0        212.6401694
          1       1156                  0                  0                  0                  0        143246.4092                  0                  0        212.6401694
          1       1157                  0                  0                  0                  0        143370.3248                  0                  0        212.6401694
          1       1158                  0                  0                  0                  0        143494.2404                  0                  0        212.6401694
          1       1159                  0                  0                  0                  0        143618.1559                  0                  0        212.6401694
          1       1160                  0                  0                  0                  0        143742.0715                  0                  0        212.6401694
          1       1161                  0                  0                  0                  0        143865.9871                  0                  0        212.6401694
          1       1162                  0                  0                  0                  0        143989.9027                  0                  0        212.6401694
          1       1163                  0                  0                  0                  0        144113.8183                  0                  0        212.6401694
          1       1164                  0                  0                  0                  0        144237.7338                  0                  0        212.6401694
          1       1165                  0                  0                  0                  0        144361.6494                  0                  0        212.6401694
          1       1166                  0                  0                  0                  0         144485.565                  0                  0        212.6401694
          1       1167                  0                  0                  0                  0        144609.4806                  0                  0        212.6401694
          1       1168                  0                  0                  0                  0        144733.3962                  0                  0        212.6401694
          1       1169                  0                  0                  0                  0        144857.3117                  0                  0        212.6401694
          1       1170                  0                  0                  0                  0        144981.2273                  0                  0        212.6401694
          1       1171                  0                  0                  0                  0        145105.1429                  0                  0        212.6401694
          1       1172                  0                  0                  0                  0        145229.0585                  0                  0        212.6401694
          1       1173                  0                  0                  0                  0         145352.974                  0                  0        212.6401694
          1       1174                  0                  0                  0                  0        145476.8896                  0                  0        212.6401694
          1       1175                  0                  0                  0                  0        145600.8052                  0                  0        212.6401694
          1       1176                  0                  0                  0                  0        145724.7208                  0                  0        212.6401694
          1       1177                  0                  0                  0                  0        145848.6364                  0                  0        212.6401694
          1       1178                  0                  0                  0                  0        145972.5519                  0                  0        212.6401694
          1       1179                  0                  0                  0                  0        146096.4675                  0                  0        212.6401694
          1       1180                  0                  0                  0                  0        146220.3831                  0                  0        212.6401694
          1       1181                  0                  0                  0                  0        146344.2987                  0                  0        212.6401694
          1       1182                  0                  0                  0                  0        146468.2143                  0                  0        212.6401694
          1       1183                  0                  0                  0                  0        146592.1298                  0                  0        212.6401694
          1       1184                  0                  0                  0                  0        146716.0454                  0                  0        212.6401694
          1       1185                  0                  0                  0                  0         146839.961                  0                  0        212.6401694
          1       1186                  0                  0                  0                  0        146963.8766                  0                  0        212.6401694
          1       1187                  0                  0                  0                  0        147087.7922                  0                  0        212.6401694
          1       1188                  0                  0                  0                  0        147211.7077                  0                  0        212.6401694
          1       1189                  0                  0                  0                  0        147335.6233                  0                  0        212.6401694
          1       1190                  0                  0                  0                  0        147459.5389                  0                  0        212.6401694
          1       1191                  0                  0                  0                  0        147583.4545                  0                  0        212.6401694
          1       1192                  0                  0                  0                  0          147707.37                  0                  0        212.6401694
          1       1193                  0                  0                  0                  0        147831.2856                  0                  0        212.6401694
          1       1194                  0                  0                  0                  0        147955.2012                  0                  0        212.6401694
          1       1195                  0                  0                  0                  0        148079.1168                  0                  0        212.6401694
          1       1196                  0                  0                  0                  0        148203.0324                  0                  0        212.6401694
          1       1197                  0                  0                  0                  0        148326.9479                  0                  0        212.6401694
          1       1198                  0                  0                  0                  0        148450.8635                  0                  0        212.6401694
          1       1199                  0                  0                  0                  0        148574.7791                  0                  0        212.6401694
          1       1200                  0                  0                  0                  0        148698.6947                  0                  0        212.6401694
          1       1201                  0                  0                  0                  0        148822.6103                  0                  0        212.6401694
          1       1202                  0                  0                  0                  0        148946.5258                  0                  0        212.6401694
          1       1203                  0                  0                  0                  0        149070.4414                  0                  0        212.6401694
          1       1204                  0                  0                  0                  0         149194.357                  0                  0        212.6401694
          1       1205                  0                  0                  0                  0        149318.2726                  0                  0        212.6401694
          1       1206                  0                  0                  0                  0        149442.1882                  0                  0        212.6401694
          1       1207                  0                  0                  0                  0        149566.1037                  0                  0        212.6401694
          1       1208                  0                  0                  0                  0        149690.0193                  0                  0        212.6401694
          1       1209                  0                  0                  0                  0        149813.9349                  0                  0        212.6401694
          1       1210                  0                  0                  0                  0        149937.8505                  0                  0        212.6401694
          1       1211                  0                  0                  0                  0         150061.766                  0                  0        212.6401694
          1       1212                  0                  0                  0                  0        150185.6816                  0                  0        212.6401694
          1       1213                  0                  0                  0                  0        150309.5972                  0                  0        212.6401694
          1       1214                  0                  0                  0                  0        150433.5128                  0                  0        212.6401694
          1       1215                  0                  0                  0                  0        150557.4284                  0                  0        212.6401694
          1       1216                  0                  0                  0                  0        150681.3439                  0                  0        212.6401694
          1       1217                  0                  0                  0                  0        150805.2595                  0                  0        212.6401694
          1       1218                  0                  0                  0                  0        150929.1751                  0                  0        212.6401694
          1       1219                  0                  0                  0                  0        151053.0907                  0                  0        212.6401694
          1       1220                  0                  0                  0                  0        151177.0063                  0                  0        212.6401694
          1       1221                  0                  0                  0                  0        151300.9218                  0                  0        212.6401694
          1       1222                  0                  0                  0                  0        151424.8374                  0                  0        212.6401694
          1       1223                  0                  0                  0                  0         151548.753                  0                  0        212.6401694
          1       1224                  0                  0                  0                  0        151672.6686                  0                  0        212.6401694
          1       1225                  0                  0                  0                  0        151796.5842                  0                  0        212.6401694
          1       1226                  0                  0                  0                  0        151920.4997                  0                  0        212.6401694
          1       1227                  0                  0                  0                  0        152044.4153                  0                  0        212.6401694
          1       1228                  0                  0                  0                  0        152168.3309                  0                  0        212.6401694
          1       1229                  0                  0                  0                  0        152292.2465                  0                  0        212.6401694
          1       1230                  0                  0                  0                  0         152416.162                  0                  0        212.6401694
          1       1231                  0                  0                  0                  0        152540.0776                  0                  0        212.6401694
          1       1232                  0                  0                  0                  0        152663.9932                  0                  0        212.6401694
          1       1233                  0                  0                  0                  0        152787.9088                  0                  0        212.6401694
          1       1234                  0                  0                  0                  0        152911.8244                  0                  0        212.6401694
          1       1235                  0                  0                  0                  0        153035.7399                  0                  0        212.6401694
          1       1236                  0                  0                  0                  0        153159.6555                  0                  0        212.6401694
          1       1237                  0                  0                  0                  0        153283.5711                  0                  0        212.6401694
          1       1238                  0                  0                  0                  0        153407.4867                  0                  0        212.6401694
          1       1239                  0                  0                  0                  0        153531.4023                  0                  0        212.6401694
          1       1240                  0                  0                  0                  0        153655.3178                  0                  0        212.6401694
          1       1241                  0                  0                  0                  0        153779.2334                  0                  0        212.6401694
          1       1242                  0                  0                  0                  0         153903.149                  0                  0        212.6401694
          1       1243                  0                  0                  0                  0        154027.0646                  0                  0        212.6401694
          1       1244                  0                  0                  0                  0        154150.9801                  0                  0        212.6401694
          1       1245                  0                  0                  0                  0        154274.8957                  0                  0        212.6401694
          1       1246                  0                  0                  0                  0        154398.8113                  0                  0        212.6401694
          1       1247                  0                  0                  0                  0        154522.7269                  0                  0        212.6401694
          1       1248                  0                  0                  0                  0        154646.6425                  0                  0        212.6401694
          1       1249                  0                  0                  0                  0         154770.558                  0                  0        212.6401694
          1       1250                  0                  0                  0                  0        154894.4736                  0                  0        212.6401694
          1       1251                  0                  0                  0                  0        155018.3892                  0                  0        212.6401694
          1       1252                  0                  0                  0                  0        155142.3048                  0                  0        212.6401694
          1       1253                  0                  0                  0                  0        155266.2204                  0                  0        212.6401694
          1       1254                  0                  0                  0                  0        155390.1359                  0                  0        212.6401694
          1       1255                  0                  0                  0                  0        155514.0515                  0                  0        212.6401694
          1       1256                  0                  0                  0                  0        155637.9671                  0                  0        212.6401694
          1       1257                  0                  0                  0                  0        155761.8827                  0                  0        212.6401694
          1       1258                  0                  0                  0                  0        155885.7983                  0                  0        212.6401694
          1       1259                  0                  0                  0                  0        156009.7138                  0                  0        212.6401694
          1       1260                  0                  0                  0                  0        156133.6294                  0                  0        212.6401694
          1       1261                  0                  0                  0                  0         156257.545                  0                  0        212.6401694
          1       1262                  0                  0                  0                  0        156381.4606                  0                  0        212.6401694
          1       1263                  0                  0                  0                  0        156505.3761                  0                  0        212.6401694
          1       1264                  0                  0                  0                  0        156629.2917                  0                  0        212.6401694
          1       1265                  0                  0                  0                  0        156753.2073                  0                  0        212.6401694
          1       1266                  0                  0                  0                  0        156877.1229                  0                  0        212.6401694
          1       1267                  0                  0                  0                  0        157001.0385                  0                  0        212.6401694
          1       1268                  0                  0                  0                  0         157124.954                  0                  0        212.6401694
          1       1269                  0                  0                  0                  0        157248.8696                  0                  0        212.6401694
          1       1270                  0                  0                  0                  0        157372.7852                  0                  0        212.6401694
          1       1271                  0                  0                  0                  0        157496.7008                  0                  0        212.6401694
          1       1272                  0                  0                  0                  0        157620.6164                  0                  0        212.6401694
          1       1273                  0                  0                  0                  0        157744.5319                  0                  0        212.6401694
          1       1274                  0                  0                  0                  0        157868.4475                  0                  0        212.6401694
          1       1275                  0                  0                  0                  0        157992.3631                  0                  0        212.6401694
          1       1276                  0                  0                  0                  0        158116.2787                  0                  0        212.6401694
          1       1277                  0                  0                  0                  0        158240.1943                  0                  0        212.6401694
          1       1278                  0                  0                  0                  0        158364.1098                  0                  0        212.6401694
          1       1279                  0                  0                  0                  0        158488.0254                  0                  0        212.6401694
          1       1280                  0                  0                  0                  0         158611.941                  0                  0        212.6401694
          1       1281                  0                  0                  0                  0        158735.8566                  0                  0        212.6401694
          1       1282                  0                  0                  0                  0        158859.7721                  0                  0        212.6401694
          1       1283                  0                  0                  0                  0        158983.6877                  0                  0        212.6401694
          1       1284                  0                  0                  0                  0        159107.6033                  0                  0        212.6401694
          1       1285                  0                  0                  0                  0        159231.5189                  0                  0        212.6401694
          1       1286                  0                  0                  0                  0        159355.4345                  0                  0        212.6401694
          1       1287                  0                  0                  0                  0          159479.35                  0                  0        212.6401694
          1       1288                  0                  0                  0                  0        159603.2656                  0                  0        212.6401694
          1       1289                  0                  0                  0                  0        159727.1812                  0                  0        212.6401694
          1       1290                  0                  0                  0                  0        159851.0968                  0                  0        212.6401694
          1       1291                  0                  0                  0                  0        159975.0124                  0                  0        212.6401694
          1       1292                  0                  0                  0                  0        160098.9279                  0                  0        212.6401694
          1       1293                  0                  0                  0                  0        160222.8435                  0                  0        212.6401694
          1       1294                  0                  0                  0                  0        160346.7591                  0                  0        212.6401694
          1       1295                  0                  0                  0                  0        160470.6747                  0                  0        212.6401694
          1       1296                  0                  0                  0                  0        160594.5903                  0                  0        212.6401694
          1       1297                  0                  0                  0                  0        160718.5058                  0                  0        212.6401694
          1       1298                  0                  0                  0                  0        160842.4214                  0                  0        212.6401694
          1       1299                  0                  0                  0                  0         160966.337                  0                  0        212.6401694
          1       1300                  0                  0                  0                  0        161090.2526                  0                  0        212.6401694
          1       1301                  0                  0                  0                  0        161214.1681                  0                  0        212.6401694
          1       1302                  0                  0                  0                  0        161338.0837                  0                  0        212.6401694
          1       1303                  0                  0                  0                  0        161461.9993                  0                  0        212.6401694
          1       1304                  0                  0                  0                  0        161585.9149                  0                  0        212.6401694
          1       1305                  0                  0                  0                  0        161709.8305                  0                  0        212.6401694
          1       1306                  0                  0                  0                  0         161833.746                  0                  0        212.6401694
          1       1307                  0                  0                  0                  0        161957.6616                  0                  0        212.6401694
          1       1308                  0                  0                  0                  0        162081.5772                  0                  0        212.6401694
          1       1309                  0                  0                  0                  0        162205.4928                  0                  0        212.6401694
          1       1310                  0                  0                  0                  0        162329.4084                  0                  0        212.6401694
          1       1311                  0                  0                  0                  0        162453.3239                  0                  0        212.6401694
          1       1312                  0                  0                  0                  0        162577.2395                  0                  0        212.6401694
          1       1313                  0                  0                  0                  0        162701.1551                  0                  0        212.6401694
          1       1314                  0                  0                  0                  0        162825.0707                  0                  0        212.6401694
          1       1315                  0                  0                  0                  0        162948.9863                  0                  0        212.6401694
          1       1316                  0                  0                  0                  0        163072.9018                  0                  0        212.6401694
          1       1317                  0                  0                  0                  0        163196.8174                  0                  0        212.6401694
          1       1318                  0                  0                  0                  0         163320.733                  0                  0        212.6401694
          1       1319                  0                  0                  0                  0        163444.6486                  0                  0        212.6401694
          1       1320                  0                  0                  0                  0        163568.5641                  0                  0        212.6401694
          1       1321                  0                  0                  0                  0        163692.4797                  0                  0        212.6401694
          1       1322                  0                  0                  0                  0        163816.3953                  0                  0        212.6401694
          1       1323                  0                  0                  0                  0        163940.3109                  0                  0        212.6401694
          1       1324                  0                  0                  0                  0        164064.2265                  0                  0        212.6401694
          1       1325                  0                  0                  0                  0         164188.142                  0                  0        212.6401694
          1       1326                  0                  0                  0                  0        164312.0576                  0                  0        212.6401694
          1       1327                  0                  0                  0                  0        164435.9732                  0                  0        212.6401694
          1       1328                  0                  0                  0                  0        164559.8888                  0                  0        212.6401694
          1       1329                  0                  0                  0                  0        164683.8044                  0                  0        212.6401694
          1       1330                  0                  0                  0                  0        164807.7199                  0                  0        212.6401694
          1       1331                  0                  0                  0                  0        164931.6355                  0                  0        212.6401694
          1       1332                  0                  0                  0                  0        165055.5511                  0                  0        212.6401694
          1       1333                  0                  0                  0                  0        165179.4667                  0                  0        212.6401694
          1       1334                  0                  0                  0                  0        165303.3823                  0                  0        212.6401694
          1       1335                  0                  0                  0                  0        165427.2978                  0                  0        212.6401694
          1       1336                  0                  0                  0                  0        165551.2134                  0                  0        212.6401694
          1       1337                  0                  0                  0                  0         165675.129                  0                  0        212.6401694
          1       1338                  0                  0                  0                  0        165799.0446                  0                  0        212.6401694
          1       1339                  0                  0                  0                  0        165922.9601                  0                  0        212.6401694
          1       1340                  0                  0                  0                  0        166046.8757                  0                  0        212.6401694
          1       1341                  0                  0                  0                  0        166170.7913                  0                  0        212.6401694
          1       1342                  0                  0                  0                  0        166294.7069                  0                  0        212.6401694
          1       1343                  0                  0                  0                  0        166418.6225                  0                  0        212.6401694
          1       1344                  0                  0                  0                  0         166542.538                  0                  0        212.6401694
          1       1345                  0                  0                  0                  0        166666.4536                  0                  0        212.6401694
          1       1346                  0                  0                  0                  0        166790.3692                  0                  0        212.6401694
          1       1347                  0                  0                  0                  0        166914.2848                  0                  0        212.6401694
          1       1348                  0                  0                  0                  0        167038.2004                  0                  0        212.6401694
          1       1349                  0                  0                  0                  0        167162.1159                  0                  0        212.6401694
          1       1350                  0                  0                  0                  0        167286.0315                  0                  0        212.6401694
          1       1351                  0                  0                  0                  0        167409.9471                  0                  0        212.6401694
          1       1352                  0                  0                  0                  0        167533.8627                  0                  0        212.6401694
          1       1353                  0                  0                  0                  0        167657.7782                  0                  0        212.6401694
          1       1354                  0                  0                  0                  0        167781.6938                  0                  0        212.6401694
          1       1355                  0                  0                  0                  0        167905.6094                  0                  0        212.6401694
          1       1356                  0                  0                  0                  0         168029.525                  0                  0        212.6401694
          1       1357                  0                  0                  0                  0        168153.4406                  0                  0        212.6401694
          1       1358                  0                  0                  0                  0        168277.3561                  0                  0        212.6401694
          1       1359                  0                  0                  0                  0        168401.2717                  0                  0        212.6401694
          1       1360                  0                  0                  0                  0        168525.1873                  0                  0        212.6401694
          1       1361                  0                  0                  0                  0        168649.1029                  0                  0        212.6401694
          1       1362                  0                  0                  0                  0        168773.0185                  0                  0        212.6401694
          1       1363                  0                  0                  0                  0         168896.934                  0                  0        212.6401694
          1       1364                  0                  0                  0                  0        169020.8496                  0                  0        212.6401694
          1       1365                  0                  0                  0                  0        169144.7652                  0                  0        212.6401694
          1       1366                  0                  0                  0                  0        169268.6808                  0                  0        212.6401694
          1       1367                  0                  0                  0                  0        169392.5964                  0                  0        212.6401694
          1       1368                  0                  0                  0                  0        169516.5119                  0                  0        212.6401694
          1       1369                  0                  0                  0                  0        169640.4275                  0                  0        212.6401694
          1       1370                  0                  0                  0                  0        169764.3431                  0                  0        212.6401694
          1       1371                  0                  0                  0                  0        169888.2587                  0                  0        212.6401694
          1       1372                  0                  0                  0                  0        170012.1742                  0                  0        212.6401694
          1       1373                  0                  0                  0                  0        170136.0898                  0                  0        212.6401694
          1       1374                  0                  0                  0                  0        170260.0054                  0                  0        212.6401694
          1       1375                  0                  0                  0                  0         170383.921                  0                  0        212.6401694
          1       1376                  0                  0                  0                  0        170507.8366                  0                  0        212.6401694
          1       1377                  0                  0                  0                  0        170631.7521                  0                  0        212.6401694
          1       1378                  0                  0                  0                  0        170755.6677                  0                  0        212.6401694
          1       1379                  0                  0                  0                  0        170879.5833                  0                  0        212.6401694
          1       1380                  0                  0                  0                  0        171003.4989                  0                  0        212.6401694
          1       1381                  0                  0                  0                  0        171127.4145                  0                  0        212.6401694
          1       1382                  0                  0                  0                  0          171251.33                  0                  0        212.6401694
          1       1383                  0                  0                  0                  0        171375.2456                  0                  0        212.6401694
          1       1384                  0                  0                  0                  0        171499.1612                  0                  0        212.6401694
          1       1385                  0                  0                  0                  0        171623.0768                  0                  0        212.6401694
          1       1386                  0                  0                  0                  0        171746.9924                  0                  0        212.6401694
          1       1387                  0                  0                  0                  0        171870.9079                  0                  0        212.6401694
          1       1388                  0                  0                  0                  0        171994.8235                  0                  0        212.6401694
          1       1389                  0                  0                  0                  0        172118.7391                  0                  0        212.6401694
          1       1390                  0                  0                  0                  0        172242.6547                  0                  0        212.6401694
          1       1391                  0                  0                  0                  0        172366.5702                  0                  0        212.6401694
          1       1392                  0                  0                  0                  0        172490.4858                  0                  0        212.6401694
          1       1393                  0                  0                  0                  0        172614.4014                  0                  0        212.6401694
          1       1394                  0                  0                  0                  0         172738.317                  0                  0        212.6401694
          1       1395                  0                  0                  0                  0        172862.2326                  0                  0        212.6401694
          1       1396                  0                  0                  0                  0        172986.1481                  0                  0        212.6401694
          1       1397                  0                  0                  0                  0        173110.0637                  0                  0        212.6401694
          1       1398                  0                  0                  0                  0        173233.9793                  0                  0        212.6401694
          1       1399                  0                  0                  0                  0        173357.8949                  0                  0        212.6401694
          1       1400                  0                  0                  0                  0        173481.8105                  0                  0        212.6401694
          1       1401                  0                  0                  0                  0         173605.726                  0                  0        212.6401694
          1       1402                  0                  0                  0                  0        173729.6416                  0                  0        212.6401694
          1       1403                  0                  0                  0                  0        173853.5572                  0                  0        212.6401694
          1       1404                  0                  0                  0                  0        173977.4728                  0                  0        212.6401694
          1       1405                  0                  0                  0                  0        174101.3884                  0                  0        212.6401694
          1       1406                  0                  0                  0                  0        174225.3039                  0                  0        212.6401694
          1       1407                  0                  0                  0                  0        174349.2195                  0                  0        212.6401694
          1       1408                  0                  0                  0                  0        174473.1351                  0                  0        212.6401694
          1       1409                  0                  0                  0                  0        174597.0507                  0                  0        212.6401694
          1       1410                  0                  0                  0                  0        174720.9662                  0                  0        212.6401694
          1       1411                  0                  0                  0                  0        174844.8818                  0                  0        212.6401694
          1       1412                  0                  0                  0                  0        174968.7974                  0                  0        212.6401694
          1       1413                  0                  0                  0                  0         175092.713                  0                  0        212.6401694
          1       1414                  0                  0                  0                  0        175216.6286                  0                  0        212.6401694
          1       1415                  0                  0                  0                  0        175340.5441                  0                  0        212.6401694
          1       1416                  0                  0                  0                  0        175464.4597                  0                  0        212.6401694
          1       1417                  0                  0                  0                  0        175588.3753                  0                  0        212.6401694
          1       1418                  0                  0                  0                  0        175712.2909                  0                  0        212.6401694
          1       1419                  0                  0                  0                  0        175836.2065                  0                  0        212.6401694
          1       1420                  0                  0                  0                  0         175960.122                  0                  0        212.6401694
          1       1421                  0                  0                  0                  0        176084.0376                  0                  0        212.6401694
          1       1422                  0                  0                  0                  0        176207.9532                  0                  0        212.6401694
          1       1423                  0                  0                  0                  0        176331.8688                  0                  0        212.6401694
          1       1424                  0                  0                  0                  0        176455.7844                  0                  0        212.6401694
          1       1425                  0                  0                  0                  0        176579.6999                  0                  0        212.6401694
          1       1426                  0                  0                  0                  0        176703.6155                  0                  0        212.6401694
          1       1427                  0                  0                  0                  0        176827.5311                  0                  0        212.6401694
          1       1428                  0                  0                  0                  0        176951.4467                  0                  0        212.6401694
          1       1429                  0                  0                  0                  0        177075.3622                  0                  0        212.6401694
          1       1430                  0                  0                  0                  0        177199.2778                  0                  0        212.6401694
          1       1431                  0                  0                  0                  0        177323.1934                  0                  0        212.6401694
          1       1432                  0                  0                  0                  0         177447.109                  0                  0        212.6401694
          1       1433                  0                  0                  0                  0        177571.0246                  0                  0        212.6401694
          1       1434                  0                  0                  0                  0        177694.9401                  0                  0        212.6401694
          1       1435                  0                  0                  0                  0        177818.8557                  0                  0        212.6401694
          1       1436                  0                  0                  0                  0        177942.7713                  0                  0        212.6401694
          1       1437                  0                  0                  0                  0        178066.6869                  0                  0        212.6401694
          1       1438                  0                  0                  0                  0        178190.6025                  0                  0        212.6401694
          1       1439                  0                  0                  0                  0         178314.518                  0                  0        212.6401694
          1       1440                  0                  0                  0                  0        178438.4336                  0                  0        212.6401694
          1       1441                  0                  0                  0                  0        178562.3492                  0                  0        212.6401694
          1       1442                  0                  0                  0                  0        178686.2648                  0                  0        212.6401694
          1       1443                  0                  0                  0                  0        178810.1804                  0                  0        212.6401694
          1       1444                  0                  0                  0                  0        178934.0959                  0                  0        212.6401694
          1       1445                  0                  0                  0                  0        179058.0115                  0                  0        212.6401694
          1       1446                  0                  0                  0                  0        179181.9271                  0                  0        212.6401694
          1       1447                  0                  0                  0                  0        179305.8427                  0                  0        212.6401694
          1       1448                  0                  0                  0                  0        179429.7582                  0                  0        212.6401694
          1       1449                  0                  0                  0                  0        179553.6738                  0                  0        212.6401694
          1       1450                  0                  0                  0                  0        179677.5894                  0                  0        212.6401694
          1       1451                  0                  0                  0                  0         179801.505                  0                  0        212.6401694
          1       1452                  0                  0                  0                  0        179925.4206                  0                  0        212.6401694
          1       1453                  0                  0                  0                  0        180049.3361                  0                  0        212.6401694
          1       1454                  0                  0                  0                  0        180173.2517                  0                  0        212.6401694
          1       1455                  0                  0                  0                  0        180297.1673                  0                  0        212.6401694
          1       1456                  0                  0                  0                  0        180421.0829                  0                  0        212.6401694
          1       1457                  0                  0                  0                  0        180544.9985                  0                  0        212.6401694
          1       1458                  0                  0                  0                  0         180668.914                  0                  0        212.6401694
          1       1459                  0                  0                  0                  0        180792.8296                  0                  0        212.6401694
          1       1460                  0                  0                  0                  0        180916.7452                  0                  0        212.6401694
          1       1461                  0                  0                  0                  0        181040.6608                  0                  0        212.6401694
          1       1462                  0                  0                  0                  0        181164.5763                  0                  0        212.6401694
          1       1463                  0                  0                  0                  0        181288.4919                  0                  0        212.6401694
          1       1464                  0                  0                  0                  0        181412.4075                  0                  0        212.6401694
          1       1465                  0                  0                  0                  0        181536.3231                  0                  0        212.6401694
          1       1466                  0                  0                  0                  0        181660.2387                  0                  0        212.6401694
          1       1467                  0                  0                  0                  0        181784.1542                  0                  0        212.6401694
          1       1468                  0                  0                  0                  0        181908.0698                  0                  0        212.6401694
          1       1469                  0                  0                  0                  0        182031.9854                  0                  0        212.6401694
          1       1470                  0                  0                  0                  0         182155.901                  0                  0        212.6401694
          1       1471                  0                  0                  0                  0        182279.8166                  0                  0        212.6401694
          1       1472                  0                  0                  0                  0        182403.7321                  0                  0        212.6401694
          1       1473                  0                  0                  0                  0        182527.6477                  0                  0        212.6401694
          1       1474                  0                  0                  0                  0        182651.5633                  0                  0        212.6401694
          1       1475                  0                  0                  0                  0        182775.4789                  0                  0        212.6401694
          1       1476                  0                  0                  0                  0        182899.3945                  0                  0        212.6401694
          1       1477                  0                  0                  0                  0          183023.31                  0                  0        212.6401694
          1       1478                  0                  0                  0                  0        183147.2256                  0                  0        212.6401694
          1       1479                  0                  0                  0                  0        183271.1412                  0                  0        212.6401694
          1       1480                  0                  0                  0                  0        183395.0568                  0                  0        212.6401694
          1       1481                  0                  0                  0                  0        183518.9723                  0                  0        212.6401694
          1       1482                  0                  0                  0                  0        183642.8879                  0                  0        212.6401694
          1       1483                  0                  0                  0                  0        183766.8035                  0                  0        212.6401694
          1       1484                  0                  0                  0                  0        183890.7191                  0                  0        212.6401694
          1       1485                  0                  0                  0                  0        184014.6347                  0                  0        212.6401694
          1       1486                  0                  0                  0                  0        184138.5502                  0                  0        212.6401694
          1       1487                  0                  0                  0                  0        184262.4658                  0                  0        212.6401694
          1       1488                  0                  0                  0                  0        184386.3814                  0                  0        212.6401694
          1       1489                  0                  0                  0                  0         184510.297                  0                  0        212.6401694
          1       1490                  0                  0                  0                  0        184634.2126                  0                  0        212.6401694
          1       1491                  0                  0                  0                  0        184758.1281                  0                  0        212.6401694
          1       1492                  0                  0                  0                  0        184882.0437                  0                  0        212.6401694
          1       1493                  0                  0                  0                  0        185005.9593                  0                  0        212.6401694
          1       1494                  0                  0                  0                  0        185129.8749                  0                  0        212.6401694
          1       1495                  0                  0                  0                  0        185253.7905                  0                  0        212.6401694
          1       1496                  0                  0                  0                  0         185377.706                  0                  0        212.6401694
          1       1497                  0                  0                  0                  0        185501.6216                  0                  0        212.6401694
          1       1498                  0                  0                  0                  0        185625.5372                  0                  0        212.6401694
          1       1499                  0                  0                  0                  0        185749.4528                  0                  0        212.6401694
          1       1500                  0                  0                  0                  0        185873.3683                  0                  0        212.6401694
          1       1501                  0                  0                  0                  0        185997.2839                  0                  0        212.6401694
          1       1502                  0                  0                  0                  0        186121.1995                  0                  0        212.6401694
          1       1503                  0                  0                  0                  0        186245.1151                  0                  0        212.6401694
          1       1504                  0                  0                  0                  0        186369.0307                  0                  0        212.6401694
          1       1505                  0                  0                  0                  0        186492.9462                  0                  0        212.6401694
          1       1506                  0                  0                  0                  0        186616.8618                  0                  0        212.6401694
          1       1507                  0                  0                  0                  0        186740.7774                  0                  0        212.6401694
          1       1508                  0                  0                  0                  0         186864.693                  0                  0        212.6401694
          1       1509                  0                  0                  0                  0        186988.6086                  0                  0        212.6401694
          1       1510                  0                  0                  0                  0        187112.5241                  0                  0        212.6401694
          1       1511                  0                  0                  0                  0        187236.4397                  0                  0        212.6401694
          1       1512                  0                  0                  0                  0        187360.3553                  0                  0        212.6401694
          1       1513                  0                  0                  0                  0        187484.2709                  0                  0        212.6401694
          1       1514                  0                  0                  0                  0        187608.1865                  0                  0        212.6401694
          1       1515                  0                  0                  0                  0         187732.102                  0                  0        212.6401694
          1       1516                  0                  0                  0                  0        187856.0176                  0                  0        212.6401694
          1       1517                  0                  0                  0                  0        187979.9332                  0                  0        212.6401694
          1       1518                  0                  0                  0                  0        188103.8488                  0                  0        212.6401694
          1       1519                  0                  0                  0                  0        188227.7643                  0                  0        212.6401694
          1       1520                  0                  0                  0                  0        188351.6799                  0                  0        212.6401694
          1       1521                  0                  0                  0                  0        188475.5955                  0                  0        212.6401694
          1       1522                  0                  0                  0                  0        188599.5111                  0                  0        212.6401694
          1       1523                  0                  0                  0                  0        188723.4267                  0                  0        212.6401694
          1       1524                  0                  0                  0                  0        188847.3422                  0                  0        212.6401694
          1       1525                  0                  0                  0                  0        188971.2578                  0                  0        212.6401694
          1       1526                  0                  0                  0                  0        189095.1734                  0                  0        212.6401694
          1       1527                  0                  0                  0                  0         189219.089                  0                  0        212.6401694
          1       1528                  0                  0                  0                  0        189343.0046                  0                  0        212.6401694
          1       1529                  0                  0                  0                  0        189466.9201                  0                  0        212.6401694
          1       1530                  0                  0                  0                  0        189590.8357                  0                  0        212.6401694
          1       1531                  0                  0                  0                  0        189714.7513                  0                  0        212.6401694
          1       1532                  0                  0                  0                  0        189838.6669                  0                  0        212.6401694
          1       1533                  0                  0                  0                  0        189962.5825                  0                  0        212.6401694
          1       1534                  0                  0                  0                  0         190086.498                  0                  0        212.6401694
          1       1535                  0                  0                  0                  0        190210.4136                  0                  0        212.6401694
          1       1536                  0                  0                  0                  0        190334.3292                  0                  0        212.6401694
          1       1537                  0                  0                  0                  0        190458.2448                  0                  0        212.6401694
          1       1538                  0                  0                  0                  0        190582.1603                  0                  0        212.6401694
          1       1539                  0                  0                  0                  0        190706.0759                  0                  0        212.6401694
          1       1540                  0                  0                  0                  0        190829.9915                  0                  0        212.6401694
          1       1541                  0                  0                  0                  0        190953.9071                  0                  0        212.6401694
          1       1542                  0                  0                  0                  0        191077.8227                  0                  0        212.6401694
          1       1543                  0                  0                  0                  0        191201.7382                  0                  0        212.6401694
          1       1544                  0                  0                  0                  0        191325.6538                  0                  0        212.6401694
          1       1545                  0                  0                  0                  0        191449.5694                  0                  0        212.6401694
          1       1546                  0                  0                  0                  0         191573.485                  0                  0        212.6401694
          1       1547                  0                  0                  0                  0        191697.4006                  0                  0        212.6401694
          1       1548                  0                  0                  0                  0        191821.3161                  0                  0        212.6401694
          1       1549                  0                  0                  0                  0        191945.2317                  0                  0        212.6401694
          1       1550                  0                  0                  0                  0        192069.1473                  0                  0        212.6401694
          1       1551                  0                  0                  0                  0        192193.0629                  0                  0        212.6401694
          1       1552                  0                  0                  0                  0        192316.9784                  0                  0        212.6401694
          1       1553                  0                  0                  0                  0         192440.894                  0                  0        212.6401694
          1       1554                  0                  0                  0                  0        192564.8096                  0                  0        212.6401694
          1       1555                  0                  0                  0                  0        192688.7252                  0                  0        212.6401694
          1       1556                  0                  0                  0                  0        192812.6408                  0                  0        212.6401694
          1       1557                  0                  0                  0                  0        192936.5563                  0                  0        212.6401694
          1       1558                  0                  0                  0                  0        193060.4719                  0                  0        212.6401694
          1       1559                  0                  0                  0                  0        193184.3875                  0                  0        212.6401694
          1       1560                  0                  0                  0                  0        193308.3031                  0                  0        212.6401694
          1       1561                  0                  0                  0                  0        193432.2187                  0                  0        212.6401694
          1       1562                  0                  0                  0                  0        193556.1342                  0                  0        212.6401694
          1       1563                  0                  0                  0                  0        193680.0498                  0                  0        212.6401694
          1       1564                  0                  0                  0                  0        193803.9654                  0                  0        212.6401694
          1       1565                  0                  0                  0                  0         193927.881                  0                  0        212.6401694
          1       1566                  0                  0                  0                  0        194051.7966                  0                  0        212.6401694
          1       1567                  0                  0                  0                  0        194175.7121                  0                  0        212.6401694
          1       1568                  0                  0                  0                  0        194299.6277                  0                  0        212.6401694
          1       1569                  0                  0                  0                  0        194423.5433                  0                  0        212.6401694
          1       1570                  0                  0                  0                  0        194547.4589                  0                  0        212.6401694
          1       1571                  0                  0                  0                  0        194671.3744                  0                  0        212.6401694
          1       1572                  0                  0                  0                  0          194795.29                  0                  0        212.6401694
          1       1573                  0                  0                  0                  0        194919.2056                  0                  0        212.6401694
          1       1574                  0                  0                  0                  0        195043.1212                  0                  0        212.6401694
          1       1575                  0                  0                  0                  0        195167.0368                  0                  0        212.6401694
          1       1576                  0                  0                  0                  0        195290.9523                  0                  0        212.6401694
          1       1577                  0                  0                  0                  0        195414.8679                  0                  0        212.6401694
          1       1578                  0                  0                  0                  0        195538.7835                  0                  0        212.6401694
          1       1579                  0                  0                  0                  0        195662.6991                  0                  0        212.6401694
          1       1580                  0                  0                  0                  0        195786.6147                  0                  0        212.6401694
          1       1581                  0                  0                  0                  0        195910.5302                  0                  0        212.6401694
          1       1582                  0                  0                  0                  0        196034.4458                  0                  0        212.6401694
          1       1583                  0                  0                  0                  0        196158.3614                  0                  0        212.6401694
          1       1584                  0                  0                  0                  0         196282.277                  0                  0        212.6401694
          1       1585                  0                  0                  0                  0        196406.1926                  0                  0        212.6401694
          1       1586                  0                  0                  0                  0        196530.1081                  0                  0        212.6401694
          1       1587                  0                  0                  0                  0        196654.0237                  0                  0        212.6401694
          1       1588                  0                  0                  0                  0        196777.9393                  0                  0        212.6401694
          1       1589                  0                  0                  0                  0        196901.8549                  0                  0        212.6401694
          1       1590                  0                  0                  0                  0        197025.7704                  0                  0        212.6401694
          1       1591                  0                  0                  0                  0         197149.686                  0                  0        212.6401694
          1       1592                  0                  0                  0                  0        197273.6016                  0                  0        212.6401694
          1       1593                  0                  0                  0                  0        197397.5172                  0                  0        212.6401694
          1       1594                  0                  0                  0                  0        197521.4328                  0                  0        212.6401694
          1       1595                  0                  0                  0                  0        197645.3483                  0                  0        212.6401694
          1       1596                  0                  0                  0                  0        197769.2639                  0                  0        212.6401694
          1       1597                  0                  0                  0                  0        197893.1795                  0                  0        212.6401694
          1       1598                  0                  0                  0                  0        198017.0951                  0                  0        212.6401694
          1       1599                  0                  0                  0                  0        198141.0107                  0                  0        212.6401694
          1       1600                  0                  0                  0                  0        198264.9262                  0                  0        212.6401694
          1       1601                  0                  0                  0                  0        198388.8418                  0                  0        212.6401694
          1       1602                  0                  0                  0                  0        198512.7574                  0                  0        212.6401694
          1       1603                  0                  0                  0                  0         198636.673                  0                  0        212.6401694
          1       1604                  0                  0                  0                  0        198760.5886                  0                  0        212.6401694
          1       1605                  0                  0                  0                  0        198884.5041                  0                  0        212.6401694
          1       1606                  0                  0                  0                  0        199008.4197                  0                  0        212.6401694
          1       1607                  0                  0                  0                  0        199132.3353                  0                  0        212.6401694
          1       1608                  0                  0                  0                  0        199256.2509                  0                  0        212.6401694
          1       1609                  0                  0                  0                  0        199380.1664                  0                  0        212.6401694
          1       1610                  0                  0                  0                  0         199504.082                  0                  0        212.6401694
          1       1611                  0                  0                  0                  0        199627.9976                  0                  0        212.6401694
          1       1612                  0                  0                  0                  0        199751.9132                  0                  0        212.6401694
          1       1613                  0                  0                  0                  0        199875.8288                  0                  0        212.6401694
          1       1614                  0                  0                  0                  0        199999.7443                  0                  0        212.6401694
          1       1615                  0                  0                  0                  0        200123.6599                  0                  0        212.6401694
          1       1616                  0                  0                  0                  0        200247.5755                  0                  0        212.6401694
          1       1617                  0                  0                  0                  0        200371.4911                  0                  0        212.6401694
          1       1618                  0                  0                  0                  0        200495.4067                  0                  0        212.6401694
          1       1619                  0                  0                  0                  0        200619.3222                  0                  0        212.6401694
          1       1620                  0                  0                  0                  0        200743.2378                  0                  0        212.6401694
          1       1621                  0                  0                  0                  0        200867.1534                  0                  0        212.6401694
          1       1622                  0                  0                  0                  0         200991.069                  0                  0        212.6401694
          1       1623                  0                  0                  0                  0        201114.9846                  0                  0        212.6401694
          1       1624                  0                  0                  0                  0        201238.9001                  0                  0        212.6401694
          1       1625                  0                  0                  0                  0        201362.8157                  0                  0        212.6401694
          1       1626                  0                  0                  0                  0        201486.7313                  0                  0        212.6401694
          1       1627                  0                  0                  0                  0        201610.6469                  0                  0        212.6401694
          1       1628                  0                  0                  0                  0        201734.5624                  0                  0        212.6401694
          1       1629                  0                  0                  0                  0         201858.478                  0                  0        212.6401694
          1       1630                  0                  0                  0                  0        201982.3936                  0                  0        212.6401694
          1       1631                  0                  0                  0                  0        202106.3092                  0                  0        212.6401694
          1       1632                  0                  0                  0                  0        202230.2248                  0                  0        212.6401694
          1       1633                  0                  0                  0                  0        202354.1403                  0                  0        212.6401694
          1       1634                  0                  0                  0                  0        202478.0559                  0                  0        212.6401694
          1       1635                  0                  0                  0                  0        202601.9715                  0                  0        212.6401694
          1       1636                  0                  0                  0                  0        202725.8871                  0                  0        212.6401694
          1       1637                  0                  0                  0                  0        202849.8027                  0                  0        212.6401694
          1       1638                  0                  0                  0                  0        202973.7182                  0                  0        212.6401694
          1       1639                  0                  0                  0                  0        203097.6338                  0                  0        212.6401694
          1       1640                  0                  0                  0                  0        203221.5494                  0                  0        212.6401694
          1       1641                  0                  0                  0                  0         203345.465                  0                  0        212.6401694
          1       1642                  0                  0                  0                  0        203469.3806                  0                  0        212.6401694
          1       1643                  0                  0                  0                  0        203593.2961                  0                  0        212.6401694
          1       1644                  0                  0                  0                  0        203717.2117                  0                  0        212.6401694
          1       1645                  0                  0                  0                  0        203841.1273                  0                  0        212.6401694
          1       1646                  0                  0                  0                  0        203965.0429                  0                  0        212.6401694
          1       1647                  0                  0                  0                  0        204088.9584                  0                  0        212.6401694
          1       1648                  0                  0                  0                  0         204212.874                  0                  0        212.6401694
          1       1649                  0                  0                  0                  0        204336.7896                  0                  0        212.6401694
          1       1650                  0                  0                  0                  0        204460.7052                  0                  0        212.6401694
          1       1651                  0                  0                  0                  0        204584.6208                  0                  0        212.6401694
          1       1652                  0                  0                  0                  0        204708.5363                  0                  0        212.6401694
          1       1653                  0                  0                  0                  0        204832.4519                  0                  0        212.6401694
          1       1654                  0                  0                  0                  0        204956.3675                  0                  0        212.6401694
          1       1655                  0                  0                  0                  0        205080.2831                  0                  0        212.6401694
          1       1656                  0                  0                  0                  0        205204.1987                  0                  0        212.6401694
          1       1657                  0                  0                  0                  0        205328.1142                  0                  0        212.6401694
          1       1658                  0                  0                  0                  0        205452.0298                  0                  0        212.6401694
          1       1659                  0                  0                  0                  0        205575.9454                  0                  0        212.6401694
          1       1660                  0                  0                  0                  0         205699.861                  0                  0        212.6401694
          1       1661                  0                  0                  0                  0        205823.7765                  0                  0        212.6401694
          1       1662                  0                  0                  0                  0        205947.6921                  0                  0        212.6401694
          1       1663                  0                  0                  0                  0        206071.6077                  0                  0        212.6401694
          1       1664                  0                  0                  0                  0        206195.5233                  0                  0        212.6401694
          1       1665                  0                  0                  0                  0        206319.4389                  0                  0        212.6401694
          1       1666                  0                  0                  0                  0        206443.3544                  0                  0        212.6401694
          1       1667                  0                  0                  0                  0          206567.27                  0                  0        212.6401694
          1       1668                  0                  0                  0                  0        206691.1856                  0                  0        212.6401694
          1       1669                  0                  0                  0                  0        206815.1012                  0                  0        212.6401694
          1       1670                  0                  0                  0                  0        206939.0168                  0                  0        212.6401694
          1       1671                  0                  0                  0                  0        207062.9323                  0                  0        212.6401694
          1       1672                  0                  0                  0                  0        207186.8479                  0                  0        212.6401694
          1       1673                  0                  0                  0                  0        207310.7635                  0                  0        212.6401694
          1       1674                  0                  0                  0                  0        207434.6791                  0                  0        212.6401694
          1       1675                  0                  0                  0                  0        207558.5947                  0                  0        212.6401694
          1       1676                  0                  0                  0                  0        207682.5102                  0                  0        212.6401694
          1       1677                  0                  0                  0                  0        207806.4258                  0                  0        212.6401694
          1       1678                  0                  0                  0                  0        207930.3414                  0                  0        212.6401694
          1       1679                  0                  0                  0                  0         208054.257                  0                  0        212.6401694
          1       1680                  0                  0                  0                  0        208178.1725                  0                  0        212.6401694
          1       1681                  0                  0                  0                  0        208302.0881                  0                  0        212.6401694
          1       1682                  0                  0                  0                  0        208426.0037                  0                  0        212.6401694
          1       1683                  0                  0                  0                  0        208549.9193                  0                  0        212.6401694
          1       1684                  0                  0                  0                  0        208673.8349                  0                  0        212.6401694
          1       1685                  0                  0                  0                  0        208797.7504                  0                  0        212.6401694
          1       1686                  0                  0                  0                  0         208921.666                  0                  0        212.6401694
          1       1687                  0                  0                  0                  0        209045.5816                  0                  0        212.6401694
          1       1688                  0                  0                  0                  0        209169.4972                  0                  0        212.6401694
          1       1689                  0                  0                  0                  0        209293.4128                  0                  0        212.6401694
          1       1690                  0                  0                  0                  0        209417.3283                  0                  0        212.6401694
          1       1691                  0                  0                  0                  0        209541.2439                  0                  0        212.6401694
          1       1692                  0                  0                  0                  0        209665.1595                  0                  0        212.6401694
          1       1693                  0                  0                  0                  0        209789.0751                  0                  0        212.6401694
          1       1694                  0                  0                  0                  0        209912.9907                  0                  0        212.6401694
          1       1695                  0                  0                  0                  0        210036.9062                  0                  0        212.6401694
          1       1696                  0                  0                  0                  0        210160.8218                  0                  0        212.6401694
          1       1697                  0                  0                  0                  0        210284.7374                  0                  0        212.6401694
          1       1698                  0                  0                  0                  0         210408.653                  0                  0        212.6401694
          1       1699                  0                  0                  0                  0        210532.5685                  0                  0        212.6401694
          1       1700                  0                  0                  0                  0        210656.4841                  0                  0        212.6401694
          1       1701                  0                  0                  0                  0        210780.3997                  0                  0        212.6401694
          1       1702                  0                  0                  0                  0        210904.3153                  0                  0        212.6401694
          1       1703                  0                  0                  0                  0        211028.2309                  0                  0        212.6401694
          1       1704                  0                  0                  0                  0        211152.1464                  0                  0        212.6401694
          1       1705                  0                  0                  0                  0         211276.062                  0                  0        212.6401694
          1       1706                  0                  0                  0                  0        211399.9776                  0                  0        212.6401694
          1       1707                  0                  0                  0                  0        211523.8932                  0                  0        212.6401694
          1       1708                  0                  0                  0                  0        211647.8088                  0                  0        212.6401694
          1       1709                  0                  0                  0                  0        211771.7243                  0                  0        212.6401694
          1       1710                  0                  0                  0                  0        211895.6399                  0                  0        212.6401694
          1       1711                  0                  0                  0                  0        212019.5555                  0                  0        212.6401694
          1       1712                  0                  0                  0                  0        212143.4711                  0                  0        212.6401694
          1       1713                  0                  0                  0                  0        212267.3867                  0                  0        212.6401694
          1       1714                  0                  0                  0                  0        212391.3022                  0                  0        212.6401694
          1       1715                  0                  0                  0                  0        212515.2178                  0                  0        212.6401694
          1       1716                  0                  0                  0                  0        212639.1334                  0                  0        212.6401694
          1       1717                  0                  0                  0                  0         212763.049                  0                  0        212.6401694
          1       1718                  0                  0                  0                  0        212886.9645                  0                  0        212.6401694
          1       1719                  0                  0                  0                  0        213010.8801                  0                  0        212.6401694
          1       1720                  0                  0                  0                  0        213134.7957                  0                  0        212.6401694
          1       1721                  0                  0                  0                  0        213258.7113                  0                  0        212.6401694
          1       1722                  0                  0                  0                  0        213382.6269                  0                  0        212.6401694
          1       1723                  0                  0                  0                  0        213506.5424                  0                  0        212.6401694
          1       1724                  0                  0                  0                  0         213630.458                  0                  0        212.6401694
          1       1725                  0                  0                  0                  0        213754.3736                  0                  0        212.6401694
          1       1726                  0                  0                  0                  0        213878.2892                  0                  0        212.6401694
          1       1727                  0                  0                  0                  0        214002.2048                  0                  0        212.6401694
          1       1728                  0                  0                  0                  0        214126.1203                  0                  0        212.6401694
          1       1729                  0                  0                  0                  0        214250.0359                  0                  0        212.6401694
          1       1730                  0                  0                  0                  0        214373.9515                  0                  0        212.6401694
          1       1731                  0                  0                  0                  0        214497.8671                  0                  0        212.6401694
          1       1732                  0                  0                  0                  0        214621.7827                  0                  0        212.6401694
          1       1733                  0                  0                  0                  0        214745.6982                  0                  0        212.6401694
          1       1734                  0                  0                  0                  0        214869.6138                  0                  0        212.6401694
          1       1735                  0                  0                  0                  0        214993.5294                  0                  0        212.6401694
          1       1736                  0                  0                  0                  0         215117.445                  0                  0        212.6401694
          1       1737                  0                  0                  0                  0        215241.3605                  0                  0        212.6401694
          1       1738                  0                  0                  0                  0        215365.2761                  0                  0        212.6401694
          1       1739                  0                  0                  0                  0        215489.1917                  0                  0        212.6401694
          1       1740                  0                  0                  0                  0        215613.1073                  0                  0        212.6401694
          1       1741                  0                  0                  0                  0        215737.0229                  0                  0        212.6401694
          1       1742                  0                  0                  0                  0        215860.9384                  0                  0        212.6401694
          1       1743                  0                  0                  0                  0         215984.854                  0                  0        212.6401694
          1       1744                  0                  0                  0                  0        216108.7696                  0                  0        212.6401694
          1       1745                  0                  0                  0                  0        216232.6852                  0                  0        212.6401694
          1       1746                  0                  0                  0                  0        216356.6008                  0                  0        212.6401694
          1       1747                  0                  0                  0                  0        216480.5163                  0                  0        212.6401694
          1       1748                  0                  0                  0                  0        216604.4319                  0                  0        212.6401694
          1       1749                  0                  0                  0                  0        216728.3475                  0                  0        212.6401694
          1       1750                  0                  0                  0                  0        216852.2631                  0                  0        212.6401694
          1       1751                  0                  0                  0                  0        216976.1787                  0                  0        212.6401694
          1       1752                  0                  0                  0                  0        217100.0942                  0                  0        212.6401694
          1       1753                  0                  0                  0                  0        217224.0098                  0                  0        212.6401694
          1       1754                  0                  0                  0                  0        217347.9254                  0                  0        212.6401694
          1       1755                  0                  0                  0                  0         217471.841                  0                  0        212.6401694
          1       1756                  0                  0                  0                  0        217595.7565                  0                  0        212.6401694
          1       1757                  0                  0                  0                  0        217719.6721                  0                  0        212.6401694
          1       1758                  0                  0                  0                  0        217843.5877                  0                  0        212.6401694
          1       1759                  0                  0                  0                  0        217967.5033                  0                  0        212.6401694
          1       1760                  0                  0                  0                  0        218091.4189                  0                  0        212.6401694
          1       1761                  0                  0                  0                  0        218215.3344                  0                  0        212.6401694
          1       1762                  0                  0                  0                  0          218339.25                  0                  0        212.6401694
          1       1763                  0                  0                  0                  0        218463.1656                  0                  0        212.6401694
          1       1764                  0                  0                  0                  0        218587.0812                  0                  0        212.6401694
          1       1765                  0                  0                  0                  0        218710.9968                  0                  0        212.6401694
          1       1766                  0                  0                  0                  0        218834.9123                  0                  0        212.6401694
          1       1767                  0                  0                  0                  0        218958.8279                  0                  0        212.6401694
          1       1768                  0                  0                  0                  0        219082.7435                  0                  0        212.6401694
          1       1769                  0                  0                  0                  0        219206.6591                  0                  0        212.6401694
          1       1770                  0                  0                  0                  0        219330.5746                  0                  0        212.6401694
          1       1771                  0                  0                  0                  0        219454.4902                  0                  0        212.6401694
          1       1772                  0                  0                  0                  0        219578.4058                  0                  0        212.6401694
          1       1773                  0                  0                  0                  0        219702.3214                  0                  0        212.6401694
          1       1774                  0                  0                  0                  0         219826.237                  0                  0        212.6401694
          1       1775                  0                  0                  0                  0        219950.1525                  0                  0        212.6401694
          1       1776                  0                  0                  0                  0        220074.0681                  0                  0        212.6401694
          1       1777                  0                  0                  0                  0        220197.9837                  0                  0        212.6401694
          1       1778                  0                  0                  0                  0        220321.8993                  0                  0        212.6401694
          1       1779                  0                  0                  0                  0        220445.8149                  0                  0        212.6401694
          1       1780                  0                  0                  0                  0        220569.7304                  0                  0        212.6401694
          1       1781                  0                  0                  0                  0         220693.646                  0                  0        212.6401694
          1       1782                  0                  0                  0                  0        220817.5616                  0                  0        212.6401694
          1       1783                  0                  0                  0                  0        220941.4772                  0                  0        212.6401694
          1       1784                  0                  0                  0                  0        221065.3928                  0                  0        212.6401694
          1       1785                  0                  0                  0                  0        221189.3083                  0                  0        212.6401694
          1       1786                  0                  0                  0                  0        221313.2239                  0                  0        212.6401694
          1       1787                  0                  0                  0                  0        221437.1395                  0                  0        212.6401694
          1       1788                  0                  0                  0                  0        221561.0551                  0                  0        212.6401694
          1       1789                  0                  0                  0                  0        221684.9706                  0                  0        212.6401694
          1       1790                  0                  0                  0                  0        221808.8862                  0                  0        212.6401694
          1       1791                  0                  0                  0                  0        221932.8018                  0                  0        212.6401694
          1       1792                  0                  0                  0                  0        222056.7174                  0                  0        212.6401694
          1       1793                  0                  0                  0                  0         222180.633                  0                  0        212.6401694
          1       1794                  0                  0                  0                  0        222304.5485                  0                  0        212.6401694
          1       1795                  0                  0                  0                  0        222428.4641                  0                  0        212.6401694
          1       1796                  0                  0                  0                  0        222552.3797                  0                  0        212.6401694
          1       1797                  0                  0                  0                  0        222676.2953                  0                  0        212.6401694
          1       1798                  0                  0                  0                  0        222800.2109                  0                  0        212.6401694
          1       1799                  0                  0                  0                  0        222924.1264                  0                  0        212.6401694
          1       1800                  0                  0                  0                  0         223048.042                  0                  0        212.6401694
          1       1801                  0                  0                  0                  0        223171.9576                  0                  0        212.6401694
          1       1802                  0                  0                  0                  0        223295.8732                  0                  0        212.6401694
          1       1803                  0                  0                  0                  0        223419.7888                  0                  0        212.6401694
          1       1804                  0                  0                  0                  0        223543.7043                  0                  0        212.6401694
          1       1805                  0                  0                  0                  0        223667.6199                  0                  0        212.6401694
          1       1806                  0                  0                  0                  0        223791.5355                  0                  0        212.6401694
          1       1807                  0                  0                  0                  0        223915.4511                  0                  0        212.6401694
          1       1808                  0                  0                  0                  0        224039.3666                  0                  0        212.6401694
          1       1809                  0                  0                  0                  0        224163.2822                  0                  0        212.6401694
          1       1810                  0                  0                  0                  0        224287.1978                  0                  0        212.6401694
          1       1811                  0                  0                  0                  0        224411.1134                  0                  0        212.6401694
          1       1812                  0                  0                  0                  0         224535.029                  0                  0        212.6401694
          1       1813                  0                  0                  0                  0        224658.9445                  0                  0        212.6401694
          1       1814                  0                  0                  0                  0        224782.8601                  0                  0        212.6401694
          1       1815                  0                  0                  0                  0        224906.7757                  0                  0        212.6401694
          1       1816                  0                  0                  0                  0        225030.6913                  0                  0        212.6401694
          1       1817                  0                  0                  0                  0        225154.6069                  0                  0        212.6401694
          1       1818                  0                  0                  0                  0        225278.5224                  0                  0        212.6401694
          1       1819                  0                  0                  0                  0         225402.438                  0                  0        212.6401694
          1       1820                  0                  0                  0                  0        225526.3536                  0                  0        212.6401694
          1       1821                  0                  0                  0                  0        225650.2692                  0                  0        212.6401694
          1       1822                  0                  0                  0                  0        225774.1848                  0                  0        212.6401694
          1       1823                  0                  0                  0                  0        225898.1003                  0                  0        212.6401694
          1       1824                  0                  0                  0                  0        226022.0159                  0                  0        212.6401694
          1       1825                  0                  0                  0                  0        226145.9315                  0                  0        212.6401694
          1       1826                  0                  0                  0                  0        226269.8471                  0                  0        212.6401694
          1       1827                  0                  0                  0                  0        226393.7626                  0                  0        212.6401694
          1       1828                  0                  0                  0                  0        226517.6782                  0                  0        212.6401694
          1       1829                  0                  0                  0                  0        226641.5938                  0                  0        212.6401694
          1       1830                  0                  0                  0                  0        226765.5094                  0                  0        212.6401694
          1       1831                  0                  0                  0                  0         226889.425                  0                  0        212.6401694
          1       1832                  0                  0                  0                  0        227013.3405                  0                  0        212.6401694
          1       1833                  0                  0                  0                  0        227137.2561                  0                  0        212.6401694
          1       1834                  0                  0                  0                  0        227261.1717                  0                  0        212.6401694
          1       1835                  0                  0                  0                  0        227385.0873                  0                  0        212.6401694
          1       1836                  0                  0                  0                  0        227509.0029                  0                  0        212.6401694
          1       1837                  0                  0                  0                  0        227632.9184                  0                  0        212.6401694
          1       1838                  0                  0                  0                  0         227756.834                  0                  0        212.6401694
          1       1839                  0                  0                  0                  0        227880.7496                  0                  0        212.6401694
          1       1840                  0                  0                  0                  0        228004.6652                  0                  0        212.6401694
          1       1841                  0                  0                  0                  0        228128.5808                  0                  0        212.6401694
          1       1842                  0                  0                  0                  0        228252.4963                  0                  0        212.6401694
          1       1843                  0                  0                  0                  0        228376.4119                  0                  0        212.6401694
          1       1844                  0                  0                  0                  0        228500.3275                  0                  0        212.6401694
          1       1845                  0                  0                  0                  0        228624.2431                  0                  0        212.6401694
          1       1846                  0                  0                  0                  0        228748.1586                  0                  0        212.6401694
          1       1847                  0                  0                  0                  0        228872.0742                  0                  0        212.6401694
          1       1848                  0                  0                  0                  0        228995.9898                  0                  0        212.6401694
          1       1849                  0                  0                  0                  0        229119.9054                  0                  0        212.6401694
          1       1850                  0                  0                  0                  0         229243.821                  0                  0        212.6401694
          1       1851                  0                  0                  0                  0        229367.7365                  0                  0        212.6401694
          1       1852                  0                  0                  0                  0        229491.6521                  0                  0        212.6401694
          1       1853                  0                  0                  0                  0        229615.5677                  0                  0        212.6401694
          1       1854                  0                  0                  0                  0        229739.4833                  0                  0        212.6401694
          1       1855                  0                  0                  0                  0        229863.3989                  0                  0        212.6401694
          1       1856                  0                  0                  0                  0        229987.3144                  0                  0        212.6401694
          1       1857                  0                  0                  0                  0          230111.23                  0                  0        212.6401694
          1       1858                  0                  0                  0                  0        230235.1456                  0                  0        212.6401694
          1       1859                  0                  0                  0                  0        230359.0612                  0                  0        212.6401694
          1       1860                  0                  0                  0                  0        230482.9768                  0                  0        212.6401694
          1       1861                  0                  0                  0                  0        230606.8923                  0                  0        212.6401694
          1       1862                  0                  0                  0                  0        230730.8079                  0                  0        212.6401694
          1       1863                  0                  0                  0                  0        230854.7235                  0                  0        212.6401694
          1       1864                  0                  0                  0                  0        230978.6391                  0                  0        212.6401694
          1       1865                  0                  0                  0                  0        231102.5546                  0                  0        212.6401694
          1       1866                  0                  0                  0                  0        231226.4702                  0                  0        212.6401694
          1       1867                  0                  0                  0                  0        231350.3858                  0                  0        212.6401694
          1       1868                  0                  0                  0                  0        231474.3014                  0                  0        212.6401694
          1       1869                  0                  0                  0                  0         231598.217                  0                  0        212.6401694
          1       1870                  0                  0                  0                  0        231722.1325                  0                  0        212.6401694
          1       1871                  0                  0                  0                  0        231846.0481                  0                  0        212.6401694
          1       1872                  0                  0                  0                  0        231969.9637                  0                  0        212.6401694
          1       1873                  0                  0                  0                  0        232093.8793                  0                  0        212.6401694
          1       1874                  0                  0                  0                  0        232217.7949                  0                  0        212.6401694
          1       1875                  0                  0                  0                  0        232341.7104                  0                  0        212.6401694
          1       1876                  0                  0                  0                  0         232465.626                  0                  0        212.6401694
          1       1877                  0                  0                  0                  0        232589.5416                  0                  0        212.6401694
          1       1878                  0                  0                  0                  0        232713.4572                  0                  0        212.6401694
          1       1879                  0                  0                  0                  0        232837.3727                  0                  0        212.6401694
          1       1880                  0                  0                  0                  0        232961.2883                  0                  0        212.6401694
          1       1881                  0                  0                  0                  0        233085.2039                  0                  0        212.6401694
          1       1882                  0                  0                  0                  0        233209.1195                  0                  0        212.6401694
          1       1883                  0                  0                  0                  0        233333.0351                  0                  0        212.6401694
          1       1884                  0                  0                  0                  0        233456.9506                  0                  0        212.6401694
          1       1885                  0                  0                  0                  0        233580.8662                  0                  0        212.6401694
          1       1886                  0                  0                  0                  0        233704.7818                  0                  0        212.6401694
          1       1887                  0                  0                  0                  0        233828.6974                  0                  0        212.6401694
          1       1888                  0                  0                  0                  0         233952.613                  0                  0        212.6401694
          1       1889                  0                  0                  0                  0        234076.5285                  0                  0        212.6401694
          1       1890                  0                  0                  0                  0        234200.4441                  0                  0        212.6401694
          1       1891                  0                  0                  0                  0        234324.3597                  0                  0        212.6401694
          1       1892                  0                  0                  0                  0        234448.2753                  0                  0        212.6401694
          1       1893                  0                  0                  0                  0        234572.1909                  0                  0        212.6401694
          1       1894                  0                  0                  0                  0        234696.1064                  0                  0        212.6401694
          1       1895                  0                  0                  0                  0         234820.022                  0                  0        212.6401694
          1       1896                  0                  0                  0                  0        234943.9376                  0                  0        212.6401694
          1       1897                  0                  0                  0                  0        235067.8532                  0                  0        212.6401694
          1       1898                  0                  0                  0                  0        235191.7687                  0                  0        212.6401694
          1       1899                  0                  0                  0                  0        235315.6843                  0                  0        212.6401694
          1       1900                  0                  0                  0                  0        235439.5999                  0                  0        212.6401694
          1       1901                  0                  0                  0                  0        235563.5155                  0                  0        212.6401694
          1       1902                  0                  0                  0                  0        235687.4311                  0                  0        212.6401694
          1       1903                  0                  0                  0                  0        235811.3466                  0                  0        212.6401694
          1       1904                  0                  0                  0                  0        235935.2622                  0                  0        212.6401694
          1       1905                  0                  0                  0                  0        236059.1778                  0                  0        212.6401694
          1       1906                  0                  0                  0                  0        236183.0934                  0                  0        212.6401694
          1       1907                  0                  0                  0                  0         236307.009                  0                  0        212.6401694
          1       1908                  0                  0                  0                  0        236430.9245                  0                  0        212.6401694
          1       1909                  0                  0                  0                  0        236554.8401                  0                  0        212.6401694
          1       1910                  0                  0                  0                  0        236678.7557                  0                  0        212.6401694
          1       1911                  0                  0                  0                  0        236802.6713                  0                  0        212.6401694
          1       1912                  0                  0                  0                  0        236926.5869                  0                  0        212.6401694
          1       1913                  0                  0                  0                  0        237050.5024                  0                  0        212.6401694
          1       1914                  0                  0                  0                  0         237174.418                  0                  0        212.6401694
          1       1915                  0                  0                  0                  0        237298.3336                  0                  0        212.6401694
          1       1916                  0                  0                  0                  0        237422.2492                  0                  0        212.6401694
          1       1917                  0                  0                  0                  0        237546.1647                  0                  0        212.6401694
          1       1918                  0                  0                  0                  0        237670.0803                  0                  0        212.6401694
          1       1919                  0                  0                  0                  0        237793.9959                  0                  0        212.6401694
          1       1920                  0                  0                  0                  0        237917.9115                  0                  0        212.6401694
          1       1921                  0                  0                  0                  0        238041.8271                  0                  0        212.6401694
          1       1922                  0                  0                  0                  0        238165.7426                  0                  0        212.6401694
          1       1923                  0                  0                  0                  0        238289.6582                  0                  0        212.6401694
          1       1924                  0                  0                  0                  0        238413.5738                  0                  0        212.6401694
          1       1925                  0                  0                  0                  0        238537.4894                  0                  0        212.6401694
          1       1926                  0                  0                  0                  0         238661.405                  0                  0        212.6401694
          1       1927                  0                  0                  0                  0        238785.3205                  0                  0        212.6401694
          1       1928                  0                  0                  0                  0        238909.2361                  0                  0        212.6401694
          1       1929                  0                  0                  0                  0        239033.1517                  0                  0        212.6401694
          1       1930                  0                  0                  0                  0        239157.0673                  0                  0        212.6401694
          1       1931                  0                  0                  0                  0        239280.9829                  0                  0        212.6401694
          1       1932                  0                  0                  0                  0        239404.8984                  0                  0        212.6401694
          1       1933                  0                  0                  0                  0         239528.814                  0                  0        212.6401694
          1       1934                  0                  0                  0                  0        239652.7296                  0                  0        212.6401694
          1       1935                  0                  0                  0                  0        239776.6452                  0                  0        212.6401694
          1       1936                  0                  0                  0                  0        239900.5607                  0                  0        212.6401694
          1       1937                  0                  0                  0                  0        240024.4763                  0                  0        212.6401694
          1       1938                  0                  0                  0                  0        240148.3919                  0                  0        212.6401694
          1       1939                  0                  0                  0                  0        240272.3075                  0                  0        212.6401694
          1       1940                  0                  0                  0                  0        240396.2231                  0                  0        212.6401694
          1       1941                  0                  0                  0                  0        240520.1386                  0                  0        212.6401694
          1       1942                  0                  0                  0                  0        240644.0542                  0                  0        212.6401694
          1       1943                  0                  0                  0                  0        240767.9698                  0                  0        212.6401694
          1       1944                  0                  0                  0                  0        240891.8854                  0                  0        212.6401694
          1       1945                  0                  0                  0                  0         241015.801                  0                  0        212.6401694
          1       1946                  0                  0                  0                  0        241139.7165                  0                  0        212.6401694
          1       1947                  0                  0                  0                  0        241263.6321                  0                  0        212.6401694
          1       1948                  0                  0                  0                  0        241387.5477                  0                  0        212.6401694
          1       1949                  0                  0                  0                  0        241511.4633                  0                  0        212.6401694
          1       1950                  0                  0                  0                  0        241635.3789                  0                  0        212.6401694
          1       1951                  0                  0                  0                  0        241759.2944                  0                  0        212.6401694
          1       1952                  0                  0                  0                  0          241883.21                  0                  0        212.6401694
          1       1953                  0                  0                  0                  0        242007.1256                  0                  0        212.6401694
          1       1954                  0                  0                  0                  0        242131.0412                  0                  0        212.6401694
          1       1955                  0                  0                  0                  0        242254.9567                  0                  0        212.6401694
          1       1956                  0                  0                  0                  0        242378.8723                  0                  0        212.6401694
          1       1957                  0                  0                  0                  0        242502.7879                  0                  0        212.6401694
          1       1958                  0                  0                  0                  0        242626.7035                  0                  0        212.6401694
          1       1959                  0                  0                  0                  0        242750.6191                  0                  0        212.6401694
          1       1960                  0                  0                  0                  0        242874.5346                  0                  0        212.6401694
          1       1961                  0                  0                  0                  0        242998.4502                  0                  0        212.6401694
          1       1962                  0                  0                  0                  0        243122.3658                  0                  0        212.6401694
          1       1963                  0                  0                  0                  0        243246.2814                  0                  0        212.6401694
          1       1964                  0                  0                  0                  0         243370.197                  0                  0        212.6401694
          1       1965                  0                  0                  0                  0        243494.1125                  0                  0        212.6401694
          1       1966                  0                  0                  0                  0        243618.0281                  0                  0        212.6401694
          1       1967                  0                  0                  0                  0        243741.9437                  0                  0        212.6401694
          1       1968                  0                  0                  0                  0        243865.8593                  0                  0        212.6401694
          1       1969                  0                  0                  0                  0        243989.7749                  0                  0        212.6401694
          1       1970                  0                  0                  0                  0        244113.6904                  0                  0        212.6401694
          1       1971                  0                  0                  0                  0         244237.606                  0                  0        212.6401694
          1       1972                  0                  0                  0                  0        244361.5216                  0                  0        212.6401694
          1       1973                  0                  0                  0                  0        244485.4372                  0                  0        212.6401694
          1       1974                  0                  0                  0                  0        244609.3527                  0                  0        212.6401694
          1       1975                  0                  0                  0                  0        244733.2683                  0                  0        212.6401694
          1       1976                  0                  0                  0                  0        244857.1839                  0                  0        212.6401694
          1       1977                  0                  0                  0                  0        244981.0995                  0                  0        212.6401694
          1       1978                  0                  0                  0                  0        245105.0151                  0                  0        212.6401694
          1       1979                  0                  0                  0                  0        245228.9306                  0                  0        212.6401694
          1       1980                  0                  0                  0                  0        245352.8462                  0                  0        212.6401694
          1       1981                  0                  0                  0                  0        245476.7618                  0                  0        212.6401694
          1       1982                  0                  0                  0                  0        245600.6774                  0                  0        212.6401694
          1       1983                  0                  0                  0                  0         245724.593                  0                  0        212.6401694
          1       1984                  0                  0                  0                  0        245848.5085                  0                  0        212.6401694
          1       1985                  0                  0                  0                  0        245972.4241                  0                  0        212.6401694
          1       1986                  0                  0                  0                  0        246096.3397                  0                  0        212.6401694
          1       1987                  0                  0                  0                  0        246220.2553                  0                  0        212.6401694
          1       1988                  0                  0                  0                  0        246344.1708                  0                  0        212.6401694
          1       1989                  0                  0                  0                  0        246468.0864                  0                  0        212.6401694
          1       1990                  0                  0                  0                  0         246592.002                  0                  0        212.6401694
          1       1991                  0                  0                  0                  0        246715.9176                  0                  0        212.6401694
          1       1992                  0                  0                  0                  0        246839.8332                  0                  0        212.6401694
          1       1993                  0                  0                  0                  0        246963.7487                  0                  0        212.6401694
          1       1994                  0                  0                  0                  0        247087.6643                  0                  0        212.6401694
          1       1995                  0                  0                  0                  0        247211.5799                  0                  0        212.6401694
          1       1996                  0                  0                  0                  0        247335.4955                  0                  0        212.6401694
          1       1997                  0                  0                  0                  0        247459.4111                  0                  0        212.6401694
          1       1998                  0                  0                  0                  0        247583.3266                  0                  0        212.6401694
          1       1999                  0                  0                  0                  0        247707.2422                  0                  0        212.6401694
          1       2000                  0                  0                  0                  0        247831.1578                  0                  0        212.6401694
