@ NAME             %19s "TRACK.OBS0002.P0001"
@ TYPE             %08s "TRACKOBS"
@ TITLE            %15s "ESR ring optics"
@ ORIGIN           %18s "5.09.03 Windows 64"
@ DATE             %08s "10/01/25"
@ TIME             %08s "18.55.22"
*     NUMBER       TURN                  X                 PX                  Y                 PY                  T                 PT                  S                  E 
$         %d         %d                %le                %le                %le                %le                %le                %le                %le                %le 
          1          1                  0                  0                  0                  0        39.75769783                  0         34.7526808        212.6401694
          1          2                  0                  0                  0                  0        163.6732767                  0         34.7526808        212.6401694
          1          3                  0                  0                  0                  0        287.5888556                  0         34.7526808        212.6401694
          1          4                  0                  0                  0                  0        411.5044345                  0         34.7526808        212.6401694
          1          5                  0                  0                  0                  0        535.4200134                  0         34.7526808        212.6401694
          1          6                  0                  0                  0                  0        659.3355923                  0         34.7526808        212.6401694
          1          7                  0                  0                  0                  0        783.2511712                  0         34.7526808        212.6401694
          1          8                  0                  0                  0                  0        907.1667501                  0         34.7526808        212.6401694
          1          9                  0                  0                  0                  0        1031.082329                  0         34.7526808        212.6401694
          1         10                  0                  0                  0                  0        1154.997908                  0         34.7526808        212.6401694
          1         11                  0                  0                  0                  0        1278.913487                  0         34.7526808        212.6401694
          1         12                  0                  0                  0                  0        1402.829066                  0         34.7526808        212.6401694
          1         13                  0                  0                  0                  0        1526.744645                  0         34.7526808        212.6401694
          1         14                  0                  0                  0                  0        1650.660224                  0         34.7526808        212.6401694
          1         15                  0                  0                  0                  0        1774.575802                  0         34.7526808        212.6401694
          1         16                  0                  0                  0                  0        1898.491381                  0         34.7526808        212.6401694
          1         17                  0                  0                  0                  0         2022.40696                  0         34.7526808        212.6401694
          1         18                  0                  0                  0                  0        2146.322539                  0         34.7526808        212.6401694
          1         19                  0                  0                  0                  0        2270.238118                  0         34.7526808        212.6401694
          1         20                  0                  0                  0                  0        2394.153697                  0         34.7526808        212.6401694
          1         21                  0                  0                  0                  0        2518.069276                  0         34.7526808        212.6401694
          1         22                  0                  0                  0                  0        2641.984855                  0         34.7526808        212.6401694
          1         23                  0                  0                  0                  0        2765.900434                  0         34.7526808        212.6401694
          1         24                  0                  0                  0                  0        2889.816012                  0         34.7526808        212.6401694
          1         25                  0                  0                  0                  0        3013.731591                  0         34.7526808        212.6401694
          1         26                  0                  0                  0                  0         3137.64717                  0         34.7526808        212.6401694
          1         27                  0                  0                  0                  0        3261.562749                  0         34.7526808        212.6401694
          1         28                  0                  0                  0                  0        3385.478328                  0         34.7526808        212.6401694
          1         29                  0                  0                  0                  0        3509.393907                  0         34.7526808        212.6401694
          1         30                  0                  0                  0                  0        3633.309486                  0         34.7526808        212.6401694
          1         31                  0                  0                  0                  0        3757.225065                  0         34.7526808        212.6401694
          1         32                  0                  0                  0                  0        3881.140644                  0         34.7526808        212.6401694
          1         33                  0                  0                  0                  0        4005.056223                  0         34.7526808        212.6401694
          1         34                  0                  0                  0                  0        4128.971801                  0         34.7526808        212.6401694
          1         35                  0                  0                  0                  0         4252.88738                  0         34.7526808        212.6401694
          1         36                  0                  0                  0                  0        4376.802959                  0         34.7526808        212.6401694
          1         37                  0                  0                  0                  0        4500.718538                  0         34.7526808        212.6401694
          1         38                  0                  0                  0                  0        4624.634117                  0         34.7526808        212.6401694
          1         39                  0                  0                  0                  0        4748.549696                  0         34.7526808        212.6401694
          1         40                  0                  0                  0                  0        4872.465275                  0         34.7526808        212.6401694
          1         41                  0                  0                  0                  0        4996.380854                  0         34.7526808        212.6401694
          1         42                  0                  0                  0                  0        5120.296433                  0         34.7526808        212.6401694
          1         43                  0                  0                  0                  0        5244.212012                  0         34.7526808        212.6401694
          1         44                  0                  0                  0                  0         5368.12759                  0         34.7526808        212.6401694
          1         45                  0                  0                  0                  0        5492.043169                  0         34.7526808        212.6401694
          1         46                  0                  0                  0                  0        5615.958748                  0         34.7526808        212.6401694
          1         47                  0                  0                  0                  0        5739.874327                  0         34.7526808        212.6401694
          1         48                  0                  0                  0                  0        5863.789906                  0         34.7526808        212.6401694
          1         49                  0                  0                  0                  0        5987.705485                  0         34.7526808        212.6401694
          1         50                  0                  0                  0                  0        6111.621064                  0         34.7526808        212.6401694
          1         51                  0                  0                  0                  0        6235.536643                  0         34.7526808        212.6401694
          1         52                  0                  0                  0                  0        6359.452222                  0         34.7526808        212.6401694
          1         53                  0                  0                  0                  0        6483.367801                  0         34.7526808        212.6401694
          1         54                  0                  0                  0                  0        6607.283379                  0         34.7526808        212.6401694
          1         55                  0                  0                  0                  0        6731.198958                  0         34.7526808        212.6401694
          1         56                  0                  0                  0                  0        6855.114537                  0         34.7526808        212.6401694
          1         57                  0                  0                  0                  0        6979.030116                  0         34.7526808        212.6401694
          1         58                  0                  0                  0                  0        7102.945695                  0         34.7526808        212.6401694
          1         59                  0                  0                  0                  0        7226.861274                  0         34.7526808        212.6401694
          1         60                  0                  0                  0                  0        7350.776853                  0         34.7526808        212.6401694
          1         61                  0                  0                  0                  0        7474.692432                  0         34.7526808        212.6401694
          1         62                  0                  0                  0                  0        7598.608011                  0         34.7526808        212.6401694
          1         63                  0                  0                  0                  0         7722.52359                  0         34.7526808        212.6401694
          1         64                  0                  0                  0                  0        7846.439168                  0         34.7526808        212.6401694
          1         65                  0                  0                  0                  0        7970.354747                  0         34.7526808        212.6401694
          1         66                  0                  0                  0                  0        8094.270326                  0         34.7526808        212.6401694
          1         67                  0                  0                  0                  0        8218.185905                  0         34.7526808        212.6401694
          1         68                  0                  0                  0                  0        8342.101484                  0         34.7526808        212.6401694
          1         69                  0                  0                  0                  0        8466.017063                  0         34.7526808        212.6401694
          1         70                  0                  0                  0                  0        8589.932642                  0         34.7526808        212.6401694
          1         71                  0                  0                  0                  0        8713.848221                  0         34.7526808        212.6401694
          1         72                  0                  0                  0                  0          8837.7638                  0         34.7526808        212.6401694
          1         73                  0                  0                  0                  0        8961.679379                  0         34.7526808        212.6401694
          1         74                  0                  0                  0                  0        9085.594957                  0         34.7526808        212.6401694
          1         75                  0                  0                  0                  0        9209.510536                  0         34.7526808        212.6401694
          1         76                  0                  0                  0                  0        9333.426115                  0         34.7526808        212.6401694
          1         77                  0                  0                  0                  0        9457.341694                  0         34.7526808        212.6401694
          1         78                  0                  0                  0                  0        9581.257273                  0         34.7526808        212.6401694
          1         79                  0                  0                  0                  0        9705.172852                  0         34.7526808        212.6401694
          1         80                  0                  0                  0                  0        9829.088431                  0         34.7526808        212.6401694
          1         81                  0                  0                  0                  0         9953.00401                  0         34.7526808        212.6401694
          1         82                  0                  0                  0                  0        10076.91959                  0         34.7526808        212.6401694
          1         83                  0                  0                  0                  0        10200.83517                  0         34.7526808        212.6401694
          1         84                  0                  0                  0                  0        10324.75075                  0         34.7526808        212.6401694
          1         85                  0                  0                  0                  0        10448.66633                  0         34.7526808        212.6401694
          1         86                  0                  0                  0                  0         10572.5819                  0         34.7526808        212.6401694
          1         87                  0                  0                  0                  0        10696.49748                  0         34.7526808        212.6401694
          1         88                  0                  0                  0                  0        10820.41306                  0         34.7526808        212.6401694
          1         89                  0                  0                  0                  0        10944.32864                  0         34.7526808        212.6401694
          1         90                  0                  0                  0                  0        11068.24422                  0         34.7526808        212.6401694
          1         91                  0                  0                  0                  0         11192.1598                  0         34.7526808        212.6401694
          1         92                  0                  0                  0                  0        11316.07538                  0         34.7526808        212.6401694
          1         93                  0                  0                  0                  0        11439.99096                  0         34.7526808        212.6401694
          1         94                  0                  0                  0                  0        11563.90654                  0         34.7526808        212.6401694
          1         95                  0                  0                  0                  0        11687.82211                  0         34.7526808        212.6401694
          1         96                  0                  0                  0                  0        11811.73769                  0         34.7526808        212.6401694
          1         97                  0                  0                  0                  0        11935.65327                  0         34.7526808        212.6401694
          1         98                  0                  0                  0                  0        12059.56885                  0         34.7526808        212.6401694
          1         99                  0                  0                  0                  0        12183.48443                  0         34.7526808        212.6401694
          1        100                  0                  0                  0                  0        12307.40001                  0         34.7526808        212.6401694
          1        101                  0                  0                  0                  0        12431.31559                  0         34.7526808        212.6401694
          1        102                  0                  0                  0                  0        12555.23117                  0         34.7526808        212.6401694
          1        103                  0                  0                  0                  0        12679.14675                  0         34.7526808        212.6401694
          1        104                  0                  0                  0                  0        12803.06232                  0         34.7526808        212.6401694
          1        105                  0                  0                  0                  0         12926.9779                  0         34.7526808        212.6401694
          1        106                  0                  0                  0                  0        13050.89348                  0         34.7526808        212.6401694
          1        107                  0                  0                  0                  0        13174.80906                  0         34.7526808        212.6401694
          1        108                  0                  0                  0                  0        13298.72464                  0         34.7526808        212.6401694
          1        109                  0                  0                  0                  0        13422.64022                  0         34.7526808        212.6401694
          1        110                  0                  0                  0                  0         13546.5558                  0         34.7526808        212.6401694
          1        111                  0                  0                  0                  0        13670.47138                  0         34.7526808        212.6401694
          1        112                  0                  0                  0                  0        13794.38696                  0         34.7526808        212.6401694
          1        113                  0                  0                  0                  0        13918.30253                  0         34.7526808        212.6401694
          1        114                  0                  0                  0                  0        14042.21811                  0         34.7526808        212.6401694
          1        115                  0                  0                  0                  0        14166.13369                  0         34.7526808        212.6401694
          1        116                  0                  0                  0                  0        14290.04927                  0         34.7526808        212.6401694
          1        117                  0                  0                  0                  0        14413.96485                  0         34.7526808        212.6401694
          1        118                  0                  0                  0                  0        14537.88043                  0         34.7526808        212.6401694
          1        119                  0                  0                  0                  0        14661.79601                  0         34.7526808        212.6401694
          1        120                  0                  0                  0                  0        14785.71159                  0         34.7526808        212.6401694
          1        121                  0                  0                  0                  0        14909.62717                  0         34.7526808        212.6401694
          1        122                  0                  0                  0                  0        15033.54274                  0         34.7526808        212.6401694
          1        123                  0                  0                  0                  0        15157.45832                  0         34.7526808        212.6401694
          1        124                  0                  0                  0                  0         15281.3739                  0         34.7526808        212.6401694
          1        125                  0                  0                  0                  0        15405.28948                  0         34.7526808        212.6401694
          1        126                  0                  0                  0                  0        15529.20506                  0         34.7526808        212.6401694
          1        127                  0                  0                  0                  0        15653.12064                  0         34.7526808        212.6401694
          1        128                  0                  0                  0                  0        15777.03622                  0         34.7526808        212.6401694
          1        129                  0                  0                  0                  0         15900.9518                  0         34.7526808        212.6401694
          1        130                  0                  0                  0                  0        16024.86738                  0         34.7526808        212.6401694
          1        131                  0                  0                  0                  0        16148.78295                  0         34.7526808        212.6401694
          1        132                  0                  0                  0                  0        16272.69853                  0         34.7526808        212.6401694
          1        133                  0                  0                  0                  0        16396.61411                  0         34.7526808        212.6401694
          1        134                  0                  0                  0                  0        16520.52969                  0         34.7526808        212.6401694
          1        135                  0                  0                  0                  0        16644.44527                  0         34.7526808        212.6401694
          1        136                  0                  0                  0                  0        16768.36085                  0         34.7526808        212.6401694
          1        137                  0                  0                  0                  0        16892.27643                  0         34.7526808        212.6401694
          1        138                  0                  0                  0                  0        17016.19201                  0         34.7526808        212.6401694
          1        139                  0                  0                  0                  0        17140.10759                  0         34.7526808        212.6401694
          1        140                  0                  0                  0                  0        17264.02316                  0         34.7526808        212.6401694
          1        141                  0                  0                  0                  0        17387.93874                  0         34.7526808        212.6401694
          1        142                  0                  0                  0                  0        17511.85432                  0         34.7526808        212.6401694
          1        143                  0                  0                  0                  0         17635.7699                  0         34.7526808        212.6401694
          1        144                  0                  0                  0                  0        17759.68548                  0         34.7526808        212.6401694
          1        145                  0                  0                  0                  0        17883.60106                  0         34.7526808        212.6401694
          1        146                  0                  0                  0                  0        18007.51664                  0         34.7526808        212.6401694
          1        147                  0                  0                  0                  0        18131.43222                  0         34.7526808        212.6401694
          1        148                  0                  0                  0                  0         18255.3478                  0         34.7526808        212.6401694
          1        149                  0                  0                  0                  0        18379.26337                  0         34.7526808        212.6401694
          1        150                  0                  0                  0                  0        18503.17895                  0         34.7526808        212.6401694
          1        151                  0                  0                  0                  0        18627.09453                  0         34.7526808        212.6401694
          1        152                  0                  0                  0                  0        18751.01011                  0         34.7526808        212.6401694
          1        153                  0                  0                  0                  0        18874.92569                  0         34.7526808        212.6401694
          1        154                  0                  0                  0                  0        18998.84127                  0         34.7526808        212.6401694
          1        155                  0                  0                  0                  0        19122.75685                  0         34.7526808        212.6401694
          1        156                  0                  0                  0                  0        19246.67243                  0         34.7526808        212.6401694
          1        157                  0                  0                  0                  0        19370.58801                  0         34.7526808        212.6401694
          1        158                  0                  0                  0                  0        19494.50358                  0         34.7526808        212.6401694
          1        159                  0                  0                  0                  0        19618.41916                  0         34.7526808        212.6401694
          1        160                  0                  0                  0                  0        19742.33474                  0         34.7526808        212.6401694
          1        161                  0                  0                  0                  0        19866.25032                  0         34.7526808        212.6401694
          1        162                  0                  0                  0                  0         19990.1659                  0         34.7526808        212.6401694
          1        163                  0                  0                  0                  0        20114.08148                  0         34.7526808        212.6401694
          1        164                  0                  0                  0                  0        20237.99706                  0         34.7526808        212.6401694
          1        165                  0                  0                  0                  0        20361.91264                  0         34.7526808        212.6401694
          1        166                  0                  0                  0                  0        20485.82822                  0         34.7526808        212.6401694
          1        167                  0                  0                  0                  0        20609.74379                  0         34.7526808        212.6401694
          1        168                  0                  0                  0                  0        20733.65937                  0         34.7526808        212.6401694
          1        169                  0                  0                  0                  0        20857.57495                  0         34.7526808        212.6401694
          1        170                  0                  0                  0                  0        20981.49053                  0         34.7526808        212.6401694
          1        171                  0                  0                  0                  0        21105.40611                  0         34.7526808        212.6401694
          1        172                  0                  0                  0                  0        21229.32169                  0         34.7526808        212.6401694
          1        173                  0                  0                  0                  0        21353.23727                  0         34.7526808        212.6401694
          1        174                  0                  0                  0                  0        21477.15285                  0         34.7526808        212.6401694
          1        175                  0                  0                  0                  0        21601.06843                  0         34.7526808        212.6401694
          1        176                  0                  0                  0                  0        21724.98401                  0         34.7526808        212.6401694
          1        177                  0                  0                  0                  0        21848.89958                  0         34.7526808        212.6401694
          1        178                  0                  0                  0                  0        21972.81516                  0         34.7526808        212.6401694
          1        179                  0                  0                  0                  0        22096.73074                  0         34.7526808        212.6401694
          1        180                  0                  0                  0                  0        22220.64632                  0         34.7526808        212.6401694
          1        181                  0                  0                  0                  0         22344.5619                  0         34.7526808        212.6401694
          1        182                  0                  0                  0                  0        22468.47748                  0         34.7526808        212.6401694
          1        183                  0                  0                  0                  0        22592.39306                  0         34.7526808        212.6401694
          1        184                  0                  0                  0                  0        22716.30864                  0         34.7526808        212.6401694
          1        185                  0                  0                  0                  0        22840.22422                  0         34.7526808        212.6401694
          1        186                  0                  0                  0                  0        22964.13979                  0         34.7526808        212.6401694
          1        187                  0                  0                  0                  0        23088.05537                  0         34.7526808        212.6401694
          1        188                  0                  0                  0                  0        23211.97095                  0         34.7526808        212.6401694
          1        189                  0                  0                  0                  0        23335.88653                  0         34.7526808        212.6401694
          1        190                  0                  0                  0                  0        23459.80211                  0         34.7526808        212.6401694
          1        191                  0                  0                  0                  0        23583.71769                  0         34.7526808        212.6401694
          1        192                  0                  0                  0                  0        23707.63327                  0         34.7526808        212.6401694
          1        193                  0                  0                  0                  0        23831.54885                  0         34.7526808        212.6401694
          1        194                  0                  0                  0                  0        23955.46443                  0         34.7526808        212.6401694
          1        195                  0                  0                  0                  0           24079.38                  0         34.7526808        212.6401694
          1        196                  0                  0                  0                  0        24203.29558                  0         34.7526808        212.6401694
          1        197                  0                  0                  0                  0        24327.21116                  0         34.7526808        212.6401694
          1        198                  0                  0                  0                  0        24451.12674                  0         34.7526808        212.6401694
          1        199                  0                  0                  0                  0        24575.04232                  0         34.7526808        212.6401694
          1        200                  0                  0                  0                  0         24698.9579                  0         34.7526808        212.6401694
          1        201                  0                  0                  0                  0        24822.87348                  0         34.7526808        212.6401694
          1        202                  0                  0                  0                  0        24946.78906                  0         34.7526808        212.6401694
          1        203                  0                  0                  0                  0        25070.70464                  0         34.7526808        212.6401694
          1        204                  0                  0                  0                  0        25194.62021                  0         34.7526808        212.6401694
          1        205                  0                  0                  0                  0        25318.53579                  0         34.7526808        212.6401694
          1        206                  0                  0                  0                  0        25442.45137                  0         34.7526808        212.6401694
          1        207                  0                  0                  0                  0        25566.36695                  0         34.7526808        212.6401694
          1        208                  0                  0                  0                  0        25690.28253                  0         34.7526808        212.6401694
          1        209                  0                  0                  0                  0        25814.19811                  0         34.7526808        212.6401694
          1        210                  0                  0                  0                  0        25938.11369                  0         34.7526808        212.6401694
          1        211                  0                  0                  0                  0        26062.02927                  0         34.7526808        212.6401694
          1        212                  0                  0                  0                  0        26185.94485                  0         34.7526808        212.6401694
          1        213                  0                  0                  0                  0        26309.86042                  0         34.7526808        212.6401694
          1        214                  0                  0                  0                  0          26433.776                  0         34.7526808        212.6401694
          1        215                  0                  0                  0                  0        26557.69158                  0         34.7526808        212.6401694
          1        216                  0                  0                  0                  0        26681.60716                  0         34.7526808        212.6401694
          1        217                  0                  0                  0                  0        26805.52274                  0         34.7526808        212.6401694
          1        218                  0                  0                  0                  0        26929.43832                  0         34.7526808        212.6401694
          1        219                  0                  0                  0                  0         27053.3539                  0         34.7526808        212.6401694
          1        220                  0                  0                  0                  0        27177.26948                  0         34.7526808        212.6401694
          1        221                  0                  0                  0                  0        27301.18506                  0         34.7526808        212.6401694
          1        222                  0                  0                  0                  0        27425.10063                  0         34.7526808        212.6401694
          1        223                  0                  0                  0                  0        27549.01621                  0         34.7526808        212.6401694
          1        224                  0                  0                  0                  0        27672.93179                  0         34.7526808        212.6401694
          1        225                  0                  0                  0                  0        27796.84737                  0         34.7526808        212.6401694
          1        226                  0                  0                  0                  0        27920.76295                  0         34.7526808        212.6401694
          1        227                  0                  0                  0                  0        28044.67853                  0         34.7526808        212.6401694
          1        228                  0                  0                  0                  0        28168.59411                  0         34.7526808        212.6401694
          1        229                  0                  0                  0                  0        28292.50969                  0         34.7526808        212.6401694
          1        230                  0                  0                  0                  0        28416.42527                  0         34.7526808        212.6401694
          1        231                  0                  0                  0                  0        28540.34084                  0         34.7526808        212.6401694
          1        232                  0                  0                  0                  0        28664.25642                  0         34.7526808        212.6401694
          1        233                  0                  0                  0                  0          28788.172                  0         34.7526808        212.6401694
          1        234                  0                  0                  0                  0        28912.08758                  0         34.7526808        212.6401694
          1        235                  0                  0                  0                  0        29036.00316                  0         34.7526808        212.6401694
          1        236                  0                  0                  0                  0        29159.91874                  0         34.7526808        212.6401694
          1        237                  0                  0                  0                  0        29283.83432                  0         34.7526808        212.6401694
          1        238                  0                  0                  0                  0         29407.7499                  0         34.7526808        212.6401694
          1        239                  0                  0                  0                  0        29531.66548                  0         34.7526808        212.6401694
          1        240                  0                  0                  0                  0        29655.58105                  0         34.7526808        212.6401694
          1        241                  0                  0                  0                  0        29779.49663                  0         34.7526808        212.6401694
          1        242                  0                  0                  0                  0        29903.41221                  0         34.7526808        212.6401694
          1        243                  0                  0                  0                  0        30027.32779                  0         34.7526808        212.6401694
          1        244                  0                  0                  0                  0        30151.24337                  0         34.7526808        212.6401694
          1        245                  0                  0                  0                  0        30275.15895                  0         34.7526808        212.6401694
          1        246                  0                  0                  0                  0        30399.07453                  0         34.7526808        212.6401694
          1        247                  0                  0                  0                  0        30522.99011                  0         34.7526808        212.6401694
          1        248                  0                  0                  0                  0        30646.90569                  0         34.7526808        212.6401694
          1        249                  0                  0                  0                  0        30770.82126                  0         34.7526808        212.6401694
          1        250                  0                  0                  0                  0        30894.73684                  0         34.7526808        212.6401694
          1        251                  0                  0                  0                  0        31018.65242                  0         34.7526808        212.6401694
          1        252                  0                  0                  0                  0          31142.568                  0         34.7526808        212.6401694
          1        253                  0                  0                  0                  0        31266.48358                  0         34.7526808        212.6401694
          1        254                  0                  0                  0                  0        31390.39916                  0         34.7526808        212.6401694
          1        255                  0                  0                  0                  0        31514.31474                  0         34.7526808        212.6401694
          1        256                  0                  0                  0                  0        31638.23032                  0         34.7526808        212.6401694
          1        257                  0                  0                  0                  0         31762.1459                  0         34.7526808        212.6401694
          1        258                  0                  0                  0                  0        31886.06147                  0         34.7526808        212.6401694
          1        259                  0                  0                  0                  0        32009.97705                  0         34.7526808        212.6401694
          1        260                  0                  0                  0                  0        32133.89263                  0         34.7526808        212.6401694
          1        261                  0                  0                  0                  0        32257.80821                  0         34.7526808        212.6401694
          1        262                  0                  0                  0                  0        32381.72379                  0         34.7526808        212.6401694
          1        263                  0                  0                  0                  0        32505.63937                  0         34.7526808        212.6401694
          1        264                  0                  0                  0                  0        32629.55495                  0         34.7526808        212.6401694
          1        265                  0                  0                  0                  0        32753.47053                  0         34.7526808        212.6401694
          1        266                  0                  0                  0                  0        32877.38611                  0         34.7526808        212.6401694
          1        267                  0                  0                  0                  0        33001.30168                  0         34.7526808        212.6401694
          1        268                  0                  0                  0                  0        33125.21726                  0         34.7526808        212.6401694
          1        269                  0                  0                  0                  0        33249.13284                  0         34.7526808        212.6401694
          1        270                  0                  0                  0                  0        33373.04842                  0         34.7526808        212.6401694
          1        271                  0                  0                  0                  0          33496.964                  0         34.7526808        212.6401694
          1        272                  0                  0                  0                  0        33620.87958                  0         34.7526808        212.6401694
          1        273                  0                  0                  0                  0        33744.79516                  0         34.7526808        212.6401694
          1        274                  0                  0                  0                  0        33868.71074                  0         34.7526808        212.6401694
          1        275                  0                  0                  0                  0        33992.62632                  0         34.7526808        212.6401694
          1        276                  0                  0                  0                  0        34116.54189                  0         34.7526808        212.6401694
          1        277                  0                  0                  0                  0        34240.45747                  0         34.7526808        212.6401694
          1        278                  0                  0                  0                  0        34364.37305                  0         34.7526808        212.6401694
          1        279                  0                  0                  0                  0        34488.28863                  0         34.7526808        212.6401694
          1        280                  0                  0                  0                  0        34612.20421                  0         34.7526808        212.6401694
          1        281                  0                  0                  0                  0        34736.11979                  0         34.7526808        212.6401694
          1        282                  0                  0                  0                  0        34860.03537                  0         34.7526808        212.6401694
          1        283                  0                  0                  0                  0        34983.95095                  0         34.7526808        212.6401694
          1        284                  0                  0                  0                  0        35107.86653                  0         34.7526808        212.6401694
          1        285                  0                  0                  0                  0         35231.7821                  0         34.7526808        212.6401694
          1        286                  0                  0                  0                  0        35355.69768                  0         34.7526808        212.6401694
          1        287                  0                  0                  0                  0        35479.61326                  0         34.7526808        212.6401694
          1        288                  0                  0                  0                  0        35603.52884                  0         34.7526808        212.6401694
          1        289                  0                  0                  0                  0        35727.44442                  0         34.7526808        212.6401694
          1        290                  0                  0                  0                  0           35851.36                  0         34.7526808        212.6401694
          1        291                  0                  0                  0                  0        35975.27558                  0         34.7526808        212.6401694
          1        292                  0                  0                  0                  0        36099.19116                  0         34.7526808        212.6401694
          1        293                  0                  0                  0                  0        36223.10674                  0         34.7526808        212.6401694
          1        294                  0                  0                  0                  0        36347.02232                  0         34.7526808        212.6401694
          1        295                  0                  0                  0                  0        36470.93789                  0         34.7526808        212.6401694
          1        296                  0                  0                  0                  0        36594.85347                  0         34.7526808        212.6401694
          1        297                  0                  0                  0                  0        36718.76905                  0         34.7526808        212.6401694
          1        298                  0                  0                  0                  0        36842.68463                  0         34.7526808        212.6401694
          1        299                  0                  0                  0                  0        36966.60021                  0         34.7526808        212.6401694
          1        300                  0                  0                  0                  0        37090.51579                  0         34.7526808        212.6401694
          1        301                  0                  0                  0                  0        37214.43137                  0         34.7526808        212.6401694
          1        302                  0                  0                  0                  0        37338.34695                  0         34.7526808        212.6401694
          1        303                  0                  0                  0                  0        37462.26253                  0         34.7526808        212.6401694
          1        304                  0                  0                  0                  0         37586.1781                  0         34.7526808        212.6401694
          1        305                  0                  0                  0                  0        37710.09368                  0         34.7526808        212.6401694
          1        306                  0                  0                  0                  0        37834.00926                  0         34.7526808        212.6401694
          1        307                  0                  0                  0                  0        37957.92484                  0         34.7526808        212.6401694
          1        308                  0                  0                  0                  0        38081.84042                  0         34.7526808        212.6401694
          1        309                  0                  0                  0                  0          38205.756                  0         34.7526808        212.6401694
          1        310                  0                  0                  0                  0        38329.67158                  0         34.7526808        212.6401694
          1        311                  0                  0                  0                  0        38453.58716                  0         34.7526808        212.6401694
          1        312                  0                  0                  0                  0        38577.50274                  0         34.7526808        212.6401694
          1        313                  0                  0                  0                  0        38701.41831                  0         34.7526808        212.6401694
          1        314                  0                  0                  0                  0        38825.33389                  0         34.7526808        212.6401694
          1        315                  0                  0                  0                  0        38949.24947                  0         34.7526808        212.6401694
          1        316                  0                  0                  0                  0        39073.16505                  0         34.7526808        212.6401694
          1        317                  0                  0                  0                  0        39197.08063                  0         34.7526808        212.6401694
          1        318                  0                  0                  0                  0        39320.99621                  0         34.7526808        212.6401694
          1        319                  0                  0                  0                  0        39444.91179                  0         34.7526808        212.6401694
          1        320                  0                  0                  0                  0        39568.82737                  0         34.7526808        212.6401694
          1        321                  0                  0                  0                  0        39692.74295                  0         34.7526808        212.6401694
          1        322                  0                  0                  0                  0        39816.65852                  0         34.7526808        212.6401694
          1        323                  0                  0                  0                  0         39940.5741                  0         34.7526808        212.6401694
          1        324                  0                  0                  0                  0        40064.48968                  0         34.7526808        212.6401694
          1        325                  0                  0                  0                  0        40188.40526                  0         34.7526808        212.6401694
          1        326                  0                  0                  0                  0        40312.32084                  0         34.7526808        212.6401694
          1        327                  0                  0                  0                  0        40436.23642                  0         34.7526808        212.6401694
          1        328                  0                  0                  0                  0          40560.152                  0         34.7526808        212.6401694
          1        329                  0                  0                  0                  0        40684.06758                  0         34.7526808        212.6401694
          1        330                  0                  0                  0                  0        40807.98316                  0         34.7526808        212.6401694
          1        331                  0                  0                  0                  0        40931.89873                  0         34.7526808        212.6401694
          1        332                  0                  0                  0                  0        41055.81431                  0         34.7526808        212.6401694
          1        333                  0                  0                  0                  0        41179.72989                  0         34.7526808        212.6401694
          1        334                  0                  0                  0                  0        41303.64547                  0         34.7526808        212.6401694
          1        335                  0                  0                  0                  0        41427.56105                  0         34.7526808        212.6401694
          1        336                  0                  0                  0                  0        41551.47663                  0         34.7526808        212.6401694
          1        337                  0                  0                  0                  0        41675.39221                  0         34.7526808        212.6401694
          1        338                  0                  0                  0                  0        41799.30779                  0         34.7526808        212.6401694
          1        339                  0                  0                  0                  0        41923.22337                  0         34.7526808        212.6401694
          1        340                  0                  0                  0                  0        42047.13894                  0         34.7526808        212.6401694
          1        341                  0                  0                  0                  0        42171.05452                  0         34.7526808        212.6401694
          1        342                  0                  0                  0                  0         42294.9701                  0         34.7526808        212.6401694
          1        343                  0                  0                  0                  0        42418.88568                  0         34.7526808        212.6401694
          1        344                  0                  0                  0                  0        42542.80126                  0         34.7526808        212.6401694
          1        345                  0                  0                  0                  0        42666.71684                  0         34.7526808        212.6401694
          1        346                  0                  0                  0                  0        42790.63242                  0         34.7526808        212.6401694
          1        347                  0                  0                  0                  0          42914.548                  0         34.7526808        212.6401694
          1        348                  0                  0                  0                  0        43038.46358                  0         34.7526808        212.6401694
          1        349                  0                  0                  0                  0        43162.37915                  0         34.7526808        212.6401694
          1        350                  0                  0                  0                  0        43286.29473                  0         34.7526808        212.6401694
          1        351                  0                  0                  0                  0        43410.21031                  0         34.7526808        212.6401694
          1        352                  0                  0                  0                  0        43534.12589                  0         34.7526808        212.6401694
          1        353                  0                  0                  0                  0        43658.04147                  0         34.7526808        212.6401694
          1        354                  0                  0                  0                  0        43781.95705                  0         34.7526808        212.6401694
          1        355                  0                  0                  0                  0        43905.87263                  0         34.7526808        212.6401694
          1        356                  0                  0                  0                  0        44029.78821                  0         34.7526808        212.6401694
          1        357                  0                  0                  0                  0        44153.70379                  0         34.7526808        212.6401694
          1        358                  0                  0                  0                  0        44277.61936                  0         34.7526808        212.6401694
          1        359                  0                  0                  0                  0        44401.53494                  0         34.7526808        212.6401694
          1        360                  0                  0                  0                  0        44525.45052                  0         34.7526808        212.6401694
          1        361                  0                  0                  0                  0         44649.3661                  0         34.7526808        212.6401694
          1        362                  0                  0                  0                  0        44773.28168                  0         34.7526808        212.6401694
          1        363                  0                  0                  0                  0        44897.19726                  0         34.7526808        212.6401694
          1        364                  0                  0                  0                  0        45021.11284                  0         34.7526808        212.6401694
          1        365                  0                  0                  0                  0        45145.02842                  0         34.7526808        212.6401694
          1        366                  0                  0                  0                  0          45268.944                  0         34.7526808        212.6401694
          1        367                  0                  0                  0                  0        45392.85957                  0         34.7526808        212.6401694
          1        368                  0                  0                  0                  0        45516.77515                  0         34.7526808        212.6401694
          1        369                  0                  0                  0                  0        45640.69073                  0         34.7526808        212.6401694
          1        370                  0                  0                  0                  0        45764.60631                  0         34.7526808        212.6401694
          1        371                  0                  0                  0                  0        45888.52189                  0         34.7526808        212.6401694
          1        372                  0                  0                  0                  0        46012.43747                  0         34.7526808        212.6401694
          1        373                  0                  0                  0                  0        46136.35305                  0         34.7526808        212.6401694
          1        374                  0                  0                  0                  0        46260.26863                  0         34.7526808        212.6401694
          1        375                  0                  0                  0                  0        46384.18421                  0         34.7526808        212.6401694
          1        376                  0                  0                  0                  0        46508.09978                  0         34.7526808        212.6401694
          1        377                  0                  0                  0                  0        46632.01536                  0         34.7526808        212.6401694
          1        378                  0                  0                  0                  0        46755.93094                  0         34.7526808        212.6401694
          1        379                  0                  0                  0                  0        46879.84652                  0         34.7526808        212.6401694
          1        380                  0                  0                  0                  0         47003.7621                  0         34.7526808        212.6401694
          1        381                  0                  0                  0                  0        47127.67768                  0         34.7526808        212.6401694
          1        382                  0                  0                  0                  0        47251.59326                  0         34.7526808        212.6401694
          1        383                  0                  0                  0                  0        47375.50884                  0         34.7526808        212.6401694
          1        384                  0                  0                  0                  0        47499.42442                  0         34.7526808        212.6401694
          1        385                  0                  0                  0                  0        47623.33999                  0         34.7526808        212.6401694
          1        386                  0                  0                  0                  0        47747.25557                  0         34.7526808        212.6401694
          1        387                  0                  0                  0                  0        47871.17115                  0         34.7526808        212.6401694
          1        388                  0                  0                  0                  0        47995.08673                  0         34.7526808        212.6401694
          1        389                  0                  0                  0                  0        48119.00231                  0         34.7526808        212.6401694
          1        390                  0                  0                  0                  0        48242.91789                  0         34.7526808        212.6401694
          1        391                  0                  0                  0                  0        48366.83347                  0         34.7526808        212.6401694
          1        392                  0                  0                  0                  0        48490.74905                  0         34.7526808        212.6401694
          1        393                  0                  0                  0                  0        48614.66463                  0         34.7526808        212.6401694
          1        394                  0                  0                  0                  0         48738.5802                  0         34.7526808        212.6401694
          1        395                  0                  0                  0                  0        48862.49578                  0         34.7526808        212.6401694
          1        396                  0                  0                  0                  0        48986.41136                  0         34.7526808        212.6401694
          1        397                  0                  0                  0                  0        49110.32694                  0         34.7526808        212.6401694
          1        398                  0                  0                  0                  0        49234.24252                  0         34.7526808        212.6401694
          1        399                  0                  0                  0                  0         49358.1581                  0         34.7526808        212.6401694
          1        400                  0                  0                  0                  0        49482.07368                  0         34.7526808        212.6401694
          1        401                  0                  0                  0                  0        49605.98926                  0         34.7526808        212.6401694
          1        402                  0                  0                  0                  0        49729.90484                  0         34.7526808        212.6401694
          1        403                  0                  0                  0                  0        49853.82041                  0         34.7526808        212.6401694
          1        404                  0                  0                  0                  0        49977.73599                  0         34.7526808        212.6401694
          1        405                  0                  0                  0                  0        50101.65157                  0         34.7526808        212.6401694
          1        406                  0                  0                  0                  0        50225.56715                  0         34.7526808        212.6401694
          1        407                  0                  0                  0                  0        50349.48273                  0         34.7526808        212.6401694
          1        408                  0                  0                  0                  0        50473.39831                  0         34.7526808        212.6401694
          1        409                  0                  0                  0                  0        50597.31389                  0         34.7526808        212.6401694
          1        410                  0                  0                  0                  0        50721.22947                  0         34.7526808        212.6401694
          1        411                  0                  0                  0                  0        50845.14505                  0         34.7526808        212.6401694
          1        412                  0                  0                  0                  0        50969.06062                  0         34.7526808        212.6401694
          1        413                  0                  0                  0                  0         51092.9762                  0         34.7526808        212.6401694
          1        414                  0                  0                  0                  0        51216.89178                  0         34.7526808        212.6401694
          1        415                  0                  0                  0                  0        51340.80736                  0         34.7526808        212.6401694
          1        416                  0                  0                  0                  0        51464.72294                  0         34.7526808        212.6401694
          1        417                  0                  0                  0                  0        51588.63852                  0         34.7526808        212.6401694
          1        418                  0                  0                  0                  0         51712.5541                  0         34.7526808        212.6401694
          1        419                  0                  0                  0                  0        51836.46968                  0         34.7526808        212.6401694
          1        420                  0                  0                  0                  0        51960.38526                  0         34.7526808        212.6401694
          1        421                  0                  0                  0                  0        52084.30084                  0         34.7526808        212.6401694
          1        422                  0                  0                  0                  0        52208.21641                  0         34.7526808        212.6401694
          1        423                  0                  0                  0                  0        52332.13199                  0         34.7526808        212.6401694
          1        424                  0                  0                  0                  0        52456.04757                  0         34.7526808        212.6401694
          1        425                  0                  0                  0                  0        52579.96315                  0         34.7526808        212.6401694
          1        426                  0                  0                  0                  0        52703.87873                  0         34.7526808        212.6401694
          1        427                  0                  0                  0                  0        52827.79431                  0         34.7526808        212.6401694
          1        428                  0                  0                  0                  0        52951.70989                  0         34.7526808        212.6401694
          1        429                  0                  0                  0                  0        53075.62547                  0         34.7526808        212.6401694
          1        430                  0                  0                  0                  0        53199.54105                  0         34.7526808        212.6401694
          1        431                  0                  0                  0                  0        53323.45662                  0         34.7526808        212.6401694
          1        432                  0                  0                  0                  0         53447.3722                  0         34.7526808        212.6401694
          1        433                  0                  0                  0                  0        53571.28778                  0         34.7526808        212.6401694
          1        434                  0                  0                  0                  0        53695.20336                  0         34.7526808        212.6401694
          1        435                  0                  0                  0                  0        53819.11894                  0         34.7526808        212.6401694
          1        436                  0                  0                  0                  0        53943.03452                  0         34.7526808        212.6401694
          1        437                  0                  0                  0                  0         54066.9501                  0         34.7526808        212.6401694
          1        438                  0                  0                  0                  0        54190.86568                  0         34.7526808        212.6401694
          1        439                  0                  0                  0                  0        54314.78126                  0         34.7526808        212.6401694
          1        440                  0                  0                  0                  0        54438.69683                  0         34.7526808        212.6401694
          1        441                  0                  0                  0                  0        54562.61241                  0         34.7526808        212.6401694
          1        442                  0                  0                  0                  0        54686.52799                  0         34.7526808        212.6401694
          1        443                  0                  0                  0                  0        54810.44357                  0         34.7526808        212.6401694
          1        444                  0                  0                  0                  0        54934.35915                  0         34.7526808        212.6401694
          1        445                  0                  0                  0                  0        55058.27473                  0         34.7526808        212.6401694
          1        446                  0                  0                  0                  0        55182.19031                  0         34.7526808        212.6401694
          1        447                  0                  0                  0                  0        55306.10589                  0         34.7526808        212.6401694
          1        448                  0                  0                  0                  0        55430.02147                  0         34.7526808        212.6401694
          1        449                  0                  0                  0                  0        55553.93704                  0         34.7526808        212.6401694
          1        450                  0                  0                  0                  0        55677.85262                  0         34.7526808        212.6401694
          1        451                  0                  0                  0                  0         55801.7682                  0         34.7526808        212.6401694
          1        452                  0                  0                  0                  0        55925.68378                  0         34.7526808        212.6401694
          1        453                  0                  0                  0                  0        56049.59936                  0         34.7526808        212.6401694
          1        454                  0                  0                  0                  0        56173.51494                  0         34.7526808        212.6401694
          1        455                  0                  0                  0                  0        56297.43052                  0         34.7526808        212.6401694
          1        456                  0                  0                  0                  0         56421.3461                  0         34.7526808        212.6401694
          1        457                  0                  0                  0                  0        56545.26168                  0         34.7526808        212.6401694
          1        458                  0                  0                  0                  0        56669.17725                  0         34.7526808        212.6401694
          1        459                  0                  0                  0                  0        56793.09283                  0         34.7526808        212.6401694
          1        460                  0                  0                  0                  0        56917.00841                  0         34.7526808        212.6401694
          1        461                  0                  0                  0                  0        57040.92399                  0         34.7526808        212.6401694
          1        462                  0                  0                  0                  0        57164.83957                  0         34.7526808        212.6401694
          1        463                  0                  0                  0                  0        57288.75515                  0         34.7526808        212.6401694
          1        464                  0                  0                  0                  0        57412.67073                  0         34.7526808        212.6401694
          1        465                  0                  0                  0                  0        57536.58631                  0         34.7526808        212.6401694
          1        466                  0                  0                  0                  0        57660.50189                  0         34.7526808        212.6401694
          1        467                  0                  0                  0                  0        57784.41746                  0         34.7526808        212.6401694
          1        468                  0                  0                  0                  0        57908.33304                  0         34.7526808        212.6401694
          1        469                  0                  0                  0                  0        58032.24862                  0         34.7526808        212.6401694
          1        470                  0                  0                  0                  0         58156.1642                  0         34.7526808        212.6401694
          1        471                  0                  0                  0                  0        58280.07978                  0         34.7526808        212.6401694
          1        472                  0                  0                  0                  0        58403.99536                  0         34.7526808        212.6401694
          1        473                  0                  0                  0                  0        58527.91094                  0         34.7526808        212.6401694
          1        474                  0                  0                  0                  0        58651.82652                  0         34.7526808        212.6401694
          1        475                  0                  0                  0                  0         58775.7421                  0         34.7526808        212.6401694
          1        476                  0                  0                  0                  0        58899.65767                  0         34.7526808        212.6401694
          1        477                  0                  0                  0                  0        59023.57325                  0         34.7526808        212.6401694
          1        478                  0                  0                  0                  0        59147.48883                  0         34.7526808        212.6401694
          1        479                  0                  0                  0                  0        59271.40441                  0         34.7526808        212.6401694
          1        480                  0                  0                  0                  0        59395.31999                  0         34.7526808        212.6401694
          1        481                  0                  0                  0                  0        59519.23557                  0         34.7526808        212.6401694
          1        482                  0                  0                  0                  0        59643.15115                  0         34.7526808        212.6401694
          1        483                  0                  0                  0                  0        59767.06673                  0         34.7526808        212.6401694
          1        484                  0                  0                  0                  0        59890.98231                  0         34.7526808        212.6401694
          1        485                  0                  0                  0                  0        60014.89788                  0         34.7526808        212.6401694
          1        486                  0                  0                  0                  0        60138.81346                  0         34.7526808        212.6401694
          1        487                  0                  0                  0                  0        60262.72904                  0         34.7526808        212.6401694
          1        488                  0                  0                  0                  0        60386.64462                  0         34.7526808        212.6401694
          1        489                  0                  0                  0                  0         60510.5602                  0         34.7526808        212.6401694
          1        490                  0                  0                  0                  0        60634.47578                  0         34.7526808        212.6401694
          1        491                  0                  0                  0                  0        60758.39136                  0         34.7526808        212.6401694
          1        492                  0                  0                  0                  0        60882.30694                  0         34.7526808        212.6401694
          1        493                  0                  0                  0                  0        61006.22252                  0         34.7526808        212.6401694
          1        494                  0                  0                  0                  0        61130.13809                  0         34.7526808        212.6401694
          1        495                  0                  0                  0                  0        61254.05367                  0         34.7526808        212.6401694
          1        496                  0                  0                  0                  0        61377.96925                  0         34.7526808        212.6401694
          1        497                  0                  0                  0                  0        61501.88483                  0         34.7526808        212.6401694
          1        498                  0                  0                  0                  0        61625.80041                  0         34.7526808        212.6401694
          1        499                  0                  0                  0                  0        61749.71599                  0         34.7526808        212.6401694
          1        500                  0                  0                  0                  0        61873.63157                  0         34.7526808        212.6401694
          1        501                  0                  0                  0                  0        61997.54715                  0         34.7526808        212.6401694
          1        502                  0                  0                  0                  0        62121.46273                  0         34.7526808        212.6401694
          1        503                  0                  0                  0                  0         62245.3783                  0         34.7526808        212.6401694
          1        504                  0                  0                  0                  0        62369.29388                  0         34.7526808        212.6401694
          1        505                  0                  0                  0                  0        62493.20946                  0         34.7526808        212.6401694
          1        506                  0                  0                  0                  0        62617.12504                  0         34.7526808        212.6401694
          1        507                  0                  0                  0                  0        62741.04062                  0         34.7526808        212.6401694
          1        508                  0                  0                  0                  0         62864.9562                  0         34.7526808        212.6401694
          1        509                  0                  0                  0                  0        62988.87178                  0         34.7526808        212.6401694
          1        510                  0                  0                  0                  0        63112.78736                  0         34.7526808        212.6401694
          1        511                  0                  0                  0                  0        63236.70294                  0         34.7526808        212.6401694
          1        512                  0                  0                  0                  0        63360.61851                  0         34.7526808        212.6401694
          1        513                  0                  0                  0                  0        63484.53409                  0         34.7526808        212.6401694
          1        514                  0                  0                  0                  0        63608.44967                  0         34.7526808        212.6401694
          1        515                  0                  0                  0                  0        63732.36525                  0         34.7526808        212.6401694
          1        516                  0                  0                  0                  0        63856.28083                  0         34.7526808        212.6401694
          1        517                  0                  0                  0                  0        63980.19641                  0         34.7526808        212.6401694
          1        518                  0                  0                  0                  0        64104.11199                  0         34.7526808        212.6401694
          1        519                  0                  0                  0                  0        64228.02757                  0         34.7526808        212.6401694
          1        520                  0                  0                  0                  0        64351.94315                  0         34.7526808        212.6401694
          1        521                  0                  0                  0                  0        64475.85872                  0         34.7526808        212.6401694
          1        522                  0                  0                  0                  0         64599.7743                  0         34.7526808        212.6401694
          1        523                  0                  0                  0                  0        64723.68988                  0         34.7526808        212.6401694
          1        524                  0                  0                  0                  0        64847.60546                  0         34.7526808        212.6401694
          1        525                  0                  0                  0                  0        64971.52104                  0         34.7526808        212.6401694
          1        526                  0                  0                  0                  0        65095.43662                  0         34.7526808        212.6401694
          1        527                  0                  0                  0                  0         65219.3522                  0         34.7526808        212.6401694
          1        528                  0                  0                  0                  0        65343.26778                  0         34.7526808        212.6401694
          1        529                  0                  0                  0                  0        65467.18336                  0         34.7526808        212.6401694
          1        530                  0                  0                  0                  0        65591.09893                  0         34.7526808        212.6401694
          1        531                  0                  0                  0                  0        65715.01451                  0         34.7526808        212.6401694
          1        532                  0                  0                  0                  0        65838.93009                  0         34.7526808        212.6401694
          1        533                  0                  0                  0                  0        65962.84567                  0         34.7526808        212.6401694
          1        534                  0                  0                  0                  0        66086.76125                  0         34.7526808        212.6401694
          1        535                  0                  0                  0                  0        66210.67683                  0         34.7526808        212.6401694
          1        536                  0                  0                  0                  0        66334.59241                  0         34.7526808        212.6401694
          1        537                  0                  0                  0                  0        66458.50799                  0         34.7526808        212.6401694
          1        538                  0                  0                  0                  0        66582.42357                  0         34.7526808        212.6401694
          1        539                  0                  0                  0                  0        66706.33915                  0         34.7526808        212.6401694
          1        540                  0                  0                  0                  0        66830.25472                  0         34.7526808        212.6401694
          1        541                  0                  0                  0                  0         66954.1703                  0         34.7526808        212.6401694
          1        542                  0                  0                  0                  0        67078.08588                  0         34.7526808        212.6401694
          1        543                  0                  0                  0                  0        67202.00146                  0         34.7526808        212.6401694
          1        544                  0                  0                  0                  0        67325.91704                  0         34.7526808        212.6401694
          1        545                  0                  0                  0                  0        67449.83262                  0         34.7526808        212.6401694
          1        546                  0                  0                  0                  0         67573.7482                  0         34.7526808        212.6401694
          1        547                  0                  0                  0                  0        67697.66378                  0         34.7526808        212.6401694
          1        548                  0                  0                  0                  0        67821.57936                  0         34.7526808        212.6401694
          1        549                  0                  0                  0                  0        67945.49493                  0         34.7526808        212.6401694
          1        550                  0                  0                  0                  0        68069.41051                  0         34.7526808        212.6401694
          1        551                  0                  0                  0                  0        68193.32609                  0         34.7526808        212.6401694
          1        552                  0                  0                  0                  0        68317.24167                  0         34.7526808        212.6401694
          1        553                  0                  0                  0                  0        68441.15725                  0         34.7526808        212.6401694
          1        554                  0                  0                  0                  0        68565.07283                  0         34.7526808        212.6401694
          1        555                  0                  0                  0                  0        68688.98841                  0         34.7526808        212.6401694
          1        556                  0                  0                  0                  0        68812.90399                  0         34.7526808        212.6401694
          1        557                  0                  0                  0                  0        68936.81957                  0         34.7526808        212.6401694
          1        558                  0                  0                  0                  0        69060.73514                  0         34.7526808        212.6401694
          1        559                  0                  0                  0                  0        69184.65072                  0         34.7526808        212.6401694
          1        560                  0                  0                  0                  0         69308.5663                  0         34.7526808        212.6401694
          1        561                  0                  0                  0                  0        69432.48188                  0         34.7526808        212.6401694
          1        562                  0                  0                  0                  0        69556.39746                  0         34.7526808        212.6401694
          1        563                  0                  0                  0                  0        69680.31304                  0         34.7526808        212.6401694
          1        564                  0                  0                  0                  0        69804.22862                  0         34.7526808        212.6401694
          1        565                  0                  0                  0                  0         69928.1442                  0         34.7526808        212.6401694
          1        566                  0                  0                  0                  0        70052.05978                  0         34.7526808        212.6401694
          1        567                  0                  0                  0                  0        70175.97535                  0         34.7526808        212.6401694
          1        568                  0                  0                  0                  0        70299.89093                  0         34.7526808        212.6401694
          1        569                  0                  0                  0                  0        70423.80651                  0         34.7526808        212.6401694
          1        570                  0                  0                  0                  0        70547.72209                  0         34.7526808        212.6401694
          1        571                  0                  0                  0                  0        70671.63767                  0         34.7526808        212.6401694
          1        572                  0                  0                  0                  0        70795.55325                  0         34.7526808        212.6401694
          1        573                  0                  0                  0                  0        70919.46883                  0         34.7526808        212.6401694
          1        574                  0                  0                  0                  0        71043.38441                  0         34.7526808        212.6401694
          1        575                  0                  0                  0                  0        71167.29999                  0         34.7526808        212.6401694
          1        576                  0                  0                  0                  0        71291.21556                  0         34.7526808        212.6401694
          1        577                  0                  0                  0                  0        71415.13114                  0         34.7526808        212.6401694
          1        578                  0                  0                  0                  0        71539.04672                  0         34.7526808        212.6401694
          1        579                  0                  0                  0                  0         71662.9623                  0         34.7526808        212.6401694
          1        580                  0                  0                  0                  0        71786.87788                  0         34.7526808        212.6401694
          1        581                  0                  0                  0                  0        71910.79346                  0         34.7526808        212.6401694
          1        582                  0                  0                  0                  0        72034.70904                  0         34.7526808        212.6401694
          1        583                  0                  0                  0                  0        72158.62462                  0         34.7526808        212.6401694
          1        584                  0                  0                  0                  0         72282.5402                  0         34.7526808        212.6401694
          1        585                  0                  0                  0                  0        72406.45577                  0         34.7526808        212.6401694
          1        586                  0                  0                  0                  0        72530.37135                  0         34.7526808        212.6401694
          1        587                  0                  0                  0                  0        72654.28693                  0         34.7526808        212.6401694
          1        588                  0                  0                  0                  0        72778.20251                  0         34.7526808        212.6401694
          1        589                  0                  0                  0                  0        72902.11809                  0         34.7526808        212.6401694
          1        590                  0                  0                  0                  0        73026.03367                  0         34.7526808        212.6401694
          1        591                  0                  0                  0                  0        73149.94925                  0         34.7526808        212.6401694
          1        592                  0                  0                  0                  0        73273.86483                  0         34.7526808        212.6401694
          1        593                  0                  0                  0                  0        73397.78041                  0         34.7526808        212.6401694
          1        594                  0                  0                  0                  0        73521.69598                  0         34.7526808        212.6401694
          1        595                  0                  0                  0                  0        73645.61156                  0         34.7526808        212.6401694
          1        596                  0                  0                  0                  0        73769.52714                  0         34.7526808        212.6401694
          1        597                  0                  0                  0                  0        73893.44272                  0         34.7526808        212.6401694
          1        598                  0                  0                  0                  0         74017.3583                  0         34.7526808        212.6401694
          1        599                  0                  0                  0                  0        74141.27388                  0         34.7526808        212.6401694
          1        600                  0                  0                  0                  0        74265.18946                  0         34.7526808        212.6401694
          1        601                  0                  0                  0                  0        74389.10504                  0         34.7526808        212.6401694
          1        602                  0                  0                  0                  0        74513.02062                  0         34.7526808        212.6401694
          1        603                  0                  0                  0                  0        74636.93619                  0         34.7526808        212.6401694
          1        604                  0                  0                  0                  0        74760.85177                  0         34.7526808        212.6401694
          1        605                  0                  0                  0                  0        74884.76735                  0         34.7526808        212.6401694
          1        606                  0                  0                  0                  0        75008.68293                  0         34.7526808        212.6401694
          1        607                  0                  0                  0                  0        75132.59851                  0         34.7526808        212.6401694
          1        608                  0                  0                  0                  0        75256.51409                  0         34.7526808        212.6401694
          1        609                  0                  0                  0                  0        75380.42967                  0         34.7526808        212.6401694
          1        610                  0                  0                  0                  0        75504.34525                  0         34.7526808        212.6401694
          1        611                  0                  0                  0                  0        75628.26083                  0         34.7526808        212.6401694
          1        612                  0                  0                  0                  0         75752.1764                  0         34.7526808        212.6401694
          1        613                  0                  0                  0                  0        75876.09198                  0         34.7526808        212.6401694
          1        614                  0                  0                  0                  0        76000.00756                  0         34.7526808        212.6401694
          1        615                  0                  0                  0                  0        76123.92314                  0         34.7526808        212.6401694
          1        616                  0                  0                  0                  0        76247.83872                  0         34.7526808        212.6401694
          1        617                  0                  0                  0                  0         76371.7543                  0         34.7526808        212.6401694
          1        618                  0                  0                  0                  0        76495.66988                  0         34.7526808        212.6401694
          1        619                  0                  0                  0                  0        76619.58546                  0         34.7526808        212.6401694
          1        620                  0                  0                  0                  0        76743.50104                  0         34.7526808        212.6401694
          1        621                  0                  0                  0                  0        76867.41661                  0         34.7526808        212.6401694
          1        622                  0                  0                  0                  0        76991.33219                  0         34.7526808        212.6401694
          1        623                  0                  0                  0                  0        77115.24777                  0         34.7526808        212.6401694
          1        624                  0                  0                  0                  0        77239.16335                  0         34.7526808        212.6401694
          1        625                  0                  0                  0                  0        77363.07893                  0         34.7526808        212.6401694
          1        626                  0                  0                  0                  0        77486.99451                  0         34.7526808        212.6401694
          1        627                  0                  0                  0                  0        77610.91009                  0         34.7526808        212.6401694
          1        628                  0                  0                  0                  0        77734.82567                  0         34.7526808        212.6401694
          1        629                  0                  0                  0                  0        77858.74125                  0         34.7526808        212.6401694
          1        630                  0                  0                  0                  0        77982.65682                  0         34.7526808        212.6401694
          1        631                  0                  0                  0                  0         78106.5724                  0         34.7526808        212.6401694
          1        632                  0                  0                  0                  0        78230.48798                  0         34.7526808        212.6401694
          1        633                  0                  0                  0                  0        78354.40356                  0         34.7526808        212.6401694
          1        634                  0                  0                  0                  0        78478.31914                  0         34.7526808        212.6401694
          1        635                  0                  0                  0                  0        78602.23472                  0         34.7526808        212.6401694
          1        636                  0                  0                  0                  0         78726.1503                  0         34.7526808        212.6401694
          1        637                  0                  0                  0                  0        78850.06588                  0         34.7526808        212.6401694
          1        638                  0                  0                  0                  0        78973.98146                  0         34.7526808        212.6401694
          1        639                  0                  0                  0                  0        79097.89703                  0         34.7526808        212.6401694
          1        640                  0                  0                  0                  0        79221.81261                  0         34.7526808        212.6401694
          1        641                  0                  0                  0                  0        79345.72819                  0         34.7526808        212.6401694
          1        642                  0                  0                  0                  0        79469.64377                  0         34.7526808        212.6401694
          1        643                  0                  0                  0                  0        79593.55935                  0         34.7526808        212.6401694
          1        644                  0                  0                  0                  0        79717.47493                  0         34.7526808        212.6401694
          1        645                  0                  0                  0                  0        79841.39051                  0         34.7526808        212.6401694
          1        646                  0                  0                  0                  0        79965.30609                  0         34.7526808        212.6401694
          1        647                  0                  0                  0                  0        80089.22167                  0         34.7526808        212.6401694
          1        648                  0                  0                  0                  0        80213.13724                  0         34.7526808        212.6401694
          1        649                  0                  0                  0                  0        80337.05282                  0         34.7526808        212.6401694
          1        650                  0                  0                  0                  0         80460.9684                  0         34.7526808        212.6401694
          1        651                  0                  0                  0                  0        80584.88398                  0         34.7526808        212.6401694
          1        652                  0                  0                  0                  0        80708.79956                  0         34.7526808        212.6401694
          1        653                  0                  0                  0                  0        80832.71514                  0         34.7526808        212.6401694
          1        654                  0                  0                  0                  0        80956.63072                  0         34.7526808        212.6401694
          1        655                  0                  0                  0                  0         81080.5463                  0         34.7526808        212.6401694
          1        656                  0                  0                  0                  0        81204.46188                  0         34.7526808        212.6401694
          1        657                  0                  0                  0                  0        81328.37746                  0         34.7526808        212.6401694
          1        658                  0                  0                  0                  0        81452.29303                  0         34.7526808        212.6401694
          1        659                  0                  0                  0                  0        81576.20861                  0         34.7526808        212.6401694
          1        660                  0                  0                  0                  0        81700.12419                  0         34.7526808        212.6401694
          1        661                  0                  0                  0                  0        81824.03977                  0         34.7526808        212.6401694
          1        662                  0                  0                  0                  0        81947.95535                  0         34.7526808        212.6401694
          1        663                  0                  0                  0                  0        82071.87093                  0         34.7526808        212.6401694
          1        664                  0                  0                  0                  0        82195.78651                  0         34.7526808        212.6401694
          1        665                  0                  0                  0                  0        82319.70209                  0         34.7526808        212.6401694
          1        666                  0                  0                  0                  0        82443.61767                  0         34.7526808        212.6401694
          1        667                  0                  0                  0                  0        82567.53324                  0         34.7526808        212.6401694
          1        668                  0                  0                  0                  0        82691.44882                  0         34.7526808        212.6401694
          1        669                  0                  0                  0                  0         82815.3644                  0         34.7526808        212.6401694
          1        670                  0                  0                  0                  0        82939.27998                  0         34.7526808        212.6401694
          1        671                  0                  0                  0                  0        83063.19556                  0         34.7526808        212.6401694
          1        672                  0                  0                  0                  0        83187.11114                  0         34.7526808        212.6401694
          1        673                  0                  0                  0                  0        83311.02672                  0         34.7526808        212.6401694
          1        674                  0                  0                  0                  0         83434.9423                  0         34.7526808        212.6401694
          1        675                  0                  0                  0                  0        83558.85788                  0         34.7526808        212.6401694
          1        676                  0                  0                  0                  0        83682.77345                  0         34.7526808        212.6401694
          1        677                  0                  0                  0                  0        83806.68903                  0         34.7526808        212.6401694
          1        678                  0                  0                  0                  0        83930.60461                  0         34.7526808        212.6401694
          1        679                  0                  0                  0                  0        84054.52019                  0         34.7526808        212.6401694
          1        680                  0                  0                  0                  0        84178.43577                  0         34.7526808        212.6401694
          1        681                  0                  0                  0                  0        84302.35135                  0         34.7526808        212.6401694
          1        682                  0                  0                  0                  0        84426.26693                  0         34.7526808        212.6401694
          1        683                  0                  0                  0                  0        84550.18251                  0         34.7526808        212.6401694
          1        684                  0                  0                  0                  0        84674.09809                  0         34.7526808        212.6401694
          1        685                  0                  0                  0                  0        84798.01366                  0         34.7526808        212.6401694
          1        686                  0                  0                  0                  0        84921.92924                  0         34.7526808        212.6401694
          1        687                  0                  0                  0                  0        85045.84482                  0         34.7526808        212.6401694
          1        688                  0                  0                  0                  0         85169.7604                  0         34.7526808        212.6401694
          1        689                  0                  0                  0                  0        85293.67598                  0         34.7526808        212.6401694
          1        690                  0                  0                  0                  0        85417.59156                  0         34.7526808        212.6401694
          1        691                  0                  0                  0                  0        85541.50714                  0         34.7526808        212.6401694
          1        692                  0                  0                  0                  0        85665.42272                  0         34.7526808        212.6401694
          1        693                  0                  0                  0                  0         85789.3383                  0         34.7526808        212.6401694
          1        694                  0                  0                  0                  0        85913.25387                  0         34.7526808        212.6401694
          1        695                  0                  0                  0                  0        86037.16945                  0         34.7526808        212.6401694
          1        696                  0                  0                  0                  0        86161.08503                  0         34.7526808        212.6401694
          1        697                  0                  0                  0                  0        86285.00061                  0         34.7526808        212.6401694
          1        698                  0                  0                  0                  0        86408.91619                  0         34.7526808        212.6401694
          1        699                  0                  0                  0                  0        86532.83177                  0         34.7526808        212.6401694
          1        700                  0                  0                  0                  0        86656.74735                  0         34.7526808        212.6401694
          1        701                  0                  0                  0                  0        86780.66293                  0         34.7526808        212.6401694
          1        702                  0                  0                  0                  0        86904.57851                  0         34.7526808        212.6401694
          1        703                  0                  0                  0                  0        87028.49408                  0         34.7526808        212.6401694
          1        704                  0                  0                  0                  0        87152.40966                  0         34.7526808        212.6401694
          1        705                  0                  0                  0                  0        87276.32524                  0         34.7526808        212.6401694
          1        706                  0                  0                  0                  0        87400.24082                  0         34.7526808        212.6401694
          1        707                  0                  0                  0                  0         87524.1564                  0         34.7526808        212.6401694
          1        708                  0                  0                  0                  0        87648.07198                  0         34.7526808        212.6401694
          1        709                  0                  0                  0                  0        87771.98756                  0         34.7526808        212.6401694
          1        710                  0                  0                  0                  0        87895.90314                  0         34.7526808        212.6401694
          1        711                  0                  0                  0                  0        88019.81872                  0         34.7526808        212.6401694
          1        712                  0                  0                  0                  0        88143.73429                  0         34.7526808        212.6401694
          1        713                  0                  0                  0                  0        88267.64987                  0         34.7526808        212.6401694
          1        714                  0                  0                  0                  0        88391.56545                  0         34.7526808        212.6401694
          1        715                  0                  0                  0                  0        88515.48103                  0         34.7526808        212.6401694
          1        716                  0                  0                  0                  0        88639.39661                  0         34.7526808        212.6401694
          1        717                  0                  0                  0                  0        88763.31219                  0         34.7526808        212.6401694
          1        718                  0                  0                  0                  0        88887.22777                  0         34.7526808        212.6401694
          1        719                  0                  0                  0                  0        89011.14335                  0         34.7526808        212.6401694
          1        720                  0                  0                  0                  0        89135.05893                  0         34.7526808        212.6401694
          1        721                  0                  0                  0                  0         89258.9745                  0         34.7526808        212.6401694
          1        722                  0                  0                  0                  0        89382.89008                  0         34.7526808        212.6401694
          1        723                  0                  0                  0                  0        89506.80566                  0         34.7526808        212.6401694
          1        724                  0                  0                  0                  0        89630.72124                  0         34.7526808        212.6401694
          1        725                  0                  0                  0                  0        89754.63682                  0         34.7526808        212.6401694
          1        726                  0                  0                  0                  0         89878.5524                  0         34.7526808        212.6401694
          1        727                  0                  0                  0                  0        90002.46798                  0         34.7526808        212.6401694
          1        728                  0                  0                  0                  0        90126.38356                  0         34.7526808        212.6401694
          1        729                  0                  0                  0                  0        90250.29914                  0         34.7526808        212.6401694
          1        730                  0                  0                  0                  0        90374.21471                  0         34.7526808        212.6401694
          1        731                  0                  0                  0                  0        90498.13029                  0         34.7526808        212.6401694
          1        732                  0                  0                  0                  0        90622.04587                  0         34.7526808        212.6401694
          1        733                  0                  0                  0                  0        90745.96145                  0         34.7526808        212.6401694
          1        734                  0                  0                  0                  0        90869.87703                  0         34.7526808        212.6401694
          1        735                  0                  0                  0                  0        90993.79261                  0         34.7526808        212.6401694
          1        736                  0                  0                  0                  0        91117.70819                  0         34.7526808        212.6401694
          1        737                  0                  0                  0                  0        91241.62377                  0         34.7526808        212.6401694
          1        738                  0                  0                  0                  0        91365.53935                  0         34.7526808        212.6401694
          1        739                  0                  0                  0                  0        91489.45492                  0         34.7526808        212.6401694
          1        740                  0                  0                  0                  0         91613.3705                  0         34.7526808        212.6401694
          1        741                  0                  0                  0                  0        91737.28608                  0         34.7526808        212.6401694
          1        742                  0                  0                  0                  0        91861.20166                  0         34.7526808        212.6401694
          1        743                  0                  0                  0                  0        91985.11724                  0         34.7526808        212.6401694
          1        744                  0                  0                  0                  0        92109.03282                  0         34.7526808        212.6401694
          1        745                  0                  0                  0                  0         92232.9484                  0         34.7526808        212.6401694
          1        746                  0                  0                  0                  0        92356.86398                  0         34.7526808        212.6401694
          1        747                  0                  0                  0                  0        92480.77956                  0         34.7526808        212.6401694
          1        748                  0                  0                  0                  0        92604.69513                  0         34.7526808        212.6401694
          1        749                  0                  0                  0                  0        92728.61071                  0         34.7526808        212.6401694
          1        750                  0                  0                  0                  0        92852.52629                  0         34.7526808        212.6401694
          1        751                  0                  0                  0                  0        92976.44187                  0         34.7526808        212.6401694
          1        752                  0                  0                  0                  0        93100.35745                  0         34.7526808        212.6401694
          1        753                  0                  0                  0                  0        93224.27303                  0         34.7526808        212.6401694
          1        754                  0                  0                  0                  0        93348.18861                  0         34.7526808        212.6401694
          1        755                  0                  0                  0                  0        93472.10419                  0         34.7526808        212.6401694
          1        756                  0                  0                  0                  0        93596.01977                  0         34.7526808        212.6401694
          1        757                  0                  0                  0                  0        93719.93534                  0         34.7526808        212.6401694
          1        758                  0                  0                  0                  0        93843.85092                  0         34.7526808        212.6401694
          1        759                  0                  0                  0                  0         93967.7665                  0         34.7526808        212.6401694
          1        760                  0                  0                  0                  0        94091.68208                  0         34.7526808        212.6401694
          1        761                  0                  0                  0                  0        94215.59766                  0         34.7526808        212.6401694
          1        762                  0                  0                  0                  0        94339.51324                  0         34.7526808        212.6401694
          1        763                  0                  0                  0                  0        94463.42882                  0         34.7526808        212.6401694
          1        764                  0                  0                  0                  0         94587.3444                  0         34.7526808        212.6401694
          1        765                  0                  0                  0                  0        94711.25998                  0         34.7526808        212.6401694
          1        766                  0                  0                  0                  0        94835.17555                  0         34.7526808        212.6401694
          1        767                  0                  0                  0                  0        94959.09113                  0         34.7526808        212.6401694
          1        768                  0                  0                  0                  0        95083.00671                  0         34.7526808        212.6401694
          1        769                  0                  0                  0                  0        95206.92229                  0         34.7526808        212.6401694
          1        770                  0                  0                  0                  0        95330.83787                  0         34.7526808        212.6401694
          1        771                  0                  0                  0                  0        95454.75345                  0         34.7526808        212.6401694
          1        772                  0                  0                  0                  0        95578.66903                  0         34.7526808        212.6401694
          1        773                  0                  0                  0                  0        95702.58461                  0         34.7526808        212.6401694
          1        774                  0                  0                  0                  0        95826.50019                  0         34.7526808        212.6401694
          1        775                  0                  0                  0                  0        95950.41577                  0         34.7526808        212.6401694
          1        776                  0                  0                  0                  0        96074.33134                  0         34.7526808        212.6401694
          1        777                  0                  0                  0                  0        96198.24692                  0         34.7526808        212.6401694
          1        778                  0                  0                  0                  0         96322.1625                  0         34.7526808        212.6401694
          1        779                  0                  0                  0                  0        96446.07808                  0         34.7526808        212.6401694
          1        780                  0                  0                  0                  0        96569.99366                  0         34.7526808        212.6401694
          1        781                  0                  0                  0                  0        96693.90924                  0         34.7526808        212.6401694
          1        782                  0                  0                  0                  0        96817.82482                  0         34.7526808        212.6401694
          1        783                  0                  0                  0                  0         96941.7404                  0         34.7526808        212.6401694
          1        784                  0                  0                  0                  0        97065.65598                  0         34.7526808        212.6401694
          1        785                  0                  0                  0                  0        97189.57155                  0         34.7526808        212.6401694
          1        786                  0                  0                  0                  0        97313.48713                  0         34.7526808        212.6401694
          1        787                  0                  0                  0                  0        97437.40271                  0         34.7526808        212.6401694
          1        788                  0                  0                  0                  0        97561.31829                  0         34.7526808        212.6401694
          1        789                  0                  0                  0                  0        97685.23387                  0         34.7526808        212.6401694
          1        790                  0                  0                  0                  0        97809.14945                  0         34.7526808        212.6401694
          1        791                  0                  0                  0                  0        97933.06503                  0         34.7526808        212.6401694
          1        792                  0                  0                  0                  0        98056.98061                  0         34.7526808        212.6401694
          1        793                  0                  0                  0                  0        98180.89619                  0         34.7526808        212.6401694
          1        794                  0                  0                  0                  0        98304.81176                  0         34.7526808        212.6401694
          1        795                  0                  0                  0                  0        98428.72734                  0         34.7526808        212.6401694
          1        796                  0                  0                  0                  0        98552.64292                  0         34.7526808        212.6401694
          1        797                  0                  0                  0                  0         98676.5585                  0         34.7526808        212.6401694
          1        798                  0                  0                  0                  0        98800.47408                  0         34.7526808        212.6401694
          1        799                  0                  0                  0                  0        98924.38966                  0         34.7526808        212.6401694
          1        800                  0                  0                  0                  0        99048.30524                  0         34.7526808        212.6401694
          1        801                  0                  0                  0                  0        99172.22082                  0         34.7526808        212.6401694
          1        802                  0                  0                  0                  0         99296.1364                  0         34.7526808        212.6401694
          1        803                  0                  0                  0                  0        99420.05197                  0         34.7526808        212.6401694
          1        804                  0                  0                  0                  0        99543.96755                  0         34.7526808        212.6401694
          1        805                  0                  0                  0                  0        99667.88313                  0         34.7526808        212.6401694
          1        806                  0                  0                  0                  0        99791.79871                  0         34.7526808        212.6401694
          1        807                  0                  0                  0                  0        99915.71429                  0         34.7526808        212.6401694
          1        808                  0                  0                  0                  0        100039.6299                  0         34.7526808        212.6401694
          1        809                  0                  0                  0                  0        100163.5454                  0         34.7526808        212.6401694
          1        810                  0                  0                  0                  0         100287.461                  0         34.7526808        212.6401694
          1        811                  0                  0                  0                  0        100411.3766                  0         34.7526808        212.6401694
          1        812                  0                  0                  0                  0        100535.2922                  0         34.7526808        212.6401694
          1        813                  0                  0                  0                  0        100659.2078                  0         34.7526808        212.6401694
          1        814                  0                  0                  0                  0        100783.1233                  0         34.7526808        212.6401694
          1        815                  0                  0                  0                  0        100907.0389                  0         34.7526808        212.6401694
          1        816                  0                  0                  0                  0        101030.9545                  0         34.7526808        212.6401694
          1        817                  0                  0                  0                  0        101154.8701                  0         34.7526808        212.6401694
          1        818                  0                  0                  0                  0        101278.7857                  0         34.7526808        212.6401694
          1        819                  0                  0                  0                  0        101402.7012                  0         34.7526808        212.6401694
          1        820                  0                  0                  0                  0        101526.6168                  0         34.7526808        212.6401694
          1        821                  0                  0                  0                  0        101650.5324                  0         34.7526808        212.6401694
          1        822                  0                  0                  0                  0         101774.448                  0         34.7526808        212.6401694
          1        823                  0                  0                  0                  0        101898.3636                  0         34.7526808        212.6401694
          1        824                  0                  0                  0                  0        102022.2791                  0         34.7526808        212.6401694
          1        825                  0                  0                  0                  0        102146.1947                  0         34.7526808        212.6401694
          1        826                  0                  0                  0                  0        102270.1103                  0         34.7526808        212.6401694
          1        827                  0                  0                  0                  0        102394.0259                  0         34.7526808        212.6401694
          1        828                  0                  0                  0                  0        102517.9414                  0         34.7526808        212.6401694
          1        829                  0                  0                  0                  0         102641.857                  0         34.7526808        212.6401694
          1        830                  0                  0                  0                  0        102765.7726                  0         34.7526808        212.6401694
          1        831                  0                  0                  0                  0        102889.6882                  0         34.7526808        212.6401694
          1        832                  0                  0                  0                  0        103013.6038                  0         34.7526808        212.6401694
          1        833                  0                  0                  0                  0        103137.5193                  0         34.7526808        212.6401694
          1        834                  0                  0                  0                  0        103261.4349                  0         34.7526808        212.6401694
          1        835                  0                  0                  0                  0        103385.3505                  0         34.7526808        212.6401694
          1        836                  0                  0                  0                  0        103509.2661                  0         34.7526808        212.6401694
          1        837                  0                  0                  0                  0        103633.1817                  0         34.7526808        212.6401694
          1        838                  0                  0                  0                  0        103757.0972                  0         34.7526808        212.6401694
          1        839                  0                  0                  0                  0        103881.0128                  0         34.7526808        212.6401694
          1        840                  0                  0                  0                  0        104004.9284                  0         34.7526808        212.6401694
          1        841                  0                  0                  0                  0         104128.844                  0         34.7526808        212.6401694
          1        842                  0                  0                  0                  0        104252.7596                  0         34.7526808        212.6401694
          1        843                  0                  0                  0                  0        104376.6751                  0         34.7526808        212.6401694
          1        844                  0                  0                  0                  0        104500.5907                  0         34.7526808        212.6401694
          1        845                  0                  0                  0                  0        104624.5063                  0         34.7526808        212.6401694
          1        846                  0                  0                  0                  0        104748.4219                  0         34.7526808        212.6401694
          1        847                  0                  0                  0                  0        104872.3374                  0         34.7526808        212.6401694
          1        848                  0                  0                  0                  0         104996.253                  0         34.7526808        212.6401694
          1        849                  0                  0                  0                  0        105120.1686                  0         34.7526808        212.6401694
          1        850                  0                  0                  0                  0        105244.0842                  0         34.7526808        212.6401694
          1        851                  0                  0                  0                  0        105367.9998                  0         34.7526808        212.6401694
          1        852                  0                  0                  0                  0        105491.9153                  0         34.7526808        212.6401694
          1        853                  0                  0                  0                  0        105615.8309                  0         34.7526808        212.6401694
          1        854                  0                  0                  0                  0        105739.7465                  0         34.7526808        212.6401694
          1        855                  0                  0                  0                  0        105863.6621                  0         34.7526808        212.6401694
          1        856                  0                  0                  0                  0        105987.5777                  0         34.7526808        212.6401694
          1        857                  0                  0                  0                  0        106111.4932                  0         34.7526808        212.6401694
          1        858                  0                  0                  0                  0        106235.4088                  0         34.7526808        212.6401694
          1        859                  0                  0                  0                  0        106359.3244                  0         34.7526808        212.6401694
          1        860                  0                  0                  0                  0          106483.24                  0         34.7526808        212.6401694
          1        861                  0                  0                  0                  0        106607.1556                  0         34.7526808        212.6401694
          1        862                  0                  0                  0                  0        106731.0711                  0         34.7526808        212.6401694
          1        863                  0                  0                  0                  0        106854.9867                  0         34.7526808        212.6401694
          1        864                  0                  0                  0                  0        106978.9023                  0         34.7526808        212.6401694
          1        865                  0                  0                  0                  0        107102.8179                  0         34.7526808        212.6401694
          1        866                  0                  0                  0                  0        107226.7334                  0         34.7526808        212.6401694
          1        867                  0                  0                  0                  0         107350.649                  0         34.7526808        212.6401694
          1        868                  0                  0                  0                  0        107474.5646                  0         34.7526808        212.6401694
          1        869                  0                  0                  0                  0        107598.4802                  0         34.7526808        212.6401694
          1        870                  0                  0                  0                  0        107722.3958                  0         34.7526808        212.6401694
          1        871                  0                  0                  0                  0        107846.3113                  0         34.7526808        212.6401694
          1        872                  0                  0                  0                  0        107970.2269                  0         34.7526808        212.6401694
          1        873                  0                  0                  0                  0        108094.1425                  0         34.7526808        212.6401694
          1        874                  0                  0                  0                  0        108218.0581                  0         34.7526808        212.6401694
          1        875                  0                  0                  0                  0        108341.9737                  0         34.7526808        212.6401694
          1        876                  0                  0                  0                  0        108465.8892                  0         34.7526808        212.6401694
          1        877                  0                  0                  0                  0        108589.8048                  0         34.7526808        212.6401694
          1        878                  0                  0                  0                  0        108713.7204                  0         34.7526808        212.6401694
          1        879                  0                  0                  0                  0         108837.636                  0         34.7526808        212.6401694
          1        880                  0                  0                  0                  0        108961.5515                  0         34.7526808        212.6401694
          1        881                  0                  0                  0                  0        109085.4671                  0         34.7526808        212.6401694
          1        882                  0                  0                  0                  0        109209.3827                  0         34.7526808        212.6401694
          1        883                  0                  0                  0                  0        109333.2983                  0         34.7526808        212.6401694
          1        884                  0                  0                  0                  0        109457.2139                  0         34.7526808        212.6401694
          1        885                  0                  0                  0                  0        109581.1294                  0         34.7526808        212.6401694
          1        886                  0                  0                  0                  0         109705.045                  0         34.7526808        212.6401694
          1        887                  0                  0                  0                  0        109828.9606                  0         34.7526808        212.6401694
          1        888                  0                  0                  0                  0        109952.8762                  0         34.7526808        212.6401694
          1        889                  0                  0                  0                  0        110076.7918                  0         34.7526808        212.6401694
          1        890                  0                  0                  0                  0        110200.7073                  0         34.7526808        212.6401694
          1        891                  0                  0                  0                  0        110324.6229                  0         34.7526808        212.6401694
          1        892                  0                  0                  0                  0        110448.5385                  0         34.7526808        212.6401694
          1        893                  0                  0                  0                  0        110572.4541                  0         34.7526808        212.6401694
          1        894                  0                  0                  0                  0        110696.3697                  0         34.7526808        212.6401694
          1        895                  0                  0                  0                  0        110820.2852                  0         34.7526808        212.6401694
          1        896                  0                  0                  0                  0        110944.2008                  0         34.7526808        212.6401694
          1        897                  0                  0                  0                  0        111068.1164                  0         34.7526808        212.6401694
          1        898                  0                  0                  0                  0         111192.032                  0         34.7526808        212.6401694
          1        899                  0                  0                  0                  0        111315.9475                  0         34.7526808        212.6401694
          1        900                  0                  0                  0                  0        111439.8631                  0         34.7526808        212.6401694
          1        901                  0                  0                  0                  0        111563.7787                  0         34.7526808        212.6401694
          1        902                  0                  0                  0                  0        111687.6943                  0         34.7526808        212.6401694
          1        903                  0                  0                  0                  0        111811.6099                  0         34.7526808        212.6401694
          1        904                  0                  0                  0                  0        111935.5254                  0         34.7526808        212.6401694
          1        905                  0                  0                  0                  0         112059.441                  0         34.7526808        212.6401694
          1        906                  0                  0                  0                  0        112183.3566                  0         34.7526808        212.6401694
          1        907                  0                  0                  0                  0        112307.2722                  0         34.7526808        212.6401694
          1        908                  0                  0                  0                  0        112431.1878                  0         34.7526808        212.6401694
          1        909                  0                  0                  0                  0        112555.1033                  0         34.7526808        212.6401694
          1        910                  0                  0                  0                  0        112679.0189                  0         34.7526808        212.6401694
          1        911                  0                  0                  0                  0        112802.9345                  0         34.7526808        212.6401694
          1        912                  0                  0                  0                  0        112926.8501                  0         34.7526808        212.6401694
          1        913                  0                  0                  0                  0        113050.7657                  0         34.7526808        212.6401694
          1        914                  0                  0                  0                  0        113174.6812                  0         34.7526808        212.6401694
          1        915                  0                  0                  0                  0        113298.5968                  0         34.7526808        212.6401694
          1        916                  0                  0                  0                  0        113422.5124                  0         34.7526808        212.6401694
          1        917                  0                  0                  0                  0         113546.428                  0         34.7526808        212.6401694
          1        918                  0                  0                  0                  0        113670.3435                  0         34.7526808        212.6401694
          1        919                  0                  0                  0                  0        113794.2591                  0         34.7526808        212.6401694
          1        920                  0                  0                  0                  0        113918.1747                  0         34.7526808        212.6401694
          1        921                  0                  0                  0                  0        114042.0903                  0         34.7526808        212.6401694
          1        922                  0                  0                  0                  0        114166.0059                  0         34.7526808        212.6401694
          1        923                  0                  0                  0                  0        114289.9214                  0         34.7526808        212.6401694
          1        924                  0                  0                  0                  0         114413.837                  0         34.7526808        212.6401694
          1        925                  0                  0                  0                  0        114537.7526                  0         34.7526808        212.6401694
          1        926                  0                  0                  0                  0        114661.6682                  0         34.7526808        212.6401694
          1        927                  0                  0                  0                  0        114785.5838                  0         34.7526808        212.6401694
          1        928                  0                  0                  0                  0        114909.4993                  0         34.7526808        212.6401694
          1        929                  0                  0                  0                  0        115033.4149                  0         34.7526808        212.6401694
          1        930                  0                  0                  0                  0        115157.3305                  0         34.7526808        212.6401694
          1        931                  0                  0                  0                  0        115281.2461                  0         34.7526808        212.6401694
          1        932                  0                  0                  0                  0        115405.1617                  0         34.7526808        212.6401694
          1        933                  0                  0                  0                  0        115529.0772                  0         34.7526808        212.6401694
          1        934                  0                  0                  0                  0        115652.9928                  0         34.7526808        212.6401694
          1        935                  0                  0                  0                  0        115776.9084                  0         34.7526808        212.6401694
          1        936                  0                  0                  0                  0         115900.824                  0         34.7526808        212.6401694
          1        937                  0                  0                  0                  0        116024.7395                  0         34.7526808        212.6401694
          1        938                  0                  0                  0                  0        116148.6551                  0         34.7526808        212.6401694
          1        939                  0                  0                  0                  0        116272.5707                  0         34.7526808        212.6401694
          1        940                  0                  0                  0                  0        116396.4863                  0         34.7526808        212.6401694
          1        941                  0                  0                  0                  0        116520.4019                  0         34.7526808        212.6401694
          1        942                  0                  0                  0                  0        116644.3174                  0         34.7526808        212.6401694
          1        943                  0                  0                  0                  0         116768.233                  0         34.7526808        212.6401694
          1        944                  0                  0                  0                  0        116892.1486                  0         34.7526808        212.6401694
          1        945                  0                  0                  0                  0        117016.0642                  0         34.7526808        212.6401694
          1        946                  0                  0                  0                  0        117139.9798                  0         34.7526808        212.6401694
          1        947                  0                  0                  0                  0        117263.8953                  0         34.7526808        212.6401694
          1        948                  0                  0                  0                  0        117387.8109                  0         34.7526808        212.6401694
          1        949                  0                  0                  0                  0        117511.7265                  0         34.7526808        212.6401694
          1        950                  0                  0                  0                  0        117635.6421                  0         34.7526808        212.6401694
          1        951                  0                  0                  0                  0        117759.5577                  0         34.7526808        212.6401694
          1        952                  0                  0                  0                  0        117883.4732                  0         34.7526808        212.6401694
          1        953                  0                  0                  0                  0        118007.3888                  0         34.7526808        212.6401694
          1        954                  0                  0                  0                  0        118131.3044                  0         34.7526808        212.6401694
          1        955                  0                  0                  0                  0          118255.22                  0         34.7526808        212.6401694
          1        956                  0                  0                  0                  0        118379.1355                  0         34.7526808        212.6401694
          1        957                  0                  0                  0                  0        118503.0511                  0         34.7526808        212.6401694
          1        958                  0                  0                  0                  0        118626.9667                  0         34.7526808        212.6401694
          1        959                  0                  0                  0                  0        118750.8823                  0         34.7526808        212.6401694
          1        960                  0                  0                  0                  0        118874.7979                  0         34.7526808        212.6401694
          1        961                  0                  0                  0                  0        118998.7134                  0         34.7526808        212.6401694
          1        962                  0                  0                  0                  0         119122.629                  0         34.7526808        212.6401694
          1        963                  0                  0                  0                  0        119246.5446                  0         34.7526808        212.6401694
          1        964                  0                  0                  0                  0        119370.4602                  0         34.7526808        212.6401694
          1        965                  0                  0                  0                  0        119494.3758                  0         34.7526808        212.6401694
          1        966                  0                  0                  0                  0        119618.2913                  0         34.7526808        212.6401694
          1        967                  0                  0                  0                  0        119742.2069                  0         34.7526808        212.6401694
          1        968                  0                  0                  0                  0        119866.1225                  0         34.7526808        212.6401694
          1        969                  0                  0                  0                  0        119990.0381                  0         34.7526808        212.6401694
          1        970                  0                  0                  0                  0        120113.9537                  0         34.7526808        212.6401694
          1        971                  0                  0                  0                  0        120237.8692                  0         34.7526808        212.6401694
          1        972                  0                  0                  0                  0        120361.7848                  0         34.7526808        212.6401694
          1        973                  0                  0                  0                  0        120485.7004                  0         34.7526808        212.6401694
          1        974                  0                  0                  0                  0         120609.616                  0         34.7526808        212.6401694
          1        975                  0                  0                  0                  0        120733.5315                  0         34.7526808        212.6401694
          1        976                  0                  0                  0                  0        120857.4471                  0         34.7526808        212.6401694
          1        977                  0                  0                  0                  0        120981.3627                  0         34.7526808        212.6401694
          1        978                  0                  0                  0                  0        121105.2783                  0         34.7526808        212.6401694
          1        979                  0                  0                  0                  0        121229.1939                  0         34.7526808        212.6401694
          1        980                  0                  0                  0                  0        121353.1094                  0         34.7526808        212.6401694
          1        981                  0                  0                  0                  0         121477.025                  0         34.7526808        212.6401694
          1        982                  0                  0                  0                  0        121600.9406                  0         34.7526808        212.6401694
          1        983                  0                  0                  0                  0        121724.8562                  0         34.7526808        212.6401694
          1        984                  0                  0                  0                  0        121848.7718                  0         34.7526808        212.6401694
          1        985                  0                  0                  0                  0        121972.6873                  0         34.7526808        212.6401694
          1        986                  0                  0                  0                  0        122096.6029                  0         34.7526808        212.6401694
          1        987                  0                  0                  0                  0        122220.5185                  0         34.7526808        212.6401694
          1        988                  0                  0                  0                  0        122344.4341                  0         34.7526808        212.6401694
          1        989                  0                  0                  0                  0        122468.3496                  0         34.7526808        212.6401694
          1        990                  0                  0                  0                  0        122592.2652                  0         34.7526808        212.6401694
          1        991                  0                  0                  0                  0        122716.1808                  0         34.7526808        212.6401694
          1        992                  0                  0                  0                  0        122840.0964                  0         34.7526808        212.6401694
          1        993                  0                  0                  0                  0         122964.012                  0         34.7526808        212.6401694
          1        994                  0                  0                  0                  0        123087.9275                  0         34.7526808        212.6401694
          1        995                  0                  0                  0                  0        123211.8431                  0         34.7526808        212.6401694
          1        996                  0                  0                  0                  0        123335.7587                  0         34.7526808        212.6401694
          1        997                  0                  0                  0                  0        123459.6743                  0         34.7526808        212.6401694
          1        998                  0                  0                  0                  0        123583.5899                  0         34.7526808        212.6401694
          1        999                  0                  0                  0                  0        123707.5054                  0         34.7526808        212.6401694
          1       1000                  0                  0                  0                  0         123831.421                  0         34.7526808        212.6401694
          1       1001                  0                  0                  0                  0        123955.3366                  0         34.7526808        212.6401694
          1       1002                  0                  0                  0                  0        124079.2522                  0         34.7526808        212.6401694
          1       1003                  0                  0                  0                  0        124203.1678                  0         34.7526808        212.6401694
          1       1004                  0                  0                  0                  0        124327.0833                  0         34.7526808        212.6401694
          1       1005                  0                  0                  0                  0        124450.9989                  0         34.7526808        212.6401694
          1       1006                  0                  0                  0                  0        124574.9145                  0         34.7526808        212.6401694
          1       1007                  0                  0                  0                  0        124698.8301                  0         34.7526808        212.6401694
          1       1008                  0                  0                  0                  0        124822.7456                  0         34.7526808        212.6401694
          1       1009                  0                  0                  0                  0        124946.6612                  0         34.7526808        212.6401694
          1       1010                  0                  0                  0                  0        125070.5768                  0         34.7526808        212.6401694
          1       1011                  0                  0                  0                  0        125194.4924                  0         34.7526808        212.6401694
          1       1012                  0                  0                  0                  0         125318.408                  0         34.7526808        212.6401694
          1       1013                  0                  0                  0                  0        125442.3235                  0         34.7526808        212.6401694
          1       1014                  0                  0                  0                  0        125566.2391                  0         34.7526808        212.6401694
          1       1015                  0                  0                  0                  0        125690.1547                  0         34.7526808        212.6401694
          1       1016                  0                  0                  0                  0        125814.0703                  0         34.7526808        212.6401694
          1       1017                  0                  0                  0                  0        125937.9859                  0         34.7526808        212.6401694
          1       1018                  0                  0                  0                  0        126061.9014                  0         34.7526808        212.6401694
          1       1019                  0                  0                  0                  0         126185.817                  0         34.7526808        212.6401694
          1       1020                  0                  0                  0                  0        126309.7326                  0         34.7526808        212.6401694
          1       1021                  0                  0                  0                  0        126433.6482                  0         34.7526808        212.6401694
          1       1022                  0                  0                  0                  0        126557.5638                  0         34.7526808        212.6401694
          1       1023                  0                  0                  0                  0        126681.4793                  0         34.7526808        212.6401694
          1       1024                  0                  0                  0                  0        126805.3949                  0         34.7526808        212.6401694
          1       1025                  0                  0                  0                  0        126929.3105                  0         34.7526808        212.6401694
          1       1026                  0                  0                  0                  0        127053.2261                  0         34.7526808        212.6401694
          1       1027                  0                  0                  0                  0        127177.1416                  0         34.7526808        212.6401694
          1       1028                  0                  0                  0                  0        127301.0572                  0         34.7526808        212.6401694
          1       1029                  0                  0                  0                  0        127424.9728                  0         34.7526808        212.6401694
          1       1030                  0                  0                  0                  0        127548.8884                  0         34.7526808        212.6401694
          1       1031                  0                  0                  0                  0         127672.804                  0         34.7526808        212.6401694
          1       1032                  0                  0                  0                  0        127796.7195                  0         34.7526808        212.6401694
          1       1033                  0                  0                  0                  0        127920.6351                  0         34.7526808        212.6401694
          1       1034                  0                  0                  0                  0        128044.5507                  0         34.7526808        212.6401694
          1       1035                  0                  0                  0                  0        128168.4663                  0         34.7526808        212.6401694
          1       1036                  0                  0                  0                  0        128292.3819                  0         34.7526808        212.6401694
          1       1037                  0                  0                  0                  0        128416.2974                  0         34.7526808        212.6401694
          1       1038                  0                  0                  0                  0         128540.213                  0         34.7526808        212.6401694
          1       1039                  0                  0                  0                  0        128664.1286                  0         34.7526808        212.6401694
          1       1040                  0                  0                  0                  0        128788.0442                  0         34.7526808        212.6401694
          1       1041                  0                  0                  0                  0        128911.9598                  0         34.7526808        212.6401694
          1       1042                  0                  0                  0                  0        129035.8753                  0         34.7526808        212.6401694
          1       1043                  0                  0                  0                  0        129159.7909                  0         34.7526808        212.6401694
          1       1044                  0                  0                  0                  0        129283.7065                  0         34.7526808        212.6401694
          1       1045                  0                  0                  0                  0        129407.6221                  0         34.7526808        212.6401694
          1       1046                  0                  0                  0                  0        129531.5376                  0         34.7526808        212.6401694
          1       1047                  0                  0                  0                  0        129655.4532                  0         34.7526808        212.6401694
          1       1048                  0                  0                  0                  0        129779.3688                  0         34.7526808        212.6401694
          1       1049                  0                  0                  0                  0        129903.2844                  0         34.7526808        212.6401694
          1       1050                  0                  0                  0                  0           130027.2                  0         34.7526808        212.6401694
          1       1051                  0                  0                  0                  0        130151.1155                  0         34.7526808        212.6401694
          1       1052                  0                  0                  0                  0        130275.0311                  0         34.7526808        212.6401694
          1       1053                  0                  0                  0                  0        130398.9467                  0         34.7526808        212.6401694
          1       1054                  0                  0                  0                  0        130522.8623                  0         34.7526808        212.6401694
          1       1055                  0                  0                  0                  0        130646.7779                  0         34.7526808        212.6401694
          1       1056                  0                  0                  0                  0        130770.6934                  0         34.7526808        212.6401694
          1       1057                  0                  0                  0                  0         130894.609                  0         34.7526808        212.6401694
          1       1058                  0                  0                  0                  0        131018.5246                  0         34.7526808        212.6401694
          1       1059                  0                  0                  0                  0        131142.4402                  0         34.7526808        212.6401694
          1       1060                  0                  0                  0                  0        131266.3558                  0         34.7526808        212.6401694
          1       1061                  0                  0                  0                  0        131390.2713                  0         34.7526808        212.6401694
          1       1062                  0                  0                  0                  0        131514.1869                  0         34.7526808        212.6401694
          1       1063                  0                  0                  0                  0        131638.1025                  0         34.7526808        212.6401694
          1       1064                  0                  0                  0                  0        131762.0181                  0         34.7526808        212.6401694
          1       1065                  0                  0                  0                  0        131885.9336                  0         34.7526808        212.6401694
          1       1066                  0                  0                  0                  0        132009.8492                  0         34.7526808        212.6401694
          1       1067                  0                  0                  0                  0        132133.7648                  0         34.7526808        212.6401694
          1       1068                  0                  0                  0                  0        132257.6804                  0         34.7526808        212.6401694
          1       1069                  0                  0                  0                  0         132381.596                  0         34.7526808        212.6401694
          1       1070                  0                  0                  0                  0        132505.5115                  0         34.7526808        212.6401694
          1       1071                  0                  0                  0                  0        132629.4271                  0         34.7526808        212.6401694
          1       1072                  0                  0                  0                  0        132753.3427                  0         34.7526808        212.6401694
          1       1073                  0                  0                  0                  0        132877.2583                  0         34.7526808        212.6401694
          1       1074                  0                  0                  0                  0        133001.1739                  0         34.7526808        212.6401694
          1       1075                  0                  0                  0                  0        133125.0894                  0         34.7526808        212.6401694
          1       1076                  0                  0                  0                  0         133249.005                  0         34.7526808        212.6401694
          1       1077                  0                  0                  0                  0        133372.9206                  0         34.7526808        212.6401694
          1       1078                  0                  0                  0                  0        133496.8362                  0         34.7526808        212.6401694
          1       1079                  0                  0                  0                  0        133620.7518                  0         34.7526808        212.6401694
          1       1080                  0                  0                  0                  0        133744.6673                  0         34.7526808        212.6401694
          1       1081                  0                  0                  0                  0        133868.5829                  0         34.7526808        212.6401694
          1       1082                  0                  0                  0                  0        133992.4985                  0         34.7526808        212.6401694
          1       1083                  0                  0                  0                  0        134116.4141                  0         34.7526808        212.6401694
          1       1084                  0                  0                  0                  0        134240.3296                  0         34.7526808        212.6401694
          1       1085                  0                  0                  0                  0        134364.2452                  0         34.7526808        212.6401694
          1       1086                  0                  0                  0                  0        134488.1608                  0         34.7526808        212.6401694
          1       1087                  0                  0                  0                  0        134612.0764                  0         34.7526808        212.6401694
          1       1088                  0                  0                  0                  0         134735.992                  0         34.7526808        212.6401694
          1       1089                  0                  0                  0                  0        134859.9075                  0         34.7526808        212.6401694
          1       1090                  0                  0                  0                  0        134983.8231                  0         34.7526808        212.6401694
          1       1091                  0                  0                  0                  0        135107.7387                  0         34.7526808        212.6401694
          1       1092                  0                  0                  0                  0        135231.6543                  0         34.7526808        212.6401694
          1       1093                  0                  0                  0                  0        135355.5699                  0         34.7526808        212.6401694
          1       1094                  0                  0                  0                  0        135479.4854                  0         34.7526808        212.6401694
          1       1095                  0                  0                  0                  0         135603.401                  0         34.7526808        212.6401694
          1       1096                  0                  0                  0                  0        135727.3166                  0         34.7526808        212.6401694
          1       1097                  0                  0                  0                  0        135851.2322                  0         34.7526808        212.6401694
          1       1098                  0                  0                  0                  0        135975.1477                  0         34.7526808        212.6401694
          1       1099                  0                  0                  0                  0        136099.0633                  0         34.7526808        212.6401694
          1       1100                  0                  0                  0                  0        136222.9789                  0         34.7526808        212.6401694
          1       1101                  0                  0                  0                  0        136346.8945                  0         34.7526808        212.6401694
          1       1102                  0                  0                  0                  0        136470.8101                  0         34.7526808        212.6401694
          1       1103                  0                  0                  0                  0        136594.7256                  0         34.7526808        212.6401694
          1       1104                  0                  0                  0                  0        136718.6412                  0         34.7526808        212.6401694
          1       1105                  0                  0                  0                  0        136842.5568                  0         34.7526808        212.6401694
          1       1106                  0                  0                  0                  0        136966.4724                  0         34.7526808        212.6401694
          1       1107                  0                  0                  0                  0         137090.388                  0         34.7526808        212.6401694
          1       1108                  0                  0                  0                  0        137214.3035                  0         34.7526808        212.6401694
          1       1109                  0                  0                  0                  0        137338.2191                  0         34.7526808        212.6401694
          1       1110                  0                  0                  0                  0        137462.1347                  0         34.7526808        212.6401694
          1       1111                  0                  0                  0                  0        137586.0503                  0         34.7526808        212.6401694
          1       1112                  0                  0                  0                  0        137709.9659                  0         34.7526808        212.6401694
          1       1113                  0                  0                  0                  0        137833.8814                  0         34.7526808        212.6401694
          1       1114                  0                  0                  0                  0         137957.797                  0         34.7526808        212.6401694
          1       1115                  0                  0                  0                  0        138081.7126                  0         34.7526808        212.6401694
          1       1116                  0                  0                  0                  0        138205.6282                  0         34.7526808        212.6401694
          1       1117                  0                  0                  0                  0        138329.5437                  0         34.7526808        212.6401694
          1       1118                  0                  0                  0                  0        138453.4593                  0         34.7526808        212.6401694
          1       1119                  0                  0                  0                  0        138577.3749                  0         34.7526808        212.6401694
          1       1120                  0                  0                  0                  0        138701.2905                  0         34.7526808        212.6401694
          1       1121                  0                  0                  0                  0        138825.2061                  0         34.7526808        212.6401694
          1       1122                  0                  0                  0                  0        138949.1216                  0         34.7526808        212.6401694
          1       1123                  0                  0                  0                  0        139073.0372                  0         34.7526808        212.6401694
          1       1124                  0                  0                  0                  0        139196.9528                  0         34.7526808        212.6401694
          1       1125                  0                  0                  0                  0        139320.8684                  0         34.7526808        212.6401694
          1       1126                  0                  0                  0                  0         139444.784                  0         34.7526808        212.6401694
          1       1127                  0                  0                  0                  0        139568.6995                  0         34.7526808        212.6401694
          1       1128                  0                  0                  0                  0        139692.6151                  0         34.7526808        212.6401694
          1       1129                  0                  0                  0                  0        139816.5307                  0         34.7526808        212.6401694
          1       1130                  0                  0                  0                  0        139940.4463                  0         34.7526808        212.6401694
          1       1131                  0                  0                  0                  0        140064.3619                  0         34.7526808        212.6401694
          1       1132                  0                  0                  0                  0        140188.2774                  0         34.7526808        212.6401694
          1       1133                  0                  0                  0                  0         140312.193                  0         34.7526808        212.6401694
          1       1134                  0                  0                  0                  0        140436.1086                  0         34.7526808        212.6401694
          1       1135                  0                  0                  0                  0        140560.0242                  0         34.7526808        212.6401694
          1       1136                  0                  0                  0                  0        140683.9397                  0         34.7526808        212.6401694
          1       1137                  0                  0                  0                  0        140807.8553                  0         34.7526808        212.6401694
          1       1138                  0                  0                  0                  0        140931.7709                  0         34.7526808        212.6401694
          1       1139                  0                  0                  0                  0        141055.6865                  0         34.7526808        212.6401694
          1       1140                  0                  0                  0                  0        141179.6021                  0         34.7526808        212.6401694
          1       1141                  0                  0                  0                  0        141303.5176                  0         34.7526808        212.6401694
          1       1142                  0                  0                  0                  0        141427.4332                  0         34.7526808        212.6401694
          1       1143                  0                  0                  0                  0        141551.3488                  0         34.7526808        212.6401694
          1       1144                  0                  0                  0                  0        141675.2644                  0         34.7526808        212.6401694
          1       1145                  0                  0                  0                  0          141799.18                  0         34.7526808        212.6401694
          1       1146                  0                  0                  0                  0        141923.0955                  0         34.7526808        212.6401694
          1       1147                  0                  0                  0                  0        142047.0111                  0         34.7526808        212.6401694
          1       1148                  0                  0                  0                  0        142170.9267                  0         34.7526808        212.6401694
          1       1149                  0                  0                  0                  0        142294.8423                  0         34.7526808        212.6401694
          1       1150                  0                  0                  0                  0        142418.7579                  0         34.7526808        212.6401694
          1       1151                  0                  0                  0                  0        142542.6734                  0         34.7526808        212.6401694
          1       1152                  0                  0                  0                  0         142666.589                  0         34.7526808        212.6401694
          1       1153                  0                  0                  0                  0        142790.5046                  0         34.7526808        212.6401694
          1       1154                  0                  0                  0                  0        142914.4202                  0         34.7526808        212.6401694
          1       1155                  0                  0                  0                  0        143038.3357                  0         34.7526808        212.6401694
          1       1156                  0                  0                  0                  0        143162.2513                  0         34.7526808        212.6401694
          1       1157                  0                  0                  0                  0        143286.1669                  0         34.7526808        212.6401694
          1       1158                  0                  0                  0                  0        143410.0825                  0         34.7526808        212.6401694
          1       1159                  0                  0                  0                  0        143533.9981                  0         34.7526808        212.6401694
          1       1160                  0                  0                  0                  0        143657.9136                  0         34.7526808        212.6401694
          1       1161                  0                  0                  0                  0        143781.8292                  0         34.7526808        212.6401694
          1       1162                  0                  0                  0                  0        143905.7448                  0         34.7526808        212.6401694
          1       1163                  0                  0                  0                  0        144029.6604                  0         34.7526808        212.6401694
          1       1164                  0                  0                  0                  0         144153.576                  0         34.7526808        212.6401694
          1       1165                  0                  0                  0                  0        144277.4915                  0         34.7526808        212.6401694
          1       1166                  0                  0                  0                  0        144401.4071                  0         34.7526808        212.6401694
          1       1167                  0                  0                  0                  0        144525.3227                  0         34.7526808        212.6401694
          1       1168                  0                  0                  0                  0        144649.2383                  0         34.7526808        212.6401694
          1       1169                  0                  0                  0                  0        144773.1539                  0         34.7526808        212.6401694
          1       1170                  0                  0                  0                  0        144897.0694                  0         34.7526808        212.6401694
          1       1171                  0                  0                  0                  0         145020.985                  0         34.7526808        212.6401694
          1       1172                  0                  0                  0                  0        145144.9006                  0         34.7526808        212.6401694
          1       1173                  0                  0                  0                  0        145268.8162                  0         34.7526808        212.6401694
          1       1174                  0                  0                  0                  0        145392.7317                  0         34.7526808        212.6401694
          1       1175                  0                  0                  0                  0        145516.6473                  0         34.7526808        212.6401694
          1       1176                  0                  0                  0                  0        145640.5629                  0         34.7526808        212.6401694
          1       1177                  0                  0                  0                  0        145764.4785                  0         34.7526808        212.6401694
          1       1178                  0                  0                  0                  0        145888.3941                  0         34.7526808        212.6401694
          1       1179                  0                  0                  0                  0        146012.3096                  0         34.7526808        212.6401694
          1       1180                  0                  0                  0                  0        146136.2252                  0         34.7526808        212.6401694
          1       1181                  0                  0                  0                  0        146260.1408                  0         34.7526808        212.6401694
          1       1182                  0                  0                  0                  0        146384.0564                  0         34.7526808        212.6401694
          1       1183                  0                  0                  0                  0         146507.972                  0         34.7526808        212.6401694
          1       1184                  0                  0                  0                  0        146631.8875                  0         34.7526808        212.6401694
          1       1185                  0                  0                  0                  0        146755.8031                  0         34.7526808        212.6401694
          1       1186                  0                  0                  0                  0        146879.7187                  0         34.7526808        212.6401694
          1       1187                  0                  0                  0                  0        147003.6343                  0         34.7526808        212.6401694
          1       1188                  0                  0                  0                  0        147127.5498                  0         34.7526808        212.6401694
          1       1189                  0                  0                  0                  0        147251.4654                  0         34.7526808        212.6401694
          1       1190                  0                  0                  0                  0         147375.381                  0         34.7526808        212.6401694
          1       1191                  0                  0                  0                  0        147499.2966                  0         34.7526808        212.6401694
          1       1192                  0                  0                  0                  0        147623.2122                  0         34.7526808        212.6401694
          1       1193                  0                  0                  0                  0        147747.1277                  0         34.7526808        212.6401694
          1       1194                  0                  0                  0                  0        147871.0433                  0         34.7526808        212.6401694
          1       1195                  0                  0                  0                  0        147994.9589                  0         34.7526808        212.6401694
          1       1196                  0                  0                  0                  0        148118.8745                  0         34.7526808        212.6401694
          1       1197                  0                  0                  0                  0        148242.7901                  0         34.7526808        212.6401694
          1       1198                  0                  0                  0                  0        148366.7056                  0         34.7526808        212.6401694
          1       1199                  0                  0                  0                  0        148490.6212                  0         34.7526808        212.6401694
          1       1200                  0                  0                  0                  0        148614.5368                  0         34.7526808        212.6401694
          1       1201                  0                  0                  0                  0        148738.4524                  0         34.7526808        212.6401694
          1       1202                  0                  0                  0                  0         148862.368                  0         34.7526808        212.6401694
          1       1203                  0                  0                  0                  0        148986.2835                  0         34.7526808        212.6401694
          1       1204                  0                  0                  0                  0        149110.1991                  0         34.7526808        212.6401694
          1       1205                  0                  0                  0                  0        149234.1147                  0         34.7526808        212.6401694
          1       1206                  0                  0                  0                  0        149358.0303                  0         34.7526808        212.6401694
          1       1207                  0                  0                  0                  0        149481.9458                  0         34.7526808        212.6401694
          1       1208                  0                  0                  0                  0        149605.8614                  0         34.7526808        212.6401694
          1       1209                  0                  0                  0                  0         149729.777                  0         34.7526808        212.6401694
          1       1210                  0                  0                  0                  0        149853.6926                  0         34.7526808        212.6401694
          1       1211                  0                  0                  0                  0        149977.6082                  0         34.7526808        212.6401694
          1       1212                  0                  0                  0                  0        150101.5237                  0         34.7526808        212.6401694
          1       1213                  0                  0                  0                  0        150225.4393                  0         34.7526808        212.6401694
          1       1214                  0                  0                  0                  0        150349.3549                  0         34.7526808        212.6401694
          1       1215                  0                  0                  0                  0        150473.2705                  0         34.7526808        212.6401694
          1       1216                  0                  0                  0                  0        150597.1861                  0         34.7526808        212.6401694
          1       1217                  0                  0                  0                  0        150721.1016                  0         34.7526808        212.6401694
          1       1218                  0                  0                  0                  0        150845.0172                  0         34.7526808        212.6401694
          1       1219                  0                  0                  0                  0        150968.9328                  0         34.7526808        212.6401694
          1       1220                  0                  0                  0                  0        151092.8484                  0         34.7526808        212.6401694
          1       1221                  0                  0                  0                  0         151216.764                  0         34.7526808        212.6401694
          1       1222                  0                  0                  0                  0        151340.6795                  0         34.7526808        212.6401694
          1       1223                  0                  0                  0                  0        151464.5951                  0         34.7526808        212.6401694
          1       1224                  0                  0                  0                  0        151588.5107                  0         34.7526808        212.6401694
          1       1225                  0                  0                  0                  0        151712.4263                  0         34.7526808        212.6401694
          1       1226                  0                  0                  0                  0        151836.3418                  0         34.7526808        212.6401694
          1       1227                  0                  0                  0                  0        151960.2574                  0         34.7526808        212.6401694
          1       1228                  0                  0                  0                  0         152084.173                  0         34.7526808        212.6401694
          1       1229                  0                  0                  0                  0        152208.0886                  0         34.7526808        212.6401694
          1       1230                  0                  0                  0                  0        152332.0042                  0         34.7526808        212.6401694
          1       1231                  0                  0                  0                  0        152455.9197                  0         34.7526808        212.6401694
          1       1232                  0                  0                  0                  0        152579.8353                  0         34.7526808        212.6401694
          1       1233                  0                  0                  0                  0        152703.7509                  0         34.7526808        212.6401694
          1       1234                  0                  0                  0                  0        152827.6665                  0         34.7526808        212.6401694
          1       1235                  0                  0                  0                  0        152951.5821                  0         34.7526808        212.6401694
          1       1236                  0                  0                  0                  0        153075.4976                  0         34.7526808        212.6401694
          1       1237                  0                  0                  0                  0        153199.4132                  0         34.7526808        212.6401694
          1       1238                  0                  0                  0                  0        153323.3288                  0         34.7526808        212.6401694
          1       1239                  0                  0                  0                  0        153447.2444                  0         34.7526808        212.6401694
          1       1240                  0                  0                  0                  0          153571.16                  0         34.7526808        212.6401694
          1       1241                  0                  0                  0                  0        153695.0755                  0         34.7526808        212.6401694
          1       1242                  0                  0                  0                  0        153818.9911                  0         34.7526808        212.6401694
          1       1243                  0                  0                  0                  0        153942.9067                  0         34.7526808        212.6401694
          1       1244                  0                  0                  0                  0        154066.8223                  0         34.7526808        212.6401694
          1       1245                  0                  0                  0                  0        154190.7378                  0         34.7526808        212.6401694
          1       1246                  0                  0                  0                  0        154314.6534                  0         34.7526808        212.6401694
          1       1247                  0                  0                  0                  0         154438.569                  0         34.7526808        212.6401694
          1       1248                  0                  0                  0                  0        154562.4846                  0         34.7526808        212.6401694
          1       1249                  0                  0                  0                  0        154686.4002                  0         34.7526808        212.6401694
          1       1250                  0                  0                  0                  0        154810.3157                  0         34.7526808        212.6401694
          1       1251                  0                  0                  0                  0        154934.2313                  0         34.7526808        212.6401694
          1       1252                  0                  0                  0                  0        155058.1469                  0         34.7526808        212.6401694
          1       1253                  0                  0                  0                  0        155182.0625                  0         34.7526808        212.6401694
          1       1254                  0                  0                  0                  0        155305.9781                  0         34.7526808        212.6401694
          1       1255                  0                  0                  0                  0        155429.8936                  0         34.7526808        212.6401694
          1       1256                  0                  0                  0                  0        155553.8092                  0         34.7526808        212.6401694
          1       1257                  0                  0                  0                  0        155677.7248                  0         34.7526808        212.6401694
          1       1258                  0                  0                  0                  0        155801.6404                  0         34.7526808        212.6401694
          1       1259                  0                  0                  0                  0         155925.556                  0         34.7526808        212.6401694
          1       1260                  0                  0                  0                  0        156049.4715                  0         34.7526808        212.6401694
          1       1261                  0                  0                  0                  0        156173.3871                  0         34.7526808        212.6401694
          1       1262                  0                  0                  0                  0        156297.3027                  0         34.7526808        212.6401694
          1       1263                  0                  0                  0                  0        156421.2183                  0         34.7526808        212.6401694
          1       1264                  0                  0                  0                  0        156545.1338                  0         34.7526808        212.6401694
          1       1265                  0                  0                  0                  0        156669.0494                  0         34.7526808        212.6401694
          1       1266                  0                  0                  0                  0         156792.965                  0         34.7526808        212.6401694
          1       1267                  0                  0                  0                  0        156916.8806                  0         34.7526808        212.6401694
          1       1268                  0                  0                  0                  0        157040.7962                  0         34.7526808        212.6401694
          1       1269                  0                  0                  0                  0        157164.7117                  0         34.7526808        212.6401694
          1       1270                  0                  0                  0                  0        157288.6273                  0         34.7526808        212.6401694
          1       1271                  0                  0                  0                  0        157412.5429                  0         34.7526808        212.6401694
          1       1272                  0                  0                  0                  0        157536.4585                  0         34.7526808        212.6401694
          1       1273                  0                  0                  0                  0        157660.3741                  0         34.7526808        212.6401694
          1       1274                  0                  0                  0                  0        157784.2896                  0         34.7526808        212.6401694
          1       1275                  0                  0                  0                  0        157908.2052                  0         34.7526808        212.6401694
          1       1276                  0                  0                  0                  0        158032.1208                  0         34.7526808        212.6401694
          1       1277                  0                  0                  0                  0        158156.0364                  0         34.7526808        212.6401694
          1       1278                  0                  0                  0                  0         158279.952                  0         34.7526808        212.6401694
          1       1279                  0                  0                  0                  0        158403.8675                  0         34.7526808        212.6401694
          1       1280                  0                  0                  0                  0        158527.7831                  0         34.7526808        212.6401694
          1       1281                  0                  0                  0                  0        158651.6987                  0         34.7526808        212.6401694
          1       1282                  0                  0                  0                  0        158775.6143                  0         34.7526808        212.6401694
          1       1283                  0                  0                  0                  0        158899.5298                  0         34.7526808        212.6401694
          1       1284                  0                  0                  0                  0        159023.4454                  0         34.7526808        212.6401694
          1       1285                  0                  0                  0                  0         159147.361                  0         34.7526808        212.6401694
          1       1286                  0                  0                  0                  0        159271.2766                  0         34.7526808        212.6401694
          1       1287                  0                  0                  0                  0        159395.1922                  0         34.7526808        212.6401694
          1       1288                  0                  0                  0                  0        159519.1077                  0         34.7526808        212.6401694
          1       1289                  0                  0                  0                  0        159643.0233                  0         34.7526808        212.6401694
          1       1290                  0                  0                  0                  0        159766.9389                  0         34.7526808        212.6401694
          1       1291                  0                  0                  0                  0        159890.8545                  0         34.7526808        212.6401694
          1       1292                  0                  0                  0                  0        160014.7701                  0         34.7526808        212.6401694
          1       1293                  0                  0                  0                  0        160138.6856                  0         34.7526808        212.6401694
          1       1294                  0                  0                  0                  0        160262.6012                  0         34.7526808        212.6401694
          1       1295                  0                  0                  0                  0        160386.5168                  0         34.7526808        212.6401694
          1       1296                  0                  0                  0                  0        160510.4324                  0         34.7526808        212.6401694
          1       1297                  0                  0                  0                  0        160634.3479                  0         34.7526808        212.6401694
          1       1298                  0                  0                  0                  0        160758.2635                  0         34.7526808        212.6401694
          1       1299                  0                  0                  0                  0        160882.1791                  0         34.7526808        212.6401694
          1       1300                  0                  0                  0                  0        161006.0947                  0         34.7526808        212.6401694
          1       1301                  0                  0                  0                  0        161130.0103                  0         34.7526808        212.6401694
          1       1302                  0                  0                  0                  0        161253.9258                  0         34.7526808        212.6401694
          1       1303                  0                  0                  0                  0        161377.8414                  0         34.7526808        212.6401694
          1       1304                  0                  0                  0                  0         161501.757                  0         34.7526808        212.6401694
          1       1305                  0                  0                  0                  0        161625.6726                  0         34.7526808        212.6401694
          1       1306                  0                  0                  0                  0        161749.5882                  0         34.7526808        212.6401694
          1       1307                  0                  0                  0                  0        161873.5037                  0         34.7526808        212.6401694
          1       1308                  0                  0                  0                  0        161997.4193                  0         34.7526808        212.6401694
          1       1309                  0                  0                  0                  0        162121.3349                  0         34.7526808        212.6401694
          1       1310                  0                  0                  0                  0        162245.2505                  0         34.7526808        212.6401694
          1       1311                  0                  0                  0                  0        162369.1661                  0         34.7526808        212.6401694
          1       1312                  0                  0                  0                  0        162493.0816                  0         34.7526808        212.6401694
          1       1313                  0                  0                  0                  0        162616.9972                  0         34.7526808        212.6401694
          1       1314                  0                  0                  0                  0        162740.9128                  0         34.7526808        212.6401694
          1       1315                  0                  0                  0                  0        162864.8284                  0         34.7526808        212.6401694
          1       1316                  0                  0                  0                  0        162988.7439                  0         34.7526808        212.6401694
          1       1317                  0                  0                  0                  0        163112.6595                  0         34.7526808        212.6401694
          1       1318                  0                  0                  0                  0        163236.5751                  0         34.7526808        212.6401694
          1       1319                  0                  0                  0                  0        163360.4907                  0         34.7526808        212.6401694
          1       1320                  0                  0                  0                  0        163484.4063                  0         34.7526808        212.6401694
          1       1321                  0                  0                  0                  0        163608.3218                  0         34.7526808        212.6401694
          1       1322                  0                  0                  0                  0        163732.2374                  0         34.7526808        212.6401694
          1       1323                  0                  0                  0                  0         163856.153                  0         34.7526808        212.6401694
          1       1324                  0                  0                  0                  0        163980.0686                  0         34.7526808        212.6401694
          1       1325                  0                  0                  0                  0        164103.9842                  0         34.7526808        212.6401694
          1       1326                  0                  0                  0                  0        164227.8997                  0         34.7526808        212.6401694
          1       1327                  0                  0                  0                  0        164351.8153                  0         34.7526808        212.6401694
          1       1328                  0                  0                  0                  0        164475.7309                  0         34.7526808        212.6401694
          1       1329                  0                  0                  0                  0        164599.6465                  0         34.7526808        212.6401694
          1       1330                  0                  0                  0                  0        164723.5621                  0         34.7526808        212.6401694
          1       1331                  0                  0                  0                  0        164847.4776                  0         34.7526808        212.6401694
          1       1332                  0                  0                  0                  0        164971.3932                  0         34.7526808        212.6401694
          1       1333                  0                  0                  0                  0        165095.3088                  0         34.7526808        212.6401694
          1       1334                  0                  0                  0                  0        165219.2244                  0         34.7526808        212.6401694
          1       1335                  0                  0                  0                  0        165343.1399                  0         34.7526808        212.6401694
          1       1336                  0                  0                  0                  0        165467.0555                  0         34.7526808        212.6401694
          1       1337                  0                  0                  0                  0        165590.9711                  0         34.7526808        212.6401694
          1       1338                  0                  0                  0                  0        165714.8867                  0         34.7526808        212.6401694
          1       1339                  0                  0                  0                  0        165838.8023                  0         34.7526808        212.6401694
          1       1340                  0                  0                  0                  0        165962.7178                  0         34.7526808        212.6401694
          1       1341                  0                  0                  0                  0        166086.6334                  0         34.7526808        212.6401694
          1       1342                  0                  0                  0                  0         166210.549                  0         34.7526808        212.6401694
          1       1343                  0                  0                  0                  0        166334.4646                  0         34.7526808        212.6401694
          1       1344                  0                  0                  0                  0        166458.3802                  0         34.7526808        212.6401694
          1       1345                  0                  0                  0                  0        166582.2957                  0         34.7526808        212.6401694
          1       1346                  0                  0                  0                  0        166706.2113                  0         34.7526808        212.6401694
          1       1347                  0                  0                  0                  0        166830.1269                  0         34.7526808        212.6401694
          1       1348                  0                  0                  0                  0        166954.0425                  0         34.7526808        212.6401694
          1       1349                  0                  0                  0                  0        167077.9581                  0         34.7526808        212.6401694
          1       1350                  0                  0                  0                  0        167201.8736                  0         34.7526808        212.6401694
          1       1351                  0                  0                  0                  0        167325.7892                  0         34.7526808        212.6401694
          1       1352                  0                  0                  0                  0        167449.7048                  0         34.7526808        212.6401694
          1       1353                  0                  0                  0                  0        167573.6204                  0         34.7526808        212.6401694
          1       1354                  0                  0                  0                  0        167697.5359                  0         34.7526808        212.6401694
          1       1355                  0                  0                  0                  0        167821.4515                  0         34.7526808        212.6401694
          1       1356                  0                  0                  0                  0        167945.3671                  0         34.7526808        212.6401694
          1       1357                  0                  0                  0                  0        168069.2827                  0         34.7526808        212.6401694
          1       1358                  0                  0                  0                  0        168193.1983                  0         34.7526808        212.6401694
          1       1359                  0                  0                  0                  0        168317.1138                  0         34.7526808        212.6401694
          1       1360                  0                  0                  0                  0        168441.0294                  0         34.7526808        212.6401694
          1       1361                  0                  0                  0                  0         168564.945                  0         34.7526808        212.6401694
          1       1362                  0                  0                  0                  0        168688.8606                  0         34.7526808        212.6401694
          1       1363                  0                  0                  0                  0        168812.7762                  0         34.7526808        212.6401694
          1       1364                  0                  0                  0                  0        168936.6917                  0         34.7526808        212.6401694
          1       1365                  0                  0                  0                  0        169060.6073                  0         34.7526808        212.6401694
          1       1366                  0                  0                  0                  0        169184.5229                  0         34.7526808        212.6401694
          1       1367                  0                  0                  0                  0        169308.4385                  0         34.7526808        212.6401694
          1       1368                  0                  0                  0                  0        169432.3541                  0         34.7526808        212.6401694
          1       1369                  0                  0                  0                  0        169556.2696                  0         34.7526808        212.6401694
          1       1370                  0                  0                  0                  0        169680.1852                  0         34.7526808        212.6401694
          1       1371                  0                  0                  0                  0        169804.1008                  0         34.7526808        212.6401694
          1       1372                  0                  0                  0                  0        169928.0164                  0         34.7526808        212.6401694
          1       1373                  0                  0                  0                  0        170051.9319                  0         34.7526808        212.6401694
          1       1374                  0                  0                  0                  0        170175.8475                  0         34.7526808        212.6401694
          1       1375                  0                  0                  0                  0        170299.7631                  0         34.7526808        212.6401694
          1       1376                  0                  0                  0                  0        170423.6787                  0         34.7526808        212.6401694
          1       1377                  0                  0                  0                  0        170547.5943                  0         34.7526808        212.6401694
          1       1378                  0                  0                  0                  0        170671.5098                  0         34.7526808        212.6401694
          1       1379                  0                  0                  0                  0        170795.4254                  0         34.7526808        212.6401694
          1       1380                  0                  0                  0                  0         170919.341                  0         34.7526808        212.6401694
          1       1381                  0                  0                  0                  0        171043.2566                  0         34.7526808        212.6401694
          1       1382                  0                  0                  0                  0        171167.1722                  0         34.7526808        212.6401694
          1       1383                  0                  0                  0                  0        171291.0877                  0         34.7526808        212.6401694
          1       1384                  0                  0                  0                  0        171415.0033                  0         34.7526808        212.6401694
          1       1385                  0                  0                  0                  0        171538.9189                  0         34.7526808        212.6401694
          1       1386                  0                  0                  0                  0        171662.8345                  0         34.7526808        212.6401694
          1       1387                  0                  0                  0                  0        171786.7501                  0         34.7526808        212.6401694
          1       1388                  0                  0                  0                  0        171910.6656                  0         34.7526808        212.6401694
          1       1389                  0                  0                  0                  0        172034.5812                  0         34.7526808        212.6401694
          1       1390                  0                  0                  0                  0        172158.4968                  0         34.7526808        212.6401694
          1       1391                  0                  0                  0                  0        172282.4124                  0         34.7526808        212.6401694
          1       1392                  0                  0                  0                  0        172406.3279                  0         34.7526808        212.6401694
          1       1393                  0                  0                  0                  0        172530.2435                  0         34.7526808        212.6401694
          1       1394                  0                  0                  0                  0        172654.1591                  0         34.7526808        212.6401694
          1       1395                  0                  0                  0                  0        172778.0747                  0         34.7526808        212.6401694
          1       1396                  0                  0                  0                  0        172901.9903                  0         34.7526808        212.6401694
          1       1397                  0                  0                  0                  0        173025.9058                  0         34.7526808        212.6401694
          1       1398                  0                  0                  0                  0        173149.8214                  0         34.7526808        212.6401694
          1       1399                  0                  0                  0                  0         173273.737                  0         34.7526808        212.6401694
          1       1400                  0                  0                  0                  0        173397.6526                  0         34.7526808        212.6401694
          1       1401                  0                  0                  0                  0        173521.5682                  0         34.7526808        212.6401694
          1       1402                  0                  0                  0                  0        173645.4837                  0         34.7526808        212.6401694
          1       1403                  0                  0                  0                  0        173769.3993                  0         34.7526808        212.6401694
          1       1404                  0                  0                  0                  0        173893.3149                  0         34.7526808        212.6401694
          1       1405                  0                  0                  0                  0        174017.2305                  0         34.7526808        212.6401694
          1       1406                  0                  0                  0                  0         174141.146                  0         34.7526808        212.6401694
          1       1407                  0                  0                  0                  0        174265.0616                  0         34.7526808        212.6401694
          1       1408                  0                  0                  0                  0        174388.9772                  0         34.7526808        212.6401694
          1       1409                  0                  0                  0                  0        174512.8928                  0         34.7526808        212.6401694
          1       1410                  0                  0                  0                  0        174636.8084                  0         34.7526808        212.6401694
          1       1411                  0                  0                  0                  0        174760.7239                  0         34.7526808        212.6401694
          1       1412                  0                  0                  0                  0        174884.6395                  0         34.7526808        212.6401694
          1       1413                  0                  0                  0                  0        175008.5551                  0         34.7526808        212.6401694
          1       1414                  0                  0                  0                  0        175132.4707                  0         34.7526808        212.6401694
          1       1415                  0                  0                  0                  0        175256.3863                  0         34.7526808        212.6401694
          1       1416                  0                  0                  0                  0        175380.3018                  0         34.7526808        212.6401694
          1       1417                  0                  0                  0                  0        175504.2174                  0         34.7526808        212.6401694
          1       1418                  0                  0                  0                  0         175628.133                  0         34.7526808        212.6401694
          1       1419                  0                  0                  0                  0        175752.0486                  0         34.7526808        212.6401694
          1       1420                  0                  0                  0                  0        175875.9642                  0         34.7526808        212.6401694
          1       1421                  0                  0                  0                  0        175999.8797                  0         34.7526808        212.6401694
          1       1422                  0                  0                  0                  0        176123.7953                  0         34.7526808        212.6401694
          1       1423                  0                  0                  0                  0        176247.7109                  0         34.7526808        212.6401694
          1       1424                  0                  0                  0                  0        176371.6265                  0         34.7526808        212.6401694
          1       1425                  0                  0                  0                  0         176495.542                  0         34.7526808        212.6401694
          1       1426                  0                  0                  0                  0        176619.4576                  0         34.7526808        212.6401694
          1       1427                  0                  0                  0                  0        176743.3732                  0         34.7526808        212.6401694
          1       1428                  0                  0                  0                  0        176867.2888                  0         34.7526808        212.6401694
          1       1429                  0                  0                  0                  0        176991.2044                  0         34.7526808        212.6401694
          1       1430                  0                  0                  0                  0        177115.1199                  0         34.7526808        212.6401694
          1       1431                  0                  0                  0                  0        177239.0355                  0         34.7526808        212.6401694
          1       1432                  0                  0                  0                  0        177362.9511                  0         34.7526808        212.6401694
          1       1433                  0                  0                  0                  0        177486.8667                  0         34.7526808        212.6401694
          1       1434                  0                  0                  0                  0        177610.7823                  0         34.7526808        212.6401694
          1       1435                  0                  0                  0                  0        177734.6978                  0         34.7526808        212.6401694
          1       1436                  0                  0                  0                  0        177858.6134                  0         34.7526808        212.6401694
          1       1437                  0                  0                  0                  0         177982.529                  0         34.7526808        212.6401694
          1       1438                  0                  0                  0                  0        178106.4446                  0         34.7526808        212.6401694
          1       1439                  0                  0                  0                  0        178230.3602                  0         34.7526808        212.6401694
          1       1440                  0                  0                  0                  0        178354.2757                  0         34.7526808        212.6401694
          1       1441                  0                  0                  0                  0        178478.1913                  0         34.7526808        212.6401694
          1       1442                  0                  0                  0                  0        178602.1069                  0         34.7526808        212.6401694
          1       1443                  0                  0                  0                  0        178726.0225                  0         34.7526808        212.6401694
          1       1444                  0                  0                  0                  0         178849.938                  0         34.7526808        212.6401694
          1       1445                  0                  0                  0                  0        178973.8536                  0         34.7526808        212.6401694
          1       1446                  0                  0                  0                  0        179097.7692                  0         34.7526808        212.6401694
          1       1447                  0                  0                  0                  0        179221.6848                  0         34.7526808        212.6401694
          1       1448                  0                  0                  0                  0        179345.6004                  0         34.7526808        212.6401694
          1       1449                  0                  0                  0                  0        179469.5159                  0         34.7526808        212.6401694
          1       1450                  0                  0                  0                  0        179593.4315                  0         34.7526808        212.6401694
          1       1451                  0                  0                  0                  0        179717.3471                  0         34.7526808        212.6401694
          1       1452                  0                  0                  0                  0        179841.2627                  0         34.7526808        212.6401694
          1       1453                  0                  0                  0                  0        179965.1783                  0         34.7526808        212.6401694
          1       1454                  0                  0                  0                  0        180089.0938                  0         34.7526808        212.6401694
          1       1455                  0                  0                  0                  0        180213.0094                  0         34.7526808        212.6401694
          1       1456                  0                  0                  0                  0         180336.925                  0         34.7526808        212.6401694
          1       1457                  0                  0                  0                  0        180460.8406                  0         34.7526808        212.6401694
          1       1458                  0                  0                  0                  0        180584.7562                  0         34.7526808        212.6401694
          1       1459                  0                  0                  0                  0        180708.6717                  0         34.7526808        212.6401694
          1       1460                  0                  0                  0                  0        180832.5873                  0         34.7526808        212.6401694
          1       1461                  0                  0                  0                  0        180956.5029                  0         34.7526808        212.6401694
          1       1462                  0                  0                  0                  0        181080.4185                  0         34.7526808        212.6401694
          1       1463                  0                  0                  0                  0         181204.334                  0         34.7526808        212.6401694
          1       1464                  0                  0                  0                  0        181328.2496                  0         34.7526808        212.6401694
          1       1465                  0                  0                  0                  0        181452.1652                  0         34.7526808        212.6401694
          1       1466                  0                  0                  0                  0        181576.0808                  0         34.7526808        212.6401694
          1       1467                  0                  0                  0                  0        181699.9964                  0         34.7526808        212.6401694
          1       1468                  0                  0                  0                  0        181823.9119                  0         34.7526808        212.6401694
          1       1469                  0                  0                  0                  0        181947.8275                  0         34.7526808        212.6401694
          1       1470                  0                  0                  0                  0        182071.7431                  0         34.7526808        212.6401694
          1       1471                  0                  0                  0                  0        182195.6587                  0         34.7526808        212.6401694
          1       1472                  0                  0                  0                  0        182319.5743                  0         34.7526808        212.6401694
          1       1473                  0                  0                  0                  0        182443.4898                  0         34.7526808        212.6401694
          1       1474                  0                  0                  0                  0        182567.4054                  0         34.7526808        212.6401694
          1       1475                  0                  0                  0                  0         182691.321                  0         34.7526808        212.6401694
          1       1476                  0                  0                  0                  0        182815.2366                  0         34.7526808        212.6401694
          1       1477                  0                  0                  0                  0        182939.1522                  0         34.7526808        212.6401694
          1       1478                  0                  0                  0                  0        183063.0677                  0         34.7526808        212.6401694
          1       1479                  0                  0                  0                  0        183186.9833                  0         34.7526808        212.6401694
          1       1480                  0                  0                  0                  0        183310.8989                  0         34.7526808        212.6401694
          1       1481                  0                  0                  0                  0        183434.8145                  0         34.7526808        212.6401694
          1       1482                  0                  0                  0                  0          183558.73                  0         34.7526808        212.6401694
          1       1483                  0                  0                  0                  0        183682.6456                  0         34.7526808        212.6401694
          1       1484                  0                  0                  0                  0        183806.5612                  0         34.7526808        212.6401694
          1       1485                  0                  0                  0                  0        183930.4768                  0         34.7526808        212.6401694
          1       1486                  0                  0                  0                  0        184054.3924                  0         34.7526808        212.6401694
          1       1487                  0                  0                  0                  0        184178.3079                  0         34.7526808        212.6401694
          1       1488                  0                  0                  0                  0        184302.2235                  0         34.7526808        212.6401694
          1       1489                  0                  0                  0                  0        184426.1391                  0         34.7526808        212.6401694
          1       1490                  0                  0                  0                  0        184550.0547                  0         34.7526808        212.6401694
          1       1491                  0                  0                  0                  0        184673.9703                  0         34.7526808        212.6401694
          1       1492                  0                  0                  0                  0        184797.8858                  0         34.7526808        212.6401694
          1       1493                  0                  0                  0                  0        184921.8014                  0         34.7526808        212.6401694
          1       1494                  0                  0                  0                  0         185045.717                  0         34.7526808        212.6401694
          1       1495                  0                  0                  0                  0        185169.6326                  0         34.7526808        212.6401694
          1       1496                  0                  0                  0                  0        185293.5482                  0         34.7526808        212.6401694
          1       1497                  0                  0                  0                  0        185417.4637                  0         34.7526808        212.6401694
          1       1498                  0                  0                  0                  0        185541.3793                  0         34.7526808        212.6401694
          1       1499                  0                  0                  0                  0        185665.2949                  0         34.7526808        212.6401694
          1       1500                  0                  0                  0                  0        185789.2105                  0         34.7526808        212.6401694
          1       1501                  0                  0                  0                  0         185913.126                  0         34.7526808        212.6401694
          1       1502                  0                  0                  0                  0        186037.0416                  0         34.7526808        212.6401694
          1       1503                  0                  0                  0                  0        186160.9572                  0         34.7526808        212.6401694
          1       1504                  0                  0                  0                  0        186284.8728                  0         34.7526808        212.6401694
          1       1505                  0                  0                  0                  0        186408.7884                  0         34.7526808        212.6401694
          1       1506                  0                  0                  0                  0        186532.7039                  0         34.7526808        212.6401694
          1       1507                  0                  0                  0                  0        186656.6195                  0         34.7526808        212.6401694
          1       1508                  0                  0                  0                  0        186780.5351                  0         34.7526808        212.6401694
          1       1509                  0                  0                  0                  0        186904.4507                  0         34.7526808        212.6401694
          1       1510                  0                  0                  0                  0        187028.3663                  0         34.7526808        212.6401694
          1       1511                  0                  0                  0                  0        187152.2818                  0         34.7526808        212.6401694
          1       1512                  0                  0                  0                  0        187276.1974                  0         34.7526808        212.6401694
          1       1513                  0                  0                  0                  0         187400.113                  0         34.7526808        212.6401694
          1       1514                  0                  0                  0                  0        187524.0286                  0         34.7526808        212.6401694
          1       1515                  0                  0                  0                  0        187647.9441                  0         34.7526808        212.6401694
          1       1516                  0                  0                  0                  0        187771.8597                  0         34.7526808        212.6401694
          1       1517                  0                  0                  0                  0        187895.7753                  0         34.7526808        212.6401694
          1       1518                  0                  0                  0                  0        188019.6909                  0         34.7526808        212.6401694
          1       1519                  0                  0                  0                  0        188143.6065                  0         34.7526808        212.6401694
          1       1520                  0                  0                  0                  0         188267.522                  0         34.7526808        212.6401694
          1       1521                  0                  0                  0                  0        188391.4376                  0         34.7526808        212.6401694
          1       1522                  0                  0                  0                  0        188515.3532                  0         34.7526808        212.6401694
          1       1523                  0                  0                  0                  0        188639.2688                  0         34.7526808        212.6401694
          1       1524                  0                  0                  0                  0        188763.1844                  0         34.7526808        212.6401694
          1       1525                  0                  0                  0                  0        188887.0999                  0         34.7526808        212.6401694
          1       1526                  0                  0                  0                  0        189011.0155                  0         34.7526808        212.6401694
          1       1527                  0                  0                  0                  0        189134.9311                  0         34.7526808        212.6401694
          1       1528                  0                  0                  0                  0        189258.8467                  0         34.7526808        212.6401694
          1       1529                  0                  0                  0                  0        189382.7623                  0         34.7526808        212.6401694
          1       1530                  0                  0                  0                  0        189506.6778                  0         34.7526808        212.6401694
          1       1531                  0                  0                  0                  0        189630.5934                  0         34.7526808        212.6401694
          1       1532                  0                  0                  0                  0         189754.509                  0         34.7526808        212.6401694
          1       1533                  0                  0                  0                  0        189878.4246                  0         34.7526808        212.6401694
          1       1534                  0                  0                  0                  0        190002.3401                  0         34.7526808        212.6401694
          1       1535                  0                  0                  0                  0        190126.2557                  0         34.7526808        212.6401694
          1       1536                  0                  0                  0                  0        190250.1713                  0         34.7526808        212.6401694
          1       1537                  0                  0                  0                  0        190374.0869                  0         34.7526808        212.6401694
          1       1538                  0                  0                  0                  0        190498.0025                  0         34.7526808        212.6401694
          1       1539                  0                  0                  0                  0         190621.918                  0         34.7526808        212.6401694
          1       1540                  0                  0                  0                  0        190745.8336                  0         34.7526808        212.6401694
          1       1541                  0                  0                  0                  0        190869.7492                  0         34.7526808        212.6401694
          1       1542                  0                  0                  0                  0        190993.6648                  0         34.7526808        212.6401694
          1       1543                  0                  0                  0                  0        191117.5804                  0         34.7526808        212.6401694
          1       1544                  0                  0                  0                  0        191241.4959                  0         34.7526808        212.6401694
          1       1545                  0                  0                  0                  0        191365.4115                  0         34.7526808        212.6401694
          1       1546                  0                  0                  0                  0        191489.3271                  0         34.7526808        212.6401694
          1       1547                  0                  0                  0                  0        191613.2427                  0         34.7526808        212.6401694
          1       1548                  0                  0                  0                  0        191737.1583                  0         34.7526808        212.6401694
          1       1549                  0                  0                  0                  0        191861.0738                  0         34.7526808        212.6401694
          1       1550                  0                  0                  0                  0        191984.9894                  0         34.7526808        212.6401694
          1       1551                  0                  0                  0                  0         192108.905                  0         34.7526808        212.6401694
          1       1552                  0                  0                  0                  0        192232.8206                  0         34.7526808        212.6401694
          1       1553                  0                  0                  0                  0        192356.7361                  0         34.7526808        212.6401694
          1       1554                  0                  0                  0                  0        192480.6517                  0         34.7526808        212.6401694
          1       1555                  0                  0                  0                  0        192604.5673                  0         34.7526808        212.6401694
          1       1556                  0                  0                  0                  0        192728.4829                  0         34.7526808        212.6401694
          1       1557                  0                  0                  0                  0        192852.3985                  0         34.7526808        212.6401694
          1       1558                  0                  0                  0                  0         192976.314                  0         34.7526808        212.6401694
          1       1559                  0                  0                  0                  0        193100.2296                  0         34.7526808        212.6401694
          1       1560                  0                  0                  0                  0        193224.1452                  0         34.7526808        212.6401694
          1       1561                  0                  0                  0                  0        193348.0608                  0         34.7526808        212.6401694
          1       1562                  0                  0                  0                  0        193471.9764                  0         34.7526808        212.6401694
          1       1563                  0                  0                  0                  0        193595.8919                  0         34.7526808        212.6401694
          1       1564                  0                  0                  0                  0        193719.8075                  0         34.7526808        212.6401694
          1       1565                  0                  0                  0                  0        193843.7231                  0         34.7526808        212.6401694
          1       1566                  0                  0                  0                  0        193967.6387                  0         34.7526808        212.6401694
          1       1567                  0                  0                  0                  0        194091.5543                  0         34.7526808        212.6401694
          1       1568                  0                  0                  0                  0        194215.4698                  0         34.7526808        212.6401694
          1       1569                  0                  0                  0                  0        194339.3854                  0         34.7526808        212.6401694
          1       1570                  0                  0                  0                  0         194463.301                  0         34.7526808        212.6401694
          1       1571                  0                  0                  0                  0        194587.2166                  0         34.7526808        212.6401694
          1       1572                  0                  0                  0                  0        194711.1321                  0         34.7526808        212.6401694
          1       1573                  0                  0                  0                  0        194835.0477                  0         34.7526808        212.6401694
          1       1574                  0                  0                  0                  0        194958.9633                  0         34.7526808        212.6401694
          1       1575                  0                  0                  0                  0        195082.8789                  0         34.7526808        212.6401694
          1       1576                  0                  0                  0                  0        195206.7945                  0         34.7526808        212.6401694
          1       1577                  0                  0                  0                  0          195330.71                  0         34.7526808        212.6401694
          1       1578                  0                  0                  0                  0        195454.6256                  0         34.7526808        212.6401694
          1       1579                  0                  0                  0                  0        195578.5412                  0         34.7526808        212.6401694
          1       1580                  0                  0                  0                  0        195702.4568                  0         34.7526808        212.6401694
          1       1581                  0                  0                  0                  0        195826.3724                  0         34.7526808        212.6401694
          1       1582                  0                  0                  0                  0        195950.2879                  0         34.7526808        212.6401694
          1       1583                  0                  0                  0                  0        196074.2035                  0         34.7526808        212.6401694
          1       1584                  0                  0                  0                  0        196198.1191                  0         34.7526808        212.6401694
          1       1585                  0                  0                  0                  0        196322.0347                  0         34.7526808        212.6401694
          1       1586                  0                  0                  0                  0        196445.9503                  0         34.7526808        212.6401694
          1       1587                  0                  0                  0                  0        196569.8658                  0         34.7526808        212.6401694
          1       1588                  0                  0                  0                  0        196693.7814                  0         34.7526808        212.6401694
          1       1589                  0                  0                  0                  0         196817.697                  0         34.7526808        212.6401694
          1       1590                  0                  0                  0                  0        196941.6126                  0         34.7526808        212.6401694
          1       1591                  0                  0                  0                  0        197065.5281                  0         34.7526808        212.6401694
          1       1592                  0                  0                  0                  0        197189.4437                  0         34.7526808        212.6401694
          1       1593                  0                  0                  0                  0        197313.3593                  0         34.7526808        212.6401694
          1       1594                  0                  0                  0                  0        197437.2749                  0         34.7526808        212.6401694
          1       1595                  0                  0                  0                  0        197561.1905                  0         34.7526808        212.6401694
          1       1596                  0                  0                  0                  0         197685.106                  0         34.7526808        212.6401694
          1       1597                  0                  0                  0                  0        197809.0216                  0         34.7526808        212.6401694
          1       1598                  0                  0                  0                  0        197932.9372                  0         34.7526808        212.6401694
          1       1599                  0                  0                  0                  0        198056.8528                  0         34.7526808        212.6401694
          1       1600                  0                  0                  0                  0        198180.7684                  0         34.7526808        212.6401694
          1       1601                  0                  0                  0                  0        198304.6839                  0         34.7526808        212.6401694
          1       1602                  0                  0                  0                  0        198428.5995                  0         34.7526808        212.6401694
          1       1603                  0                  0                  0                  0        198552.5151                  0         34.7526808        212.6401694
          1       1604                  0                  0                  0                  0        198676.4307                  0         34.7526808        212.6401694
          1       1605                  0                  0                  0                  0        198800.3463                  0         34.7526808        212.6401694
          1       1606                  0                  0                  0                  0        198924.2618                  0         34.7526808        212.6401694
          1       1607                  0                  0                  0                  0        199048.1774                  0         34.7526808        212.6401694
          1       1608                  0                  0                  0                  0         199172.093                  0         34.7526808        212.6401694
          1       1609                  0                  0                  0                  0        199296.0086                  0         34.7526808        212.6401694
          1       1610                  0                  0                  0                  0        199419.9241                  0         34.7526808        212.6401694
          1       1611                  0                  0                  0                  0        199543.8397                  0         34.7526808        212.6401694
          1       1612                  0                  0                  0                  0        199667.7553                  0         34.7526808        212.6401694
          1       1613                  0                  0                  0                  0        199791.6709                  0         34.7526808        212.6401694
          1       1614                  0                  0                  0                  0        199915.5865                  0         34.7526808        212.6401694
          1       1615                  0                  0                  0                  0         200039.502                  0         34.7526808        212.6401694
          1       1616                  0                  0                  0                  0        200163.4176                  0         34.7526808        212.6401694
          1       1617                  0                  0                  0                  0        200287.3332                  0         34.7526808        212.6401694
          1       1618                  0                  0                  0                  0        200411.2488                  0         34.7526808        212.6401694
          1       1619                  0                  0                  0                  0        200535.1644                  0         34.7526808        212.6401694
          1       1620                  0                  0                  0                  0        200659.0799                  0         34.7526808        212.6401694
          1       1621                  0                  0                  0                  0        200782.9955                  0         34.7526808        212.6401694
          1       1622                  0                  0                  0                  0        200906.9111                  0         34.7526808        212.6401694
          1       1623                  0                  0                  0                  0        201030.8267                  0         34.7526808        212.6401694
          1       1624                  0                  0                  0                  0        201154.7422                  0         34.7526808        212.6401694
          1       1625                  0                  0                  0                  0        201278.6578                  0         34.7526808        212.6401694
          1       1626                  0                  0                  0                  0        201402.5734                  0         34.7526808        212.6401694
          1       1627                  0                  0                  0                  0         201526.489                  0         34.7526808        212.6401694
          1       1628                  0                  0                  0                  0        201650.4046                  0         34.7526808        212.6401694
          1       1629                  0                  0                  0                  0        201774.3201                  0         34.7526808        212.6401694
          1       1630                  0                  0                  0                  0        201898.2357                  0         34.7526808        212.6401694
          1       1631                  0                  0                  0                  0        202022.1513                  0         34.7526808        212.6401694
          1       1632                  0                  0                  0                  0        202146.0669                  0         34.7526808        212.6401694
          1       1633                  0                  0                  0                  0        202269.9825                  0         34.7526808        212.6401694
          1       1634                  0                  0                  0                  0         202393.898                  0         34.7526808        212.6401694
          1       1635                  0                  0                  0                  0        202517.8136                  0         34.7526808        212.6401694
          1       1636                  0                  0                  0                  0        202641.7292                  0         34.7526808        212.6401694
          1       1637                  0                  0                  0                  0        202765.6448                  0         34.7526808        212.6401694
          1       1638                  0                  0                  0                  0        202889.5604                  0         34.7526808        212.6401694
          1       1639                  0                  0                  0                  0        203013.4759                  0         34.7526808        212.6401694
          1       1640                  0                  0                  0                  0        203137.3915                  0         34.7526808        212.6401694
          1       1641                  0                  0                  0                  0        203261.3071                  0         34.7526808        212.6401694
          1       1642                  0                  0                  0                  0        203385.2227                  0         34.7526808        212.6401694
          1       1643                  0                  0                  0                  0        203509.1382                  0         34.7526808        212.6401694
          1       1644                  0                  0                  0                  0        203633.0538                  0         34.7526808        212.6401694
          1       1645                  0                  0                  0                  0        203756.9694                  0         34.7526808        212.6401694
          1       1646                  0                  0                  0                  0         203880.885                  0         34.7526808        212.6401694
          1       1647                  0                  0                  0                  0        204004.8006                  0         34.7526808        212.6401694
          1       1648                  0                  0                  0                  0        204128.7161                  0         34.7526808        212.6401694
          1       1649                  0                  0                  0                  0        204252.6317                  0         34.7526808        212.6401694
          1       1650                  0                  0                  0                  0        204376.5473                  0         34.7526808        212.6401694
          1       1651                  0                  0                  0                  0        204500.4629                  0         34.7526808        212.6401694
          1       1652                  0                  0                  0                  0        204624.3785                  0         34.7526808        212.6401694
          1       1653                  0                  0                  0                  0         204748.294                  0         34.7526808        212.6401694
          1       1654                  0                  0                  0                  0        204872.2096                  0         34.7526808        212.6401694
          1       1655                  0                  0                  0                  0        204996.1252                  0         34.7526808        212.6401694
          1       1656                  0                  0                  0                  0        205120.0408                  0         34.7526808        212.6401694
          1       1657                  0                  0                  0                  0        205243.9564                  0         34.7526808        212.6401694
          1       1658                  0                  0                  0                  0        205367.8719                  0         34.7526808        212.6401694
          1       1659                  0                  0                  0                  0        205491.7875                  0         34.7526808        212.6401694
          1       1660                  0                  0                  0                  0        205615.7031                  0         34.7526808        212.6401694
          1       1661                  0                  0                  0                  0        205739.6187                  0         34.7526808        212.6401694
          1       1662                  0                  0                  0                  0        205863.5342                  0         34.7526808        212.6401694
          1       1663                  0                  0                  0                  0        205987.4498                  0         34.7526808        212.6401694
          1       1664                  0                  0                  0                  0        206111.3654                  0         34.7526808        212.6401694
          1       1665                  0                  0                  0                  0         206235.281                  0         34.7526808        212.6401694
          1       1666                  0                  0                  0                  0        206359.1966                  0         34.7526808        212.6401694
          1       1667                  0                  0                  0                  0        206483.1121                  0         34.7526808        212.6401694
          1       1668                  0                  0                  0                  0        206607.0277                  0         34.7526808        212.6401694
          1       1669                  0                  0                  0                  0        206730.9433                  0         34.7526808        212.6401694
          1       1670                  0                  0                  0                  0        206854.8589                  0         34.7526808        212.6401694
          1       1671                  0                  0                  0                  0        206978.7745                  0         34.7526808        212.6401694
          1       1672                  0                  0                  0                  0          207102.69                  0         34.7526808        212.6401694
          1       1673                  0                  0                  0                  0        207226.6056                  0         34.7526808        212.6401694
          1       1674                  0                  0                  0                  0        207350.5212                  0         34.7526808        212.6401694
          1       1675                  0                  0                  0                  0        207474.4368                  0         34.7526808        212.6401694
          1       1676                  0                  0                  0                  0        207598.3524                  0         34.7526808        212.6401694
          1       1677                  0                  0                  0                  0        207722.2679                  0         34.7526808        212.6401694
          1       1678                  0                  0                  0                  0        207846.1835                  0         34.7526808        212.6401694
          1       1679                  0                  0                  0                  0        207970.0991                  0         34.7526808        212.6401694
          1       1680                  0                  0                  0                  0        208094.0147                  0         34.7526808        212.6401694
          1       1681                  0                  0                  0                  0        208217.9302                  0         34.7526808        212.6401694
          1       1682                  0                  0                  0                  0        208341.8458                  0         34.7526808        212.6401694
          1       1683                  0                  0                  0                  0        208465.7614                  0         34.7526808        212.6401694
          1       1684                  0                  0                  0                  0         208589.677                  0         34.7526808        212.6401694
          1       1685                  0                  0                  0                  0        208713.5926                  0         34.7526808        212.6401694
          1       1686                  0                  0                  0                  0        208837.5081                  0         34.7526808        212.6401694
          1       1687                  0                  0                  0                  0        208961.4237                  0         34.7526808        212.6401694
          1       1688                  0                  0                  0                  0        209085.3393                  0         34.7526808        212.6401694
          1       1689                  0                  0                  0                  0        209209.2549                  0         34.7526808        212.6401694
          1       1690                  0                  0                  0                  0        209333.1705                  0         34.7526808        212.6401694
          1       1691                  0                  0                  0                  0         209457.086                  0         34.7526808        212.6401694
          1       1692                  0                  0                  0                  0        209581.0016                  0         34.7526808        212.6401694
          1       1693                  0                  0                  0                  0        209704.9172                  0         34.7526808        212.6401694
          1       1694                  0                  0                  0                  0        209828.8328                  0         34.7526808        212.6401694
          1       1695                  0                  0                  0                  0        209952.7484                  0         34.7526808        212.6401694
          1       1696                  0                  0                  0                  0        210076.6639                  0         34.7526808        212.6401694
          1       1697                  0                  0                  0                  0        210200.5795                  0         34.7526808        212.6401694
          1       1698                  0                  0                  0                  0        210324.4951                  0         34.7526808        212.6401694
          1       1699                  0                  0                  0                  0        210448.4107                  0         34.7526808        212.6401694
          1       1700                  0                  0                  0                  0        210572.3262                  0         34.7526808        212.6401694
          1       1701                  0                  0                  0                  0        210696.2418                  0         34.7526808        212.6401694
          1       1702                  0                  0                  0                  0        210820.1574                  0         34.7526808        212.6401694
          1       1703                  0                  0                  0                  0         210944.073                  0         34.7526808        212.6401694
          1       1704                  0                  0                  0                  0        211067.9886                  0         34.7526808        212.6401694
          1       1705                  0                  0                  0                  0        211191.9041                  0         34.7526808        212.6401694
          1       1706                  0                  0                  0                  0        211315.8197                  0         34.7526808        212.6401694
          1       1707                  0                  0                  0                  0        211439.7353                  0         34.7526808        212.6401694
          1       1708                  0                  0                  0                  0        211563.6509                  0         34.7526808        212.6401694
          1       1709                  0                  0                  0                  0        211687.5665                  0         34.7526808        212.6401694
          1       1710                  0                  0                  0                  0         211811.482                  0         34.7526808        212.6401694
          1       1711                  0                  0                  0                  0        211935.3976                  0         34.7526808        212.6401694
          1       1712                  0                  0                  0                  0        212059.3132                  0         34.7526808        212.6401694
          1       1713                  0                  0                  0                  0        212183.2288                  0         34.7526808        212.6401694
          1       1714                  0                  0                  0                  0        212307.1444                  0         34.7526808        212.6401694
          1       1715                  0                  0                  0                  0        212431.0599                  0         34.7526808        212.6401694
          1       1716                  0                  0                  0                  0        212554.9755                  0         34.7526808        212.6401694
          1       1717                  0                  0                  0                  0        212678.8911                  0         34.7526808        212.6401694
          1       1718                  0                  0                  0                  0        212802.8067                  0         34.7526808        212.6401694
          1       1719                  0                  0                  0                  0        212926.7222                  0         34.7526808        212.6401694
          1       1720                  0                  0                  0                  0        213050.6378                  0         34.7526808        212.6401694
          1       1721                  0                  0                  0                  0        213174.5534                  0         34.7526808        212.6401694
          1       1722                  0                  0                  0                  0         213298.469                  0         34.7526808        212.6401694
          1       1723                  0                  0                  0                  0        213422.3846                  0         34.7526808        212.6401694
          1       1724                  0                  0                  0                  0        213546.3001                  0         34.7526808        212.6401694
          1       1725                  0                  0                  0                  0        213670.2157                  0         34.7526808        212.6401694
          1       1726                  0                  0                  0                  0        213794.1313                  0         34.7526808        212.6401694
          1       1727                  0                  0                  0                  0        213918.0469                  0         34.7526808        212.6401694
          1       1728                  0                  0                  0                  0        214041.9625                  0         34.7526808        212.6401694
          1       1729                  0                  0                  0                  0         214165.878                  0         34.7526808        212.6401694
          1       1730                  0                  0                  0                  0        214289.7936                  0         34.7526808        212.6401694
          1       1731                  0                  0                  0                  0        214413.7092                  0         34.7526808        212.6401694
          1       1732                  0                  0                  0                  0        214537.6248                  0         34.7526808        212.6401694
          1       1733                  0                  0                  0                  0        214661.5403                  0         34.7526808        212.6401694
          1       1734                  0                  0                  0                  0        214785.4559                  0         34.7526808        212.6401694
          1       1735                  0                  0                  0                  0        214909.3715                  0         34.7526808        212.6401694
          1       1736                  0                  0                  0                  0        215033.2871                  0         34.7526808        212.6401694
          1       1737                  0                  0                  0                  0        215157.2027                  0         34.7526808        212.6401694
          1       1738                  0                  0                  0                  0        215281.1182                  0         34.7526808        212.6401694
          1       1739                  0                  0                  0                  0        215405.0338                  0         34.7526808        212.6401694
          1       1740                  0                  0                  0                  0        215528.9494                  0         34.7526808        212.6401694
          1       1741                  0                  0                  0                  0         215652.865                  0         34.7526808        212.6401694
          1       1742                  0                  0                  0                  0        215776.7806                  0         34.7526808        212.6401694
          1       1743                  0                  0                  0                  0        215900.6961                  0         34.7526808        212.6401694
          1       1744                  0                  0                  0                  0        216024.6117                  0         34.7526808        212.6401694
          1       1745                  0                  0                  0                  0        216148.5273                  0         34.7526808        212.6401694
          1       1746                  0                  0                  0                  0        216272.4429                  0         34.7526808        212.6401694
          1       1747                  0                  0                  0                  0        216396.3585                  0         34.7526808        212.6401694
          1       1748                  0                  0                  0                  0         216520.274                  0         34.7526808        212.6401694
          1       1749                  0                  0                  0                  0        216644.1896                  0         34.7526808        212.6401694
          1       1750                  0                  0                  0                  0        216768.1052                  0         34.7526808        212.6401694
          1       1751                  0                  0                  0                  0        216892.0208                  0         34.7526808        212.6401694
          1       1752                  0                  0                  0                  0        217015.9363                  0         34.7526808        212.6401694
          1       1753                  0                  0                  0                  0        217139.8519                  0         34.7526808        212.6401694
          1       1754                  0                  0                  0                  0        217263.7675                  0         34.7526808        212.6401694
          1       1755                  0                  0                  0                  0        217387.6831                  0         34.7526808        212.6401694
          1       1756                  0                  0                  0                  0        217511.5987                  0         34.7526808        212.6401694
          1       1757                  0                  0                  0                  0        217635.5142                  0         34.7526808        212.6401694
          1       1758                  0                  0                  0                  0        217759.4298                  0         34.7526808        212.6401694
          1       1759                  0                  0                  0                  0        217883.3454                  0         34.7526808        212.6401694
          1       1760                  0                  0                  0                  0         218007.261                  0         34.7526808        212.6401694
          1       1761                  0                  0                  0                  0        218131.1766                  0         34.7526808        212.6401694
          1       1762                  0                  0                  0                  0        218255.0921                  0         34.7526808        212.6401694
          1       1763                  0                  0                  0                  0        218379.0077                  0         34.7526808        212.6401694
          1       1764                  0                  0                  0                  0        218502.9233                  0         34.7526808        212.6401694
          1       1765                  0                  0                  0                  0        218626.8389                  0         34.7526808        212.6401694
          1       1766                  0                  0                  0                  0        218750.7545                  0         34.7526808        212.6401694
          1       1767                  0                  0                  0                  0          218874.67                  0         34.7526808        212.6401694
          1       1768                  0                  0                  0                  0        218998.5856                  0         34.7526808        212.6401694
          1       1769                  0                  0                  0                  0        219122.5012                  0         34.7526808        212.6401694
          1       1770                  0                  0                  0                  0        219246.4168                  0         34.7526808        212.6401694
          1       1771                  0                  0                  0                  0        219370.3323                  0         34.7526808        212.6401694
          1       1772                  0                  0                  0                  0        219494.2479                  0         34.7526808        212.6401694
          1       1773                  0                  0                  0                  0        219618.1635                  0         34.7526808        212.6401694
          1       1774                  0                  0                  0                  0        219742.0791                  0         34.7526808        212.6401694
          1       1775                  0                  0                  0                  0        219865.9947                  0         34.7526808        212.6401694
          1       1776                  0                  0                  0                  0        219989.9102                  0         34.7526808        212.6401694
          1       1777                  0                  0                  0                  0        220113.8258                  0         34.7526808        212.6401694
          1       1778                  0                  0                  0                  0        220237.7414                  0         34.7526808        212.6401694
          1       1779                  0                  0                  0                  0         220361.657                  0         34.7526808        212.6401694
          1       1780                  0                  0                  0                  0        220485.5726                  0         34.7526808        212.6401694
          1       1781                  0                  0                  0                  0        220609.4881                  0         34.7526808        212.6401694
          1       1782                  0                  0                  0                  0        220733.4037                  0         34.7526808        212.6401694
          1       1783                  0                  0                  0                  0        220857.3193                  0         34.7526808        212.6401694
          1       1784                  0                  0                  0                  0        220981.2349                  0         34.7526808        212.6401694
          1       1785                  0                  0                  0                  0        221105.1505                  0         34.7526808        212.6401694
          1       1786                  0                  0                  0                  0         221229.066                  0         34.7526808        212.6401694
          1       1787                  0                  0                  0                  0        221352.9816                  0         34.7526808        212.6401694
          1       1788                  0                  0                  0                  0        221476.8972                  0         34.7526808        212.6401694
          1       1789                  0                  0                  0                  0        221600.8128                  0         34.7526808        212.6401694
          1       1790                  0                  0                  0                  0        221724.7283                  0         34.7526808        212.6401694
          1       1791                  0                  0                  0                  0        221848.6439                  0         34.7526808        212.6401694
          1       1792                  0                  0                  0                  0        221972.5595                  0         34.7526808        212.6401694
          1       1793                  0                  0                  0                  0        222096.4751                  0         34.7526808        212.6401694
          1       1794                  0                  0                  0                  0        222220.3907                  0         34.7526808        212.6401694
          1       1795                  0                  0                  0                  0        222344.3062                  0         34.7526808        212.6401694
          1       1796                  0                  0                  0                  0        222468.2218                  0         34.7526808        212.6401694
          1       1797                  0                  0                  0                  0        222592.1374                  0         34.7526808        212.6401694
          1       1798                  0                  0                  0                  0         222716.053                  0         34.7526808        212.6401694
          1       1799                  0                  0                  0                  0        222839.9686                  0         34.7526808        212.6401694
          1       1800                  0                  0                  0                  0        222963.8841                  0         34.7526808        212.6401694
          1       1801                  0                  0                  0                  0        223087.7997                  0         34.7526808        212.6401694
          1       1802                  0                  0                  0                  0        223211.7153                  0         34.7526808        212.6401694
          1       1803                  0                  0                  0                  0        223335.6309                  0         34.7526808        212.6401694
          1       1804                  0                  0                  0                  0        223459.5465                  0         34.7526808        212.6401694
          1       1805                  0                  0                  0                  0         223583.462                  0         34.7526808        212.6401694
          1       1806                  0                  0                  0                  0        223707.3776                  0         34.7526808        212.6401694
          1       1807                  0                  0                  0                  0        223831.2932                  0         34.7526808        212.6401694
          1       1808                  0                  0                  0                  0        223955.2088                  0         34.7526808        212.6401694
          1       1809                  0                  0                  0                  0        224079.1243                  0         34.7526808        212.6401694
          1       1810                  0                  0                  0                  0        224203.0399                  0         34.7526808        212.6401694
          1       1811                  0                  0                  0                  0        224326.9555                  0         34.7526808        212.6401694
          1       1812                  0                  0                  0                  0        224450.8711                  0         34.7526808        212.6401694
          1       1813                  0                  0                  0                  0        224574.7867                  0         34.7526808        212.6401694
          1       1814                  0                  0                  0                  0        224698.7022                  0         34.7526808        212.6401694
          1       1815                  0                  0                  0                  0        224822.6178                  0         34.7526808        212.6401694
          1       1816                  0                  0                  0                  0        224946.5334                  0         34.7526808        212.6401694
          1       1817                  0                  0                  0                  0         225070.449                  0         34.7526808        212.6401694
          1       1818                  0                  0                  0                  0        225194.3646                  0         34.7526808        212.6401694
          1       1819                  0                  0                  0                  0        225318.2801                  0         34.7526808        212.6401694
          1       1820                  0                  0                  0                  0        225442.1957                  0         34.7526808        212.6401694
          1       1821                  0                  0                  0                  0        225566.1113                  0         34.7526808        212.6401694
          1       1822                  0                  0                  0                  0        225690.0269                  0         34.7526808        212.6401694
          1       1823                  0                  0                  0                  0        225813.9425                  0         34.7526808        212.6401694
          1       1824                  0                  0                  0                  0         225937.858                  0         34.7526808        212.6401694
          1       1825                  0                  0                  0                  0        226061.7736                  0         34.7526808        212.6401694
          1       1826                  0                  0                  0                  0        226185.6892                  0         34.7526808        212.6401694
          1       1827                  0                  0                  0                  0        226309.6048                  0         34.7526808        212.6401694
          1       1828                  0                  0                  0                  0        226433.5203                  0         34.7526808        212.6401694
          1       1829                  0                  0                  0                  0        226557.4359                  0         34.7526808        212.6401694
          1       1830                  0                  0                  0                  0        226681.3515                  0         34.7526808        212.6401694
          1       1831                  0                  0                  0                  0        226805.2671                  0         34.7526808        212.6401694
          1       1832                  0                  0                  0                  0        226929.1827                  0         34.7526808        212.6401694
          1       1833                  0                  0                  0                  0        227053.0982                  0         34.7526808        212.6401694
          1       1834                  0                  0                  0                  0        227177.0138                  0         34.7526808        212.6401694
          1       1835                  0                  0                  0                  0        227300.9294                  0         34.7526808        212.6401694
          1       1836                  0                  0                  0                  0         227424.845                  0         34.7526808        212.6401694
          1       1837                  0                  0                  0                  0        227548.7606                  0         34.7526808        212.6401694
          1       1838                  0                  0                  0                  0        227672.6761                  0         34.7526808        212.6401694
          1       1839                  0                  0                  0                  0        227796.5917                  0         34.7526808        212.6401694
          1       1840                  0                  0                  0                  0        227920.5073                  0         34.7526808        212.6401694
          1       1841                  0                  0                  0                  0        228044.4229                  0         34.7526808        212.6401694
          1       1842                  0                  0                  0                  0        228168.3384                  0         34.7526808        212.6401694
          1       1843                  0                  0                  0                  0         228292.254                  0         34.7526808        212.6401694
          1       1844                  0                  0                  0                  0        228416.1696                  0         34.7526808        212.6401694
          1       1845                  0                  0                  0                  0        228540.0852                  0         34.7526808        212.6401694
          1       1846                  0                  0                  0                  0        228664.0008                  0         34.7526808        212.6401694
          1       1847                  0                  0                  0                  0        228787.9163                  0         34.7526808        212.6401694
          1       1848                  0                  0                  0                  0        228911.8319                  0         34.7526808        212.6401694
          1       1849                  0                  0                  0                  0        229035.7475                  0         34.7526808        212.6401694
          1       1850                  0                  0                  0                  0        229159.6631                  0         34.7526808        212.6401694
          1       1851                  0                  0                  0                  0        229283.5787                  0         34.7526808        212.6401694
          1       1852                  0                  0                  0                  0        229407.4942                  0         34.7526808        212.6401694
          1       1853                  0                  0                  0                  0        229531.4098                  0         34.7526808        212.6401694
          1       1854                  0                  0                  0                  0        229655.3254                  0         34.7526808        212.6401694
          1       1855                  0                  0                  0                  0         229779.241                  0         34.7526808        212.6401694
          1       1856                  0                  0                  0                  0        229903.1566                  0         34.7526808        212.6401694
          1       1857                  0                  0                  0                  0        230027.0721                  0         34.7526808        212.6401694
          1       1858                  0                  0                  0                  0        230150.9877                  0         34.7526808        212.6401694
          1       1859                  0                  0                  0                  0        230274.9033                  0         34.7526808        212.6401694
          1       1860                  0                  0                  0                  0        230398.8189                  0         34.7526808        212.6401694
          1       1861                  0                  0                  0                  0        230522.7344                  0         34.7526808        212.6401694
          1       1862                  0                  0                  0                  0          230646.65                  0         34.7526808        212.6401694
          1       1863                  0                  0                  0                  0        230770.5656                  0         34.7526808        212.6401694
          1       1864                  0                  0                  0                  0        230894.4812                  0         34.7526808        212.6401694
          1       1865                  0                  0                  0                  0        231018.3968                  0         34.7526808        212.6401694
          1       1866                  0                  0                  0                  0        231142.3123                  0         34.7526808        212.6401694
          1       1867                  0                  0                  0                  0        231266.2279                  0         34.7526808        212.6401694
          1       1868                  0                  0                  0                  0        231390.1435                  0         34.7526808        212.6401694
          1       1869                  0                  0                  0                  0        231514.0591                  0         34.7526808        212.6401694
          1       1870                  0                  0                  0                  0        231637.9747                  0         34.7526808        212.6401694
          1       1871                  0                  0                  0                  0        231761.8902                  0         34.7526808        212.6401694
          1       1872                  0                  0                  0                  0        231885.8058                  0         34.7526808        212.6401694
          1       1873                  0                  0                  0                  0        232009.7214                  0         34.7526808        212.6401694
          1       1874                  0                  0                  0                  0         232133.637                  0         34.7526808        212.6401694
          1       1875                  0                  0                  0                  0        232257.5526                  0         34.7526808        212.6401694
          1       1876                  0                  0                  0                  0        232381.4681                  0         34.7526808        212.6401694
          1       1877                  0                  0                  0                  0        232505.3837                  0         34.7526808        212.6401694
          1       1878                  0                  0                  0                  0        232629.2993                  0         34.7526808        212.6401694
          1       1879                  0                  0                  0                  0        232753.2149                  0         34.7526808        212.6401694
          1       1880                  0                  0                  0                  0        232877.1304                  0         34.7526808        212.6401694
          1       1881                  0                  0                  0                  0         233001.046                  0         34.7526808        212.6401694
          1       1882                  0                  0                  0                  0        233124.9616                  0         34.7526808        212.6401694
          1       1883                  0                  0                  0                  0        233248.8772                  0         34.7526808        212.6401694
          1       1884                  0                  0                  0                  0        233372.7928                  0         34.7526808        212.6401694
          1       1885                  0                  0                  0                  0        233496.7083                  0         34.7526808        212.6401694
          1       1886                  0                  0                  0                  0        233620.6239                  0         34.7526808        212.6401694
          1       1887                  0                  0                  0                  0        233744.5395                  0         34.7526808        212.6401694
          1       1888                  0                  0                  0                  0        233868.4551                  0         34.7526808        212.6401694
          1       1889                  0                  0                  0                  0        233992.3707                  0         34.7526808        212.6401694
          1       1890                  0                  0                  0                  0        234116.2862                  0         34.7526808        212.6401694
          1       1891                  0                  0                  0                  0        234240.2018                  0         34.7526808        212.6401694
          1       1892                  0                  0                  0                  0        234364.1174                  0         34.7526808        212.6401694
          1       1893                  0                  0                  0                  0         234488.033                  0         34.7526808        212.6401694
          1       1894                  0                  0                  0                  0        234611.9486                  0         34.7526808        212.6401694
          1       1895                  0                  0                  0                  0        234735.8641                  0         34.7526808        212.6401694
          1       1896                  0                  0                  0                  0        234859.7797                  0         34.7526808        212.6401694
          1       1897                  0                  0                  0                  0        234983.6953                  0         34.7526808        212.6401694
          1       1898                  0                  0                  0                  0        235107.6109                  0         34.7526808        212.6401694
          1       1899                  0                  0                  0                  0        235231.5264                  0         34.7526808        212.6401694
          1       1900                  0                  0                  0                  0         235355.442                  0         34.7526808        212.6401694
          1       1901                  0                  0                  0                  0        235479.3576                  0         34.7526808        212.6401694
          1       1902                  0                  0                  0                  0        235603.2732                  0         34.7526808        212.6401694
          1       1903                  0                  0                  0                  0        235727.1888                  0         34.7526808        212.6401694
          1       1904                  0                  0                  0                  0        235851.1043                  0         34.7526808        212.6401694
          1       1905                  0                  0                  0                  0        235975.0199                  0         34.7526808        212.6401694
          1       1906                  0                  0                  0                  0        236098.9355                  0         34.7526808        212.6401694
          1       1907                  0                  0                  0                  0        236222.8511                  0         34.7526808        212.6401694
          1       1908                  0                  0                  0                  0        236346.7667                  0         34.7526808        212.6401694
          1       1909                  0                  0                  0                  0        236470.6822                  0         34.7526808        212.6401694
          1       1910                  0                  0                  0                  0        236594.5978                  0         34.7526808        212.6401694
          1       1911                  0                  0                  0                  0        236718.5134                  0         34.7526808        212.6401694
          1       1912                  0                  0                  0                  0         236842.429                  0         34.7526808        212.6401694
          1       1913                  0                  0                  0                  0        236966.3446                  0         34.7526808        212.6401694
          1       1914                  0                  0                  0                  0        237090.2601                  0         34.7526808        212.6401694
          1       1915                  0                  0                  0                  0        237214.1757                  0         34.7526808        212.6401694
          1       1916                  0                  0                  0                  0        237338.0913                  0         34.7526808        212.6401694
          1       1917                  0                  0                  0                  0        237462.0069                  0         34.7526808        212.6401694
          1       1918                  0                  0                  0                  0        237585.9224                  0         34.7526808        212.6401694
          1       1919                  0                  0                  0                  0         237709.838                  0         34.7526808        212.6401694
          1       1920                  0                  0                  0                  0        237833.7536                  0         34.7526808        212.6401694
          1       1921                  0                  0                  0                  0        237957.6692                  0         34.7526808        212.6401694
          1       1922                  0                  0                  0                  0        238081.5848                  0         34.7526808        212.6401694
          1       1923                  0                  0                  0                  0        238205.5003                  0         34.7526808        212.6401694
          1       1924                  0                  0                  0                  0        238329.4159                  0         34.7526808        212.6401694
          1       1925                  0                  0                  0                  0        238453.3315                  0         34.7526808        212.6401694
          1       1926                  0                  0                  0                  0        238577.2471                  0         34.7526808        212.6401694
          1       1927                  0                  0                  0                  0        238701.1627                  0         34.7526808        212.6401694
          1       1928                  0                  0                  0                  0        238825.0782                  0         34.7526808        212.6401694
          1       1929                  0                  0                  0                  0        238948.9938                  0         34.7526808        212.6401694
          1       1930                  0                  0                  0                  0        239072.9094                  0         34.7526808        212.6401694
          1       1931                  0                  0                  0                  0         239196.825                  0         34.7526808        212.6401694
          1       1932                  0                  0                  0                  0        239320.7406                  0         34.7526808        212.6401694
          1       1933                  0                  0                  0                  0        239444.6561                  0         34.7526808        212.6401694
          1       1934                  0                  0                  0                  0        239568.5717                  0         34.7526808        212.6401694
          1       1935                  0                  0                  0                  0        239692.4873                  0         34.7526808        212.6401694
          1       1936                  0                  0                  0                  0        239816.4029                  0         34.7526808        212.6401694
          1       1937                  0                  0                  0                  0        239940.3184                  0         34.7526808        212.6401694
          1       1938                  0                  0                  0                  0         240064.234                  0         34.7526808        212.6401694
          1       1939                  0                  0                  0                  0        240188.1496                  0         34.7526808        212.6401694
          1       1940                  0                  0                  0                  0        240312.0652                  0         34.7526808        212.6401694
          1       1941                  0                  0                  0                  0        240435.9808                  0         34.7526808        212.6401694
          1       1942                  0                  0                  0                  0        240559.8963                  0         34.7526808        212.6401694
          1       1943                  0                  0                  0                  0        240683.8119                  0         34.7526808        212.6401694
          1       1944                  0                  0                  0                  0        240807.7275                  0         34.7526808        212.6401694
          1       1945                  0                  0                  0                  0        240931.6431                  0         34.7526808        212.6401694
          1       1946                  0                  0                  0                  0        241055.5587                  0         34.7526808        212.6401694
          1       1947                  0                  0                  0                  0        241179.4742                  0         34.7526808        212.6401694
          1       1948                  0                  0                  0                  0        241303.3898                  0         34.7526808        212.6401694
          1       1949                  0                  0                  0                  0        241427.3054                  0         34.7526808        212.6401694
          1       1950                  0                  0                  0                  0         241551.221                  0         34.7526808        212.6401694
          1       1951                  0                  0                  0                  0        241675.1365                  0         34.7526808        212.6401694
          1       1952                  0                  0                  0                  0        241799.0521                  0         34.7526808        212.6401694
          1       1953                  0                  0                  0                  0        241922.9677                  0         34.7526808        212.6401694
          1       1954                  0                  0                  0                  0        242046.8833                  0         34.7526808        212.6401694
          1       1955                  0                  0                  0                  0        242170.7989                  0         34.7526808        212.6401694
          1       1956                  0                  0                  0                  0        242294.7144                  0         34.7526808        212.6401694
          1       1957                  0                  0                  0                  0          242418.63                  0         34.7526808        212.6401694
          1       1958                  0                  0                  0                  0        242542.5456                  0         34.7526808        212.6401694
          1       1959                  0                  0                  0                  0        242666.4612                  0         34.7526808        212.6401694
          1       1960                  0                  0                  0                  0        242790.3768                  0         34.7526808        212.6401694
          1       1961                  0                  0                  0                  0        242914.2923                  0         34.7526808        212.6401694
          1       1962                  0                  0                  0                  0        243038.2079                  0         34.7526808        212.6401694
          1       1963                  0                  0                  0                  0        243162.1235                  0         34.7526808        212.6401694
          1       1964                  0                  0                  0                  0        243286.0391                  0         34.7526808        212.6401694
          1       1965                  0                  0                  0                  0        243409.9547                  0         34.7526808        212.6401694
          1       1966                  0                  0                  0                  0        243533.8702                  0         34.7526808        212.6401694
          1       1967                  0                  0                  0                  0        243657.7858                  0         34.7526808        212.6401694
          1       1968                  0                  0                  0                  0        243781.7014                  0         34.7526808        212.6401694
          1       1969                  0                  0                  0                  0         243905.617                  0         34.7526808        212.6401694
          1       1970                  0                  0                  0                  0        244029.5325                  0         34.7526808        212.6401694
          1       1971                  0                  0                  0                  0        244153.4481                  0         34.7526808        212.6401694
          1       1972                  0                  0                  0                  0        244277.3637                  0         34.7526808        212.6401694
          1       1973                  0                  0                  0                  0        244401.2793                  0         34.7526808        212.6401694
          1       1974                  0                  0                  0                  0        244525.1949                  0         34.7526808        212.6401694
          1       1975                  0                  0                  0                  0        244649.1104                  0         34.7526808        212.6401694
          1       1976                  0                  0                  0                  0         244773.026                  0         34.7526808        212.6401694
          1       1977                  0                  0                  0                  0        244896.9416                  0         34.7526808        212.6401694
          1       1978                  0                  0                  0                  0        245020.8572                  0         34.7526808        212.6401694
          1       1979                  0                  0                  0                  0        245144.7728                  0         34.7526808        212.6401694
          1       1980                  0                  0                  0                  0        245268.6883                  0         34.7526808        212.6401694
          1       1981                  0                  0                  0                  0        245392.6039                  0         34.7526808        212.6401694
          1       1982                  0                  0                  0                  0        245516.5195                  0         34.7526808        212.6401694
          1       1983                  0                  0                  0                  0        245640.4351                  0         34.7526808        212.6401694
          1       1984                  0                  0                  0                  0        245764.3507                  0         34.7526808        212.6401694
          1       1985                  0                  0                  0                  0        245888.2662                  0         34.7526808        212.6401694
          1       1986                  0                  0                  0                  0        246012.1818                  0         34.7526808        212.6401694
          1       1987                  0                  0                  0                  0        246136.0974                  0         34.7526808        212.6401694
          1       1988                  0                  0                  0                  0         246260.013                  0         34.7526808        212.6401694
          1       1989                  0                  0                  0                  0        246383.9285                  0         34.7526808        212.6401694
          1       1990                  0                  0                  0                  0        246507.8441                  0         34.7526808        212.6401694
          1       1991                  0                  0                  0                  0        246631.7597                  0         34.7526808        212.6401694
          1       1992                  0                  0                  0                  0        246755.6753                  0         34.7526808        212.6401694
          1       1993                  0                  0                  0                  0        246879.5909                  0         34.7526808        212.6401694
          1       1994                  0                  0                  0                  0        247003.5064                  0         34.7526808        212.6401694
          1       1995                  0                  0                  0                  0         247127.422                  0         34.7526808        212.6401694
          1       1996                  0                  0                  0                  0        247251.3376                  0         34.7526808        212.6401694
          1       1997                  0                  0                  0                  0        247375.2532                  0         34.7526808        212.6401694
          1       1998                  0                  0                  0                  0        247499.1688                  0         34.7526808        212.6401694
          1       1999                  0                  0                  0                  0        247623.0843                  0         34.7526808        212.6401694
          1       2000                  0                  0                  0                  0        247746.9999                  0         34.7526808        212.6401694
