@ NAME             %19s "TRACK.OBS0003.P0001"
@ TYPE             %08s "TRACKOBS"
@ TITLE            %15s "ESR ring optics"
@ ORIGIN           %18s "5.09.03 Windows 64"
@ DATE             %08s "10/01/25"
@ TIME             %08s "18.55.24"
*     NUMBER       TURN                  X                 PX                  Y                 PY                  T                 PT                  S                  E 
$         %d         %d                %le                %le                %le                %le                %le                %le                %le                %le 
          1          1                  0                  0                  0                  0         117.561413                  0        102.2660955        209.3975473
          1          2                  0                  0                  0                  0        242.0776866                  0        102.2660955        209.3975473
          1          3                  0                  0                  0                  0        366.5939602                  0        102.2660955        209.3975473
          1          4                  0                  0                  0                  0        491.1102339                  0        102.2660955        209.3975473
          1          5                  0                  0                  0                  0        615.6265075                  0        102.2660955        209.3975473
          1          6                  0                  0                  0                  0        740.1427811                  0        102.2660955        209.3975473
          1          7                  0                  0                  0                  0        864.6590547                  0        102.2660955        209.3975473
          1          8                  0                  0                  0                  0        989.1753283                  0        102.2660955        209.3975473
          1          9                  0                  0                  0                  0        1113.691602                  0        102.2660955        209.3975473
          1         10                  0                  0                  0                  0        1238.207876                  0        102.2660955        209.3975473
          1         11                  0                  0                  0                  0        1362.724149                  0        102.2660955        209.3975473
          1         12                  0                  0                  0                  0        1487.240423                  0        102.2660955        209.3975473
          1         13                  0                  0                  0                  0        1611.756696                  0        102.2660955        209.3975473
          1         14                  0                  0                  0                  0         1736.27297                  0        102.2660955        209.3975473
          1         15                  0                  0                  0                  0        1860.789244                  0        102.2660955        209.3975473
          1         16                  0                  0                  0                  0        1985.305517                  0        102.2660955        209.3975473
          1         17                  0                  0                  0                  0        2109.821791                  0        102.2660955        209.3975473
          1         18                  0                  0                  0                  0        2234.338065                  0        102.2660955        209.3975473
          1         19                  0                  0                  0                  0        2358.854338                  0        102.2660955        209.3975473
          1         20                  0                  0                  0                  0        2483.370612                  0        102.2660955        209.3975473
          1         21                  0                  0                  0                  0        2607.886885                  0        102.2660955        209.3975473
          1         22                  0                  0                  0                  0        2732.403159                  0        102.2660955        209.3975473
          1         23                  0                  0                  0                  0        2856.919433                  0        102.2660955        209.3975473
          1         24                  0                  0                  0                  0        2981.435706                  0        102.2660955        209.3975473
          1         25                  0                  0                  0                  0         3105.95198                  0        102.2660955        209.3975473
          1         26                  0                  0                  0                  0        3230.468254                  0        102.2660955        209.3975473
          1         27                  0                  0                  0                  0        3354.984527                  0        102.2660955        209.3975473
          1         28                  0                  0                  0                  0        3479.500801                  0        102.2660955        209.3975473
          1         29                  0                  0                  0                  0        3604.017074                  0        102.2660955        209.3975473
          1         30                  0                  0                  0                  0        3728.533348                  0        102.2660955        209.3975473
          1         31                  0                  0                  0                  0        3853.049622                  0        102.2660955        209.3975473
          1         32                  0                  0                  0                  0        3977.565895                  0        102.2660955        209.3975473
          1         33                  0                  0                  0                  0        4102.082169                  0        102.2660955        209.3975473
          1         34                  0                  0                  0                  0        4226.598443                  0        102.2660955        209.3975473
          1         35                  0                  0                  0                  0        4351.114716                  0        102.2660955        209.3975473
          1         36                  0                  0                  0                  0         4475.63099                  0        102.2660955        209.3975473
          1         37                  0                  0                  0                  0        4600.147263                  0        102.2660955        209.3975473
          1         38                  0                  0                  0                  0        4724.663537                  0        102.2660955        209.3975473
          1         39                  0                  0                  0                  0        4849.179811                  0        102.2660955        209.3975473
          1         40                  0                  0                  0                  0        4973.696084                  0        102.2660955        209.3975473
          1         41                  0                  0                  0                  0        5098.212358                  0        102.2660955        209.3975473
          1         42                  0                  0                  0                  0        5222.728632                  0        102.2660955        209.3975473
          1         43                  0                  0                  0                  0        5347.244905                  0        102.2660955        209.3975473
          1         44                  0                  0                  0                  0        5471.761179                  0        102.2660955        209.3975473
          1         45                  0                  0                  0                  0        5596.277452                  0        102.2660955        209.3975473
          1         46                  0                  0                  0                  0        5720.793726                  0        102.2660955        209.3975473
          1         47                  0                  0                  0                  0            5845.31                  0        102.2660955        209.3975473
          1         48                  0                  0                  0                  0        5969.826273                  0        102.2660955        209.3975473
          1         49                  0                  0                  0                  0        6094.342547                  0        102.2660955        209.3975473
          1         50                  0                  0                  0                  0        6218.858821                  0        102.2660955        209.3975473
          1         51                  0                  0                  0                  0        6343.375094                  0        102.2660955        209.3975473
          1         52                  0                  0                  0                  0        6467.891368                  0        102.2660955        209.3975473
          1         53                  0                  0                  0                  0        6592.407641                  0        102.2660955        209.3975473
          1         54                  0                  0                  0                  0        6716.923915                  0        102.2660955        209.3975473
          1         55                  0                  0                  0                  0        6841.440189                  0        102.2660955        209.3975473
          1         56                  0                  0                  0                  0        6965.956462                  0        102.2660955        209.3975473
          1         57                  0                  0                  0                  0        7090.472736                  0        102.2660955        209.3975473
          1         58                  0                  0                  0                  0         7214.98901                  0        102.2660955        209.3975473
          1         59                  0                  0                  0                  0        7339.505283                  0        102.2660955        209.3975473
          1         60                  0                  0                  0                  0        7464.021557                  0        102.2660955        209.3975473
          1         61                  0                  0                  0                  0         7588.53783                  0        102.2660955        209.3975473
          1         62                  0                  0                  0                  0        7713.054104                  0        102.2660955        209.3975473
          1         63                  0                  0                  0                  0        7837.570378                  0        102.2660955        209.3975473
          1         64                  0                  0                  0                  0        7962.086651                  0        102.2660955        209.3975473
          1         65                  0                  0                  0                  0        8086.602925                  0        102.2660955        209.3975473
          1         66                  0                  0                  0                  0        8211.119199                  0        102.2660955        209.3975473
          1         67                  0                  0                  0                  0        8335.635472                  0        102.2660955        209.3975473
          1         68                  0                  0                  0                  0        8460.151746                  0        102.2660955        209.3975473
          1         69                  0                  0                  0                  0        8584.668019                  0        102.2660955        209.3975473
          1         70                  0                  0                  0                  0        8709.184293                  0        102.2660955        209.3975473
          1         71                  0                  0                  0                  0        8833.700567                  0        102.2660955        209.3975473
          1         72                  0                  0                  0                  0         8958.21684                  0        102.2660955        209.3975473
          1         73                  0                  0                  0                  0        9082.733114                  0        102.2660955        209.3975473
          1         74                  0                  0                  0                  0        9207.249388                  0        102.2660955        209.3975473
          1         75                  0                  0                  0                  0        9331.765661                  0        102.2660955        209.3975473
          1         76                  0                  0                  0                  0        9456.281935                  0        102.2660955        209.3975473
          1         77                  0                  0                  0                  0        9580.798208                  0        102.2660955        209.3975473
          1         78                  0                  0                  0                  0        9705.314482                  0        102.2660955        209.3975473
          1         79                  0                  0                  0                  0        9829.830756                  0        102.2660955        209.3975473
          1         80                  0                  0                  0                  0        9954.347029                  0        102.2660955        209.3975473
          1         81                  0                  0                  0                  0         10078.8633                  0        102.2660955        209.3975473
          1         82                  0                  0                  0                  0        10203.37958                  0        102.2660955        209.3975473
          1         83                  0                  0                  0                  0        10327.89585                  0        102.2660955        209.3975473
          1         84                  0                  0                  0                  0        10452.41212                  0        102.2660955        209.3975473
          1         85                  0                  0                  0                  0         10576.9284                  0        102.2660955        209.3975473
          1         86                  0                  0                  0                  0        10701.44467                  0        102.2660955        209.3975473
          1         87                  0                  0                  0                  0        10825.96094                  0        102.2660955        209.3975473
          1         88                  0                  0                  0                  0        10950.47722                  0        102.2660955        209.3975473
          1         89                  0                  0                  0                  0        11074.99349                  0        102.2660955        209.3975473
          1         90                  0                  0                  0                  0        11199.50977                  0        102.2660955        209.3975473
          1         91                  0                  0                  0                  0        11324.02604                  0        102.2660955        209.3975473
          1         92                  0                  0                  0                  0        11448.54231                  0        102.2660955        209.3975473
          1         93                  0                  0                  0                  0        11573.05859                  0        102.2660955        209.3975473
          1         94                  0                  0                  0                  0        11697.57486                  0        102.2660955        209.3975473
          1         95                  0                  0                  0                  0        11822.09113                  0        102.2660955        209.3975473
          1         96                  0                  0                  0                  0        11946.60741                  0        102.2660955        209.3975473
          1         97                  0                  0                  0                  0        12071.12368                  0        102.2660955        209.3975473
          1         98                  0                  0                  0                  0        12195.63995                  0        102.2660955        209.3975473
          1         99                  0                  0                  0                  0        12320.15623                  0        102.2660955        209.3975473
          1        100                  0                  0                  0                  0         12444.6725                  0        102.2660955        209.3975473
          1        101                  0                  0                  0                  0        12569.18878                  0        102.2660955        209.3975473
          1        102                  0                  0                  0                  0        12693.70505                  0        102.2660955        209.3975473
          1        103                  0                  0                  0                  0        12818.22132                  0        102.2660955        209.3975473
          1        104                  0                  0                  0                  0         12942.7376                  0        102.2660955        209.3975473
          1        105                  0                  0                  0                  0        13067.25387                  0        102.2660955        209.3975473
          1        106                  0                  0                  0                  0        13191.77014                  0        102.2660955        209.3975473
          1        107                  0                  0                  0                  0        13316.28642                  0        102.2660955        209.3975473
          1        108                  0                  0                  0                  0        13440.80269                  0        102.2660955        209.3975473
          1        109                  0                  0                  0                  0        13565.31896                  0        102.2660955        209.3975473
          1        110                  0                  0                  0                  0        13689.83524                  0        102.2660955        209.3975473
          1        111                  0                  0                  0                  0        13814.35151                  0        102.2660955        209.3975473
          1        112                  0                  0                  0                  0        13938.86779                  0        102.2660955        209.3975473
          1        113                  0                  0                  0                  0        14063.38406                  0        102.2660955        209.3975473
          1        114                  0                  0                  0                  0        14187.90033                  0        102.2660955        209.3975473
          1        115                  0                  0                  0                  0        14312.41661                  0        102.2660955        209.3975473
          1        116                  0                  0                  0                  0        14436.93288                  0        102.2660955        209.3975473
          1        117                  0                  0                  0                  0        14561.44915                  0        102.2660955        209.3975473
          1        118                  0                  0                  0                  0        14685.96543                  0        102.2660955        209.3975473
          1        119                  0                  0                  0                  0         14810.4817                  0        102.2660955        209.3975473
          1        120                  0                  0                  0                  0        14934.99797                  0        102.2660955        209.3975473
          1        121                  0                  0                  0                  0        15059.51425                  0        102.2660955        209.3975473
          1        122                  0                  0                  0                  0        15184.03052                  0        102.2660955        209.3975473
          1        123                  0                  0                  0                  0         15308.5468                  0        102.2660955        209.3975473
          1        124                  0                  0                  0                  0        15433.06307                  0        102.2660955        209.3975473
          1        125                  0                  0                  0                  0        15557.57934                  0        102.2660955        209.3975473
          1        126                  0                  0                  0                  0        15682.09562                  0        102.2660955        209.3975473
          1        127                  0                  0                  0                  0        15806.61189                  0        102.2660955        209.3975473
          1        128                  0                  0                  0                  0        15931.12816                  0        102.2660955        209.3975473
          1        129                  0                  0                  0                  0        16055.64444                  0        102.2660955        209.3975473
          1        130                  0                  0                  0                  0        16180.16071                  0        102.2660955        209.3975473
          1        131                  0                  0                  0                  0        16304.67698                  0        102.2660955        209.3975473
          1        132                  0                  0                  0                  0        16429.19326                  0        102.2660955        209.3975473
          1        133                  0                  0                  0                  0        16553.70953                  0        102.2660955        209.3975473
          1        134                  0                  0                  0                  0         16678.2258                  0        102.2660955        209.3975473
          1        135                  0                  0                  0                  0        16802.74208                  0        102.2660955        209.3975473
          1        136                  0                  0                  0                  0        16927.25835                  0        102.2660955        209.3975473
          1        137                  0                  0                  0                  0        17051.77463                  0        102.2660955        209.3975473
          1        138                  0                  0                  0                  0         17176.2909                  0        102.2660955        209.3975473
          1        139                  0                  0                  0                  0        17300.80717                  0        102.2660955        209.3975473
          1        140                  0                  0                  0                  0        17425.32345                  0        102.2660955        209.3975473
          1        141                  0                  0                  0                  0        17549.83972                  0        102.2660955        209.3975473
          1        142                  0                  0                  0                  0        17674.35599                  0        102.2660955        209.3975473
          1        143                  0                  0                  0                  0        17798.87227                  0        102.2660955        209.3975473
          1        144                  0                  0                  0                  0        17923.38854                  0        102.2660955        209.3975473
          1        145                  0                  0                  0                  0        18047.90481                  0        102.2660955        209.3975473
          1        146                  0                  0                  0                  0        18172.42109                  0        102.2660955        209.3975473
          1        147                  0                  0                  0                  0        18296.93736                  0        102.2660955        209.3975473
          1        148                  0                  0                  0                  0        18421.45364                  0        102.2660955        209.3975473
          1        149                  0                  0                  0                  0        18545.96991                  0        102.2660955        209.3975473
          1        150                  0                  0                  0                  0        18670.48618                  0        102.2660955        209.3975473
          1        151                  0                  0                  0                  0        18795.00246                  0        102.2660955        209.3975473
          1        152                  0                  0                  0                  0        18919.51873                  0        102.2660955        209.3975473
          1        153                  0                  0                  0                  0          19044.035                  0        102.2660955        209.3975473
          1        154                  0                  0                  0                  0        19168.55128                  0        102.2660955        209.3975473
          1        155                  0                  0                  0                  0        19293.06755                  0        102.2660955        209.3975473
          1        156                  0                  0                  0                  0        19417.58382                  0        102.2660955        209.3975473
          1        157                  0                  0                  0                  0         19542.1001                  0        102.2660955        209.3975473
          1        158                  0                  0                  0                  0        19666.61637                  0        102.2660955        209.3975473
          1        159                  0                  0                  0                  0        19791.13265                  0        102.2660955        209.3975473
          1        160                  0                  0                  0                  0        19915.64892                  0        102.2660955        209.3975473
          1        161                  0                  0                  0                  0        20040.16519                  0        102.2660955        209.3975473
          1        162                  0                  0                  0                  0        20164.68147                  0        102.2660955        209.3975473
          1        163                  0                  0                  0                  0        20289.19774                  0        102.2660955        209.3975473
          1        164                  0                  0                  0                  0        20413.71401                  0        102.2660955        209.3975473
          1        165                  0                  0                  0                  0        20538.23029                  0        102.2660955        209.3975473
          1        166                  0                  0                  0                  0        20662.74656                  0        102.2660955        209.3975473
          1        167                  0                  0                  0                  0        20787.26283                  0        102.2660955        209.3975473
          1        168                  0                  0                  0                  0        20911.77911                  0        102.2660955        209.3975473
          1        169                  0                  0                  0                  0        21036.29538                  0        102.2660955        209.3975473
          1        170                  0                  0                  0                  0        21160.81166                  0        102.2660955        209.3975473
          1        171                  0                  0                  0                  0        21285.32793                  0        102.2660955        209.3975473
          1        172                  0                  0                  0                  0         21409.8442                  0        102.2660955        209.3975473
          1        173                  0                  0                  0                  0        21534.36048                  0        102.2660955        209.3975473
          1        174                  0                  0                  0                  0        21658.87675                  0        102.2660955        209.3975473
          1        175                  0                  0                  0                  0        21783.39302                  0        102.2660955        209.3975473
          1        176                  0                  0                  0                  0         21907.9093                  0        102.2660955        209.3975473
          1        177                  0                  0                  0                  0        22032.42557                  0        102.2660955        209.3975473
          1        178                  0                  0                  0                  0        22156.94184                  0        102.2660955        209.3975473
          1        179                  0                  0                  0                  0        22281.45812                  0        102.2660955        209.3975473
          1        180                  0                  0                  0                  0        22405.97439                  0        102.2660955        209.3975473
          1        181                  0                  0                  0                  0        22530.49067                  0        102.2660955        209.3975473
          1        182                  0                  0                  0                  0        22655.00694                  0        102.2660955        209.3975473
          1        183                  0                  0                  0                  0        22779.52321                  0        102.2660955        209.3975473
          1        184                  0                  0                  0                  0        22904.03949                  0        102.2660955        209.3975473
          1        185                  0                  0                  0                  0        23028.55576                  0        102.2660955        209.3975473
          1        186                  0                  0                  0                  0        23153.07203                  0        102.2660955        209.3975473
          1        187                  0                  0                  0                  0        23277.58831                  0        102.2660955        209.3975473
          1        188                  0                  0                  0                  0        23402.10458                  0        102.2660955        209.3975473
          1        189                  0                  0                  0                  0        23526.62085                  0        102.2660955        209.3975473
          1        190                  0                  0                  0                  0        23651.13713                  0        102.2660955        209.3975473
          1        191                  0                  0                  0                  0         23775.6534                  0        102.2660955        209.3975473
          1        192                  0                  0                  0                  0        23900.16968                  0        102.2660955        209.3975473
          1        193                  0                  0                  0                  0        24024.68595                  0        102.2660955        209.3975473
          1        194                  0                  0                  0                  0        24149.20222                  0        102.2660955        209.3975473
          1        195                  0                  0                  0                  0         24273.7185                  0        102.2660955        209.3975473
          1        196                  0                  0                  0                  0        24398.23477                  0        102.2660955        209.3975473
          1        197                  0                  0                  0                  0        24522.75104                  0        102.2660955        209.3975473
          1        198                  0                  0                  0                  0        24647.26732                  0        102.2660955        209.3975473
          1        199                  0                  0                  0                  0        24771.78359                  0        102.2660955        209.3975473
          1        200                  0                  0                  0                  0        24896.29986                  0        102.2660955        209.3975473
          1        201                  0                  0                  0                  0        25020.81614                  0        102.2660955        209.3975473
          1        202                  0                  0                  0                  0        25145.33241                  0        102.2660955        209.3975473
          1        203                  0                  0                  0                  0        25269.84869                  0        102.2660955        209.3975473
          1        204                  0                  0                  0                  0        25394.36496                  0        102.2660955        209.3975473
          1        205                  0                  0                  0                  0        25518.88123                  0        102.2660955        209.3975473
          1        206                  0                  0                  0                  0        25643.39751                  0        102.2660955        209.3975473
          1        207                  0                  0                  0                  0        25767.91378                  0        102.2660955        209.3975473
          1        208                  0                  0                  0                  0        25892.43005                  0        102.2660955        209.3975473
          1        209                  0                  0                  0                  0        26016.94633                  0        102.2660955        209.3975473
          1        210                  0                  0                  0                  0         26141.4626                  0        102.2660955        209.3975473
          1        211                  0                  0                  0                  0        26265.97887                  0        102.2660955        209.3975473
          1        212                  0                  0                  0                  0        26390.49515                  0        102.2660955        209.3975473
          1        213                  0                  0                  0                  0        26515.01142                  0        102.2660955        209.3975473
          1        214                  0                  0                  0                  0        26639.52769                  0        102.2660955        209.3975473
          1        215                  0                  0                  0                  0        26764.04397                  0        102.2660955        209.3975473
          1        216                  0                  0                  0                  0        26888.56024                  0        102.2660955        209.3975473
          1        217                  0                  0                  0                  0        27013.07652                  0        102.2660955        209.3975473
          1        218                  0                  0                  0                  0        27137.59279                  0        102.2660955        209.3975473
          1        219                  0                  0                  0                  0        27262.10906                  0        102.2660955        209.3975473
          1        220                  0                  0                  0                  0        27386.62534                  0        102.2660955        209.3975473
          1        221                  0                  0                  0                  0        27511.14161                  0        102.2660955        209.3975473
          1        222                  0                  0                  0                  0        27635.65788                  0        102.2660955        209.3975473
          1        223                  0                  0                  0                  0        27760.17416                  0        102.2660955        209.3975473
          1        224                  0                  0                  0                  0        27884.69043                  0        102.2660955        209.3975473
          1        225                  0                  0                  0                  0         28009.2067                  0        102.2660955        209.3975473
          1        226                  0                  0                  0                  0        28133.72298                  0        102.2660955        209.3975473
          1        227                  0                  0                  0                  0        28258.23925                  0        102.2660955        209.3975473
          1        228                  0                  0                  0                  0        28382.75553                  0        102.2660955        209.3975473
          1        229                  0                  0                  0                  0         28507.2718                  0        102.2660955        209.3975473
          1        230                  0                  0                  0                  0        28631.78807                  0        102.2660955        209.3975473
          1        231                  0                  0                  0                  0        28756.30435                  0        102.2660955        209.3975473
          1        232                  0                  0                  0                  0        28880.82062                  0        102.2660955        209.3975473
          1        233                  0                  0                  0                  0        29005.33689                  0        102.2660955        209.3975473
          1        234                  0                  0                  0                  0        29129.85317                  0        102.2660955        209.3975473
          1        235                  0                  0                  0                  0        29254.36944                  0        102.2660955        209.3975473
          1        236                  0                  0                  0                  0        29378.88571                  0        102.2660955        209.3975473
          1        237                  0                  0                  0                  0        29503.40199                  0        102.2660955        209.3975473
          1        238                  0                  0                  0                  0        29627.91826                  0        102.2660955        209.3975473
          1        239                  0                  0                  0                  0        29752.43454                  0        102.2660955        209.3975473
          1        240                  0                  0                  0                  0        29876.95081                  0        102.2660955        209.3975473
          1        241                  0                  0                  0                  0        30001.46708                  0        102.2660955        209.3975473
          1        242                  0                  0                  0                  0        30125.98336                  0        102.2660955        209.3975473
          1        243                  0                  0                  0                  0        30250.49963                  0        102.2660955        209.3975473
          1        244                  0                  0                  0                  0         30375.0159                  0        102.2660955        209.3975473
          1        245                  0                  0                  0                  0        30499.53218                  0        102.2660955        209.3975473
          1        246                  0                  0                  0                  0        30624.04845                  0        102.2660955        209.3975473
          1        247                  0                  0                  0                  0        30748.56472                  0        102.2660955        209.3975473
          1        248                  0                  0                  0                  0          30873.081                  0        102.2660955        209.3975473
          1        249                  0                  0                  0                  0        30997.59727                  0        102.2660955        209.3975473
          1        250                  0                  0                  0                  0        31122.11355                  0        102.2660955        209.3975473
          1        251                  0                  0                  0                  0        31246.62982                  0        102.2660955        209.3975473
          1        252                  0                  0                  0                  0        31371.14609                  0        102.2660955        209.3975473
          1        253                  0                  0                  0                  0        31495.66237                  0        102.2660955        209.3975473
          1        254                  0                  0                  0                  0        31620.17864                  0        102.2660955        209.3975473
          1        255                  0                  0                  0                  0        31744.69491                  0        102.2660955        209.3975473
          1        256                  0                  0                  0                  0        31869.21119                  0        102.2660955        209.3975473
          1        257                  0                  0                  0                  0        31993.72746                  0        102.2660955        209.3975473
          1        258                  0                  0                  0                  0        32118.24373                  0        102.2660955        209.3975473
          1        259                  0                  0                  0                  0        32242.76001                  0        102.2660955        209.3975473
          1        260                  0                  0                  0                  0        32367.27628                  0        102.2660955        209.3975473
          1        261                  0                  0                  0                  0        32491.79256                  0        102.2660955        209.3975473
          1        262                  0                  0                  0                  0        32616.30883                  0        102.2660955        209.3975473
          1        263                  0                  0                  0                  0         32740.8251                  0        102.2660955        209.3975473
          1        264                  0                  0                  0                  0        32865.34138                  0        102.2660955        209.3975473
          1        265                  0                  0                  0                  0        32989.85765                  0        102.2660955        209.3975473
          1        266                  0                  0                  0                  0        33114.37392                  0        102.2660955        209.3975473
          1        267                  0                  0                  0                  0         33238.8902                  0        102.2660955        209.3975473
          1        268                  0                  0                  0                  0        33363.40647                  0        102.2660955        209.3975473
          1        269                  0                  0                  0                  0        33487.92274                  0        102.2660955        209.3975473
          1        270                  0                  0                  0                  0        33612.43902                  0        102.2660955        209.3975473
          1        271                  0                  0                  0                  0        33736.95529                  0        102.2660955        209.3975473
          1        272                  0                  0                  0                  0        33861.47157                  0        102.2660955        209.3975473
          1        273                  0                  0                  0                  0        33985.98784                  0        102.2660955        209.3975473
          1        274                  0                  0                  0                  0        34110.50411                  0        102.2660955        209.3975473
          1        275                  0                  0                  0                  0        34235.02039                  0        102.2660955        209.3975473
          1        276                  0                  0                  0                  0        34359.53666                  0        102.2660955        209.3975473
          1        277                  0                  0                  0                  0        34484.05293                  0        102.2660955        209.3975473
          1        278                  0                  0                  0                  0        34608.56921                  0        102.2660955        209.3975473
          1        279                  0                  0                  0                  0        34733.08548                  0        102.2660955        209.3975473
          1        280                  0                  0                  0                  0        34857.60175                  0        102.2660955        209.3975473
          1        281                  0                  0                  0                  0        34982.11803                  0        102.2660955        209.3975473
          1        282                  0                  0                  0                  0         35106.6343                  0        102.2660955        209.3975473
          1        283                  0                  0                  0                  0        35231.15057                  0        102.2660955        209.3975473
          1        284                  0                  0                  0                  0        35355.66685                  0        102.2660955        209.3975473
          1        285                  0                  0                  0                  0        35480.18312                  0        102.2660955        209.3975473
          1        286                  0                  0                  0                  0         35604.6994                  0        102.2660955        209.3975473
          1        287                  0                  0                  0                  0        35729.21567                  0        102.2660955        209.3975473
          1        288                  0                  0                  0                  0        35853.73194                  0        102.2660955        209.3975473
          1        289                  0                  0                  0                  0        35978.24822                  0        102.2660955        209.3975473
          1        290                  0                  0                  0                  0        36102.76449                  0        102.2660955        209.3975473
          1        291                  0                  0                  0                  0        36227.28076                  0        102.2660955        209.3975473
          1        292                  0                  0                  0                  0        36351.79704                  0        102.2660955        209.3975473
          1        293                  0                  0                  0                  0        36476.31331                  0        102.2660955        209.3975473
          1        294                  0                  0                  0                  0        36600.82958                  0        102.2660955        209.3975473
          1        295                  0                  0                  0                  0        36725.34586                  0        102.2660955        209.3975473
          1        296                  0                  0                  0                  0        36849.86213                  0        102.2660955        209.3975473
          1        297                  0                  0                  0                  0        36974.37841                  0        102.2660955        209.3975473
          1        298                  0                  0                  0                  0        37098.89468                  0        102.2660955        209.3975473
          1        299                  0                  0                  0                  0        37223.41095                  0        102.2660955        209.3975473
          1        300                  0                  0                  0                  0        37347.92723                  0        102.2660955        209.3975473
          1        301                  0                  0                  0                  0         37472.4435                  0        102.2660955        209.3975473
          1        302                  0                  0                  0                  0        37596.95977                  0        102.2660955        209.3975473
          1        303                  0                  0                  0                  0        37721.47605                  0        102.2660955        209.3975473
          1        304                  0                  0                  0                  0        37845.99232                  0        102.2660955        209.3975473
          1        305                  0                  0                  0                  0        37970.50859                  0        102.2660955        209.3975473
          1        306                  0                  0                  0                  0        38095.02487                  0        102.2660955        209.3975473
          1        307                  0                  0                  0                  0        38219.54114                  0        102.2660955        209.3975473
          1        308                  0                  0                  0                  0        38344.05742                  0        102.2660955        209.3975473
          1        309                  0                  0                  0                  0        38468.57369                  0        102.2660955        209.3975473
          1        310                  0                  0                  0                  0        38593.08996                  0        102.2660955        209.3975473
          1        311                  0                  0                  0                  0        38717.60624                  0        102.2660955        209.3975473
          1        312                  0                  0                  0                  0        38842.12251                  0        102.2660955        209.3975473
          1        313                  0                  0                  0                  0        38966.63878                  0        102.2660955        209.3975473
          1        314                  0                  0                  0                  0        39091.15506                  0        102.2660955        209.3975473
          1        315                  0                  0                  0                  0        39215.67133                  0        102.2660955        209.3975473
          1        316                  0                  0                  0                  0         39340.1876                  0        102.2660955        209.3975473
          1        317                  0                  0                  0                  0        39464.70388                  0        102.2660955        209.3975473
          1        318                  0                  0                  0                  0        39589.22015                  0        102.2660955        209.3975473
          1        319                  0                  0                  0                  0        39713.73643                  0        102.2660955        209.3975473
          1        320                  0                  0                  0                  0         39838.2527                  0        102.2660955        209.3975473
          1        321                  0                  0                  0                  0        39962.76897                  0        102.2660955        209.3975473
          1        322                  0                  0                  0                  0        40087.28525                  0        102.2660955        209.3975473
          1        323                  0                  0                  0                  0        40211.80152                  0        102.2660955        209.3975473
          1        324                  0                  0                  0                  0        40336.31779                  0        102.2660955        209.3975473
          1        325                  0                  0                  0                  0        40460.83407                  0        102.2660955        209.3975473
          1        326                  0                  0                  0                  0        40585.35034                  0        102.2660955        209.3975473
          1        327                  0                  0                  0                  0        40709.86661                  0        102.2660955        209.3975473
          1        328                  0                  0                  0                  0        40834.38289                  0        102.2660955        209.3975473
          1        329                  0                  0                  0                  0        40958.89916                  0        102.2660955        209.3975473
          1        330                  0                  0                  0                  0        41083.41544                  0        102.2660955        209.3975473
          1        331                  0                  0                  0                  0        41207.93171                  0        102.2660955        209.3975473
          1        332                  0                  0                  0                  0        41332.44798                  0        102.2660955        209.3975473
          1        333                  0                  0                  0                  0        41456.96426                  0        102.2660955        209.3975473
          1        334                  0                  0                  0                  0        41581.48053                  0        102.2660955        209.3975473
          1        335                  0                  0                  0                  0         41705.9968                  0        102.2660955        209.3975473
          1        336                  0                  0                  0                  0        41830.51308                  0        102.2660955        209.3975473
          1        337                  0                  0                  0                  0        41955.02935                  0        102.2660955        209.3975473
          1        338                  0                  0                  0                  0        42079.54562                  0        102.2660955        209.3975473
          1        339                  0                  0                  0                  0         42204.0619                  0        102.2660955        209.3975473
          1        340                  0                  0                  0                  0        42328.57817                  0        102.2660955        209.3975473
          1        341                  0                  0                  0                  0        42453.09445                  0        102.2660955        209.3975473
          1        342                  0                  0                  0                  0        42577.61072                  0        102.2660955        209.3975473
          1        343                  0                  0                  0                  0        42702.12699                  0        102.2660955        209.3975473
          1        344                  0                  0                  0                  0        42826.64327                  0        102.2660955        209.3975473
          1        345                  0                  0                  0                  0        42951.15954                  0        102.2660955        209.3975473
          1        346                  0                  0                  0                  0        43075.67581                  0        102.2660955        209.3975473
          1        347                  0                  0                  0                  0        43200.19209                  0        102.2660955        209.3975473
          1        348                  0                  0                  0                  0        43324.70836                  0        102.2660955        209.3975473
          1        349                  0                  0                  0                  0        43449.22463                  0        102.2660955        209.3975473
          1        350                  0                  0                  0                  0        43573.74091                  0        102.2660955        209.3975473
          1        351                  0                  0                  0                  0        43698.25718                  0        102.2660955        209.3975473
          1        352                  0                  0                  0                  0        43822.77346                  0        102.2660955        209.3975473
          1        353                  0                  0                  0                  0        43947.28973                  0        102.2660955        209.3975473
          1        354                  0                  0                  0                  0          44071.806                  0        102.2660955        209.3975473
          1        355                  0                  0                  0                  0        44196.32228                  0        102.2660955        209.3975473
          1        356                  0                  0                  0                  0        44320.83855                  0        102.2660955        209.3975473
          1        357                  0                  0                  0                  0        44445.35482                  0        102.2660955        209.3975473
          1        358                  0                  0                  0                  0         44569.8711                  0        102.2660955        209.3975473
          1        359                  0                  0                  0                  0        44694.38737                  0        102.2660955        209.3975473
          1        360                  0                  0                  0                  0        44818.90364                  0        102.2660955        209.3975473
          1        361                  0                  0                  0                  0        44943.41992                  0        102.2660955        209.3975473
          1        362                  0                  0                  0                  0        45067.93619                  0        102.2660955        209.3975473
          1        363                  0                  0                  0                  0        45192.45246                  0        102.2660955        209.3975473
          1        364                  0                  0                  0                  0        45316.96874                  0        102.2660955        209.3975473
          1        365                  0                  0                  0                  0        45441.48501                  0        102.2660955        209.3975473
          1        366                  0                  0                  0                  0        45566.00129                  0        102.2660955        209.3975473
          1        367                  0                  0                  0                  0        45690.51756                  0        102.2660955        209.3975473
          1        368                  0                  0                  0                  0        45815.03383                  0        102.2660955        209.3975473
          1        369                  0                  0                  0                  0        45939.55011                  0        102.2660955        209.3975473
          1        370                  0                  0                  0                  0        46064.06638                  0        102.2660955        209.3975473
          1        371                  0                  0                  0                  0        46188.58265                  0        102.2660955        209.3975473
          1        372                  0                  0                  0                  0        46313.09893                  0        102.2660955        209.3975473
          1        373                  0                  0                  0                  0         46437.6152                  0        102.2660955        209.3975473
          1        374                  0                  0                  0                  0        46562.13147                  0        102.2660955        209.3975473
          1        375                  0                  0                  0                  0        46686.64775                  0        102.2660955        209.3975473
          1        376                  0                  0                  0                  0        46811.16402                  0        102.2660955        209.3975473
          1        377                  0                  0                  0                  0         46935.6803                  0        102.2660955        209.3975473
          1        378                  0                  0                  0                  0        47060.19657                  0        102.2660955        209.3975473
          1        379                  0                  0                  0                  0        47184.71284                  0        102.2660955        209.3975473
          1        380                  0                  0                  0                  0        47309.22912                  0        102.2660955        209.3975473
          1        381                  0                  0                  0                  0        47433.74539                  0        102.2660955        209.3975473
          1        382                  0                  0                  0                  0        47558.26166                  0        102.2660955        209.3975473
          1        383                  0                  0                  0                  0        47682.77794                  0        102.2660955        209.3975473
          1        384                  0                  0                  0                  0        47807.29421                  0        102.2660955        209.3975473
          1        385                  0                  0                  0                  0        47931.81048                  0        102.2660955        209.3975473
          1        386                  0                  0                  0                  0        48056.32676                  0        102.2660955        209.3975473
          1        387                  0                  0                  0                  0        48180.84303                  0        102.2660955        209.3975473
          1        388                  0                  0                  0                  0        48305.35931                  0        102.2660955        209.3975473
          1        389                  0                  0                  0                  0        48429.87558                  0        102.2660955        209.3975473
          1        390                  0                  0                  0                  0        48554.39185                  0        102.2660955        209.3975473
          1        391                  0                  0                  0                  0        48678.90813                  0        102.2660955        209.3975473
          1        392                  0                  0                  0                  0         48803.4244                  0        102.2660955        209.3975473
          1        393                  0                  0                  0                  0        48927.94067                  0        102.2660955        209.3975473
          1        394                  0                  0                  0                  0        49052.45695                  0        102.2660955        209.3975473
          1        395                  0                  0                  0                  0        49176.97322                  0        102.2660955        209.3975473
          1        396                  0                  0                  0                  0        49301.48949                  0        102.2660955        209.3975473
          1        397                  0                  0                  0                  0        49426.00577                  0        102.2660955        209.3975473
          1        398                  0                  0                  0                  0        49550.52204                  0        102.2660955        209.3975473
          1        399                  0                  0                  0                  0        49675.03832                  0        102.2660955        209.3975473
          1        400                  0                  0                  0                  0        49799.55459                  0        102.2660955        209.3975473
          1        401                  0                  0                  0                  0        49924.07086                  0        102.2660955        209.3975473
          1        402                  0                  0                  0                  0        50048.58714                  0        102.2660955        209.3975473
          1        403                  0                  0                  0                  0        50173.10341                  0        102.2660955        209.3975473
          1        404                  0                  0                  0                  0        50297.61968                  0        102.2660955        209.3975473
          1        405                  0                  0                  0                  0        50422.13596                  0        102.2660955        209.3975473
          1        406                  0                  0                  0                  0        50546.65223                  0        102.2660955        209.3975473
          1        407                  0                  0                  0                  0         50671.1685                  0        102.2660955        209.3975473
          1        408                  0                  0                  0                  0        50795.68478                  0        102.2660955        209.3975473
          1        409                  0                  0                  0                  0        50920.20105                  0        102.2660955        209.3975473
          1        410                  0                  0                  0                  0        51044.71733                  0        102.2660955        209.3975473
          1        411                  0                  0                  0                  0         51169.2336                  0        102.2660955        209.3975473
          1        412                  0                  0                  0                  0        51293.74987                  0        102.2660955        209.3975473
          1        413                  0                  0                  0                  0        51418.26615                  0        102.2660955        209.3975473
          1        414                  0                  0                  0                  0        51542.78242                  0        102.2660955        209.3975473
          1        415                  0                  0                  0                  0        51667.29869                  0        102.2660955        209.3975473
          1        416                  0                  0                  0                  0        51791.81497                  0        102.2660955        209.3975473
          1        417                  0                  0                  0                  0        51916.33124                  0        102.2660955        209.3975473
          1        418                  0                  0                  0                  0        52040.84751                  0        102.2660955        209.3975473
          1        419                  0                  0                  0                  0        52165.36379                  0        102.2660955        209.3975473
          1        420                  0                  0                  0                  0        52289.88006                  0        102.2660955        209.3975473
          1        421                  0                  0                  0                  0        52414.39634                  0        102.2660955        209.3975473
          1        422                  0                  0                  0                  0        52538.91261                  0        102.2660955        209.3975473
          1        423                  0                  0                  0                  0        52663.42888                  0        102.2660955        209.3975473
          1        424                  0                  0                  0                  0        52787.94516                  0        102.2660955        209.3975473
          1        425                  0                  0                  0                  0        52912.46143                  0        102.2660955        209.3975473
          1        426                  0                  0                  0                  0         53036.9777                  0        102.2660955        209.3975473
          1        427                  0                  0                  0                  0        53161.49398                  0        102.2660955        209.3975473
          1        428                  0                  0                  0                  0        53286.01025                  0        102.2660955        209.3975473
          1        429                  0                  0                  0                  0        53410.52652                  0        102.2660955        209.3975473
          1        430                  0                  0                  0                  0         53535.0428                  0        102.2660955        209.3975473
          1        431                  0                  0                  0                  0        53659.55907                  0        102.2660955        209.3975473
          1        432                  0                  0                  0                  0        53784.07534                  0        102.2660955        209.3975473
          1        433                  0                  0                  0                  0        53908.59162                  0        102.2660955        209.3975473
          1        434                  0                  0                  0                  0        54033.10789                  0        102.2660955        209.3975473
          1        435                  0                  0                  0                  0        54157.62417                  0        102.2660955        209.3975473
          1        436                  0                  0                  0                  0        54282.14044                  0        102.2660955        209.3975473
          1        437                  0                  0                  0                  0        54406.65671                  0        102.2660955        209.3975473
          1        438                  0                  0                  0                  0        54531.17299                  0        102.2660955        209.3975473
          1        439                  0                  0                  0                  0        54655.68926                  0        102.2660955        209.3975473
          1        440                  0                  0                  0                  0        54780.20553                  0        102.2660955        209.3975473
          1        441                  0                  0                  0                  0        54904.72181                  0        102.2660955        209.3975473
          1        442                  0                  0                  0                  0        55029.23808                  0        102.2660955        209.3975473
          1        443                  0                  0                  0                  0        55153.75435                  0        102.2660955        209.3975473
          1        444                  0                  0                  0                  0        55278.27063                  0        102.2660955        209.3975473
          1        445                  0                  0                  0                  0         55402.7869                  0        102.2660955        209.3975473
          1        446                  0                  0                  0                  0        55527.30318                  0        102.2660955        209.3975473
          1        447                  0                  0                  0                  0        55651.81945                  0        102.2660955        209.3975473
          1        448                  0                  0                  0                  0        55776.33572                  0        102.2660955        209.3975473
          1        449                  0                  0                  0                  0          55900.852                  0        102.2660955        209.3975473
          1        450                  0                  0                  0                  0        56025.36827                  0        102.2660955        209.3975473
          1        451                  0                  0                  0                  0        56149.88454                  0        102.2660955        209.3975473
          1        452                  0                  0                  0                  0        56274.40082                  0        102.2660955        209.3975473
          1        453                  0                  0                  0                  0        56398.91709                  0        102.2660955        209.3975473
          1        454                  0                  0                  0                  0        56523.43336                  0        102.2660955        209.3975473
          1        455                  0                  0                  0                  0        56647.94964                  0        102.2660955        209.3975473
          1        456                  0                  0                  0                  0        56772.46591                  0        102.2660955        209.3975473
          1        457                  0                  0                  0                  0        56896.98219                  0        102.2660955        209.3975473
          1        458                  0                  0                  0                  0        57021.49846                  0        102.2660955        209.3975473
          1        459                  0                  0                  0                  0        57146.01473                  0        102.2660955        209.3975473
          1        460                  0                  0                  0                  0        57270.53101                  0        102.2660955        209.3975473
          1        461                  0                  0                  0                  0        57395.04728                  0        102.2660955        209.3975473
          1        462                  0                  0                  0                  0        57519.56355                  0        102.2660955        209.3975473
          1        463                  0                  0                  0                  0        57644.07983                  0        102.2660955        209.3975473
          1        464                  0                  0                  0                  0         57768.5961                  0        102.2660955        209.3975473
          1        465                  0                  0                  0                  0        57893.11237                  0        102.2660955        209.3975473
          1        466                  0                  0                  0                  0        58017.62865                  0        102.2660955        209.3975473
          1        467                  0                  0                  0                  0        58142.14492                  0        102.2660955        209.3975473
          1        468                  0                  0                  0                  0         58266.6612                  0        102.2660955        209.3975473
          1        469                  0                  0                  0                  0        58391.17747                  0        102.2660955        209.3975473
          1        470                  0                  0                  0                  0        58515.69374                  0        102.2660955        209.3975473
          1        471                  0                  0                  0                  0        58640.21002                  0        102.2660955        209.3975473
          1        472                  0                  0                  0                  0        58764.72629                  0        102.2660955        209.3975473
          1        473                  0                  0                  0                  0        58889.24256                  0        102.2660955        209.3975473
          1        474                  0                  0                  0                  0        59013.75884                  0        102.2660955        209.3975473
          1        475                  0                  0                  0                  0        59138.27511                  0        102.2660955        209.3975473
          1        476                  0                  0                  0                  0        59262.79138                  0        102.2660955        209.3975473
          1        477                  0                  0                  0                  0        59387.30766                  0        102.2660955        209.3975473
          1        478                  0                  0                  0                  0        59511.82393                  0        102.2660955        209.3975473
          1        479                  0                  0                  0                  0        59636.34021                  0        102.2660955        209.3975473
          1        480                  0                  0                  0                  0        59760.85648                  0        102.2660955        209.3975473
          1        481                  0                  0                  0                  0        59885.37275                  0        102.2660955        209.3975473
          1        482                  0                  0                  0                  0        60009.88903                  0        102.2660955        209.3975473
          1        483                  0                  0                  0                  0         60134.4053                  0        102.2660955        209.3975473
          1        484                  0                  0                  0                  0        60258.92157                  0        102.2660955        209.3975473
          1        485                  0                  0                  0                  0        60383.43785                  0        102.2660955        209.3975473
          1        486                  0                  0                  0                  0        60507.95412                  0        102.2660955        209.3975473
          1        487                  0                  0                  0                  0        60632.47039                  0        102.2660955        209.3975473
          1        488                  0                  0                  0                  0        60756.98667                  0        102.2660955        209.3975473
          1        489                  0                  0                  0                  0        60881.50294                  0        102.2660955        209.3975473
          1        490                  0                  0                  0                  0        61006.01922                  0        102.2660955        209.3975473
          1        491                  0                  0                  0                  0        61130.53549                  0        102.2660955        209.3975473
          1        492                  0                  0                  0                  0        61255.05176                  0        102.2660955        209.3975473
          1        493                  0                  0                  0                  0        61379.56804                  0        102.2660955        209.3975473
          1        494                  0                  0                  0                  0        61504.08431                  0        102.2660955        209.3975473
          1        495                  0                  0                  0                  0        61628.60058                  0        102.2660955        209.3975473
          1        496                  0                  0                  0                  0        61753.11686                  0        102.2660955        209.3975473
          1        497                  0                  0                  0                  0        61877.63313                  0        102.2660955        209.3975473
          1        498                  0                  0                  0                  0         62002.1494                  0        102.2660955        209.3975473
          1        499                  0                  0                  0                  0        62126.66568                  0        102.2660955        209.3975473
          1        500                  0                  0                  0                  0        62251.18195                  0        102.2660955        209.3975473
          1        501                  0                  0                  0                  0        62375.69822                  0        102.2660955        209.3975473
          1        502                  0                  0                  0                  0         62500.2145                  0        102.2660955        209.3975473
          1        503                  0                  0                  0                  0        62624.73077                  0        102.2660955        209.3975473
          1        504                  0                  0                  0                  0        62749.24705                  0        102.2660955        209.3975473
          1        505                  0                  0                  0                  0        62873.76332                  0        102.2660955        209.3975473
          1        506                  0                  0                  0                  0        62998.27959                  0        102.2660955        209.3975473
          1        507                  0                  0                  0                  0        63122.79587                  0        102.2660955        209.3975473
          1        508                  0                  0                  0                  0        63247.31214                  0        102.2660955        209.3975473
          1        509                  0                  0                  0                  0        63371.82841                  0        102.2660955        209.3975473
          1        510                  0                  0                  0                  0        63496.34469                  0        102.2660955        209.3975473
          1        511                  0                  0                  0                  0        63620.86096                  0        102.2660955        209.3975473
          1        512                  0                  0                  0                  0        63745.37723                  0        102.2660955        209.3975473
          1        513                  0                  0                  0                  0        63869.89351                  0        102.2660955        209.3975473
          1        514                  0                  0                  0                  0        63994.40978                  0        102.2660955        209.3975473
          1        515                  0                  0                  0                  0        64118.92606                  0        102.2660955        209.3975473
          1        516                  0                  0                  0                  0        64243.44233                  0        102.2660955        209.3975473
          1        517                  0                  0                  0                  0         64367.9586                  0        102.2660955        209.3975473
          1        518                  0                  0                  0                  0        64492.47488                  0        102.2660955        209.3975473
          1        519                  0                  0                  0                  0        64616.99115                  0        102.2660955        209.3975473
          1        520                  0                  0                  0                  0        64741.50742                  0        102.2660955        209.3975473
          1        521                  0                  0                  0                  0         64866.0237                  0        102.2660955        209.3975473
          1        522                  0                  0                  0                  0        64990.53997                  0        102.2660955        209.3975473
          1        523                  0                  0                  0                  0        65115.05624                  0        102.2660955        209.3975473
          1        524                  0                  0                  0                  0        65239.57252                  0        102.2660955        209.3975473
          1        525                  0                  0                  0                  0        65364.08879                  0        102.2660955        209.3975473
          1        526                  0                  0                  0                  0        65488.60507                  0        102.2660955        209.3975473
          1        527                  0                  0                  0                  0        65613.12134                  0        102.2660955        209.3975473
          1        528                  0                  0                  0                  0        65737.63761                  0        102.2660955        209.3975473
          1        529                  0                  0                  0                  0        65862.15389                  0        102.2660955        209.3975473
          1        530                  0                  0                  0                  0        65986.67016                  0        102.2660955        209.3975473
          1        531                  0                  0                  0                  0        66111.18643                  0        102.2660955        209.3975473
          1        532                  0                  0                  0                  0        66235.70271                  0        102.2660955        209.3975473
          1        533                  0                  0                  0                  0        66360.21898                  0        102.2660955        209.3975473
          1        534                  0                  0                  0                  0        66484.73525                  0        102.2660955        209.3975473
          1        535                  0                  0                  0                  0        66609.25153                  0        102.2660955        209.3975473
          1        536                  0                  0                  0                  0         66733.7678                  0        102.2660955        209.3975473
          1        537                  0                  0                  0                  0        66858.28408                  0        102.2660955        209.3975473
          1        538                  0                  0                  0                  0        66982.80035                  0        102.2660955        209.3975473
          1        539                  0                  0                  0                  0        67107.31662                  0        102.2660955        209.3975473
          1        540                  0                  0                  0                  0         67231.8329                  0        102.2660955        209.3975473
          1        541                  0                  0                  0                  0        67356.34917                  0        102.2660955        209.3975473
          1        542                  0                  0                  0                  0        67480.86544                  0        102.2660955        209.3975473
          1        543                  0                  0                  0                  0        67605.38172                  0        102.2660955        209.3975473
          1        544                  0                  0                  0                  0        67729.89799                  0        102.2660955        209.3975473
          1        545                  0                  0                  0                  0        67854.41426                  0        102.2660955        209.3975473
          1        546                  0                  0                  0                  0        67978.93054                  0        102.2660955        209.3975473
          1        547                  0                  0                  0                  0        68103.44681                  0        102.2660955        209.3975473
          1        548                  0                  0                  0                  0        68227.96309                  0        102.2660955        209.3975473
          1        549                  0                  0                  0                  0        68352.47936                  0        102.2660955        209.3975473
          1        550                  0                  0                  0                  0        68476.99563                  0        102.2660955        209.3975473
          1        551                  0                  0                  0                  0        68601.51191                  0        102.2660955        209.3975473
          1        552                  0                  0                  0                  0        68726.02818                  0        102.2660955        209.3975473
          1        553                  0                  0                  0                  0        68850.54445                  0        102.2660955        209.3975473
          1        554                  0                  0                  0                  0        68975.06073                  0        102.2660955        209.3975473
          1        555                  0                  0                  0                  0          69099.577                  0        102.2660955        209.3975473
          1        556                  0                  0                  0                  0        69224.09327                  0        102.2660955        209.3975473
          1        557                  0                  0                  0                  0        69348.60955                  0        102.2660955        209.3975473
          1        558                  0                  0                  0                  0        69473.12582                  0        102.2660955        209.3975473
          1        559                  0                  0                  0                  0         69597.6421                  0        102.2660955        209.3975473
          1        560                  0                  0                  0                  0        69722.15837                  0        102.2660955        209.3975473
          1        561                  0                  0                  0                  0        69846.67464                  0        102.2660955        209.3975473
          1        562                  0                  0                  0                  0        69971.19092                  0        102.2660955        209.3975473
          1        563                  0                  0                  0                  0        70095.70719                  0        102.2660955        209.3975473
          1        564                  0                  0                  0                  0        70220.22346                  0        102.2660955        209.3975473
          1        565                  0                  0                  0                  0        70344.73974                  0        102.2660955        209.3975473
          1        566                  0                  0                  0                  0        70469.25601                  0        102.2660955        209.3975473
          1        567                  0                  0                  0                  0        70593.77228                  0        102.2660955        209.3975473
          1        568                  0                  0                  0                  0        70718.28856                  0        102.2660955        209.3975473
          1        569                  0                  0                  0                  0        70842.80483                  0        102.2660955        209.3975473
          1        570                  0                  0                  0                  0        70967.32111                  0        102.2660955        209.3975473
          1        571                  0                  0                  0                  0        71091.83738                  0        102.2660955        209.3975473
          1        572                  0                  0                  0                  0        71216.35365                  0        102.2660955        209.3975473
          1        573                  0                  0                  0                  0        71340.86993                  0        102.2660955        209.3975473
          1        574                  0                  0                  0                  0         71465.3862                  0        102.2660955        209.3975473
          1        575                  0                  0                  0                  0        71589.90247                  0        102.2660955        209.3975473
          1        576                  0                  0                  0                  0        71714.41875                  0        102.2660955        209.3975473
          1        577                  0                  0                  0                  0        71838.93502                  0        102.2660955        209.3975473
          1        578                  0                  0                  0                  0        71963.45129                  0        102.2660955        209.3975473
          1        579                  0                  0                  0                  0        72087.96757                  0        102.2660955        209.3975473
          1        580                  0                  0                  0                  0        72212.48384                  0        102.2660955        209.3975473
          1        581                  0                  0                  0                  0        72337.00011                  0        102.2660955        209.3975473
          1        582                  0                  0                  0                  0        72461.51639                  0        102.2660955        209.3975473
          1        583                  0                  0                  0                  0        72586.03266                  0        102.2660955        209.3975473
          1        584                  0                  0                  0                  0        72710.54894                  0        102.2660955        209.3975473
          1        585                  0                  0                  0                  0        72835.06521                  0        102.2660955        209.3975473
          1        586                  0                  0                  0                  0        72959.58148                  0        102.2660955        209.3975473
          1        587                  0                  0                  0                  0        73084.09776                  0        102.2660955        209.3975473
          1        588                  0                  0                  0                  0        73208.61403                  0        102.2660955        209.3975473
          1        589                  0                  0                  0                  0         73333.1303                  0        102.2660955        209.3975473
          1        590                  0                  0                  0                  0        73457.64658                  0        102.2660955        209.3975473
          1        591                  0                  0                  0                  0        73582.16285                  0        102.2660955        209.3975473
          1        592                  0                  0                  0                  0        73706.67912                  0        102.2660955        209.3975473
          1        593                  0                  0                  0                  0         73831.1954                  0        102.2660955        209.3975473
          1        594                  0                  0                  0                  0        73955.71167                  0        102.2660955        209.3975473
          1        595                  0                  0                  0                  0        74080.22795                  0        102.2660955        209.3975473
          1        596                  0                  0                  0                  0        74204.74422                  0        102.2660955        209.3975473
          1        597                  0                  0                  0                  0        74329.26049                  0        102.2660955        209.3975473
          1        598                  0                  0                  0                  0        74453.77677                  0        102.2660955        209.3975473
          1        599                  0                  0                  0                  0        74578.29304                  0        102.2660955        209.3975473
          1        600                  0                  0                  0                  0        74702.80931                  0        102.2660955        209.3975473
          1        601                  0                  0                  0                  0        74827.32559                  0        102.2660955        209.3975473
          1        602                  0                  0                  0                  0        74951.84186                  0        102.2660955        209.3975473
          1        603                  0                  0                  0                  0        75076.35813                  0        102.2660955        209.3975473
          1        604                  0                  0                  0                  0        75200.87441                  0        102.2660955        209.3975473
          1        605                  0                  0                  0                  0        75325.39068                  0        102.2660955        209.3975473
          1        606                  0                  0                  0                  0        75449.90696                  0        102.2660955        209.3975473
          1        607                  0                  0                  0                  0        75574.42323                  0        102.2660955        209.3975473
          1        608                  0                  0                  0                  0         75698.9395                  0        102.2660955        209.3975473
          1        609                  0                  0                  0                  0        75823.45578                  0        102.2660955        209.3975473
          1        610                  0                  0                  0                  0        75947.97205                  0        102.2660955        209.3975473
          1        611                  0                  0                  0                  0        76072.48832                  0        102.2660955        209.3975473
          1        612                  0                  0                  0                  0         76197.0046                  0        102.2660955        209.3975473
          1        613                  0                  0                  0                  0        76321.52087                  0        102.2660955        209.3975473
          1        614                  0                  0                  0                  0        76446.03714                  0        102.2660955        209.3975473
          1        615                  0                  0                  0                  0        76570.55342                  0        102.2660955        209.3975473
          1        616                  0                  0                  0                  0        76695.06969                  0        102.2660955        209.3975473
          1        617                  0                  0                  0                  0        76819.58597                  0        102.2660955        209.3975473
          1        618                  0                  0                  0                  0        76944.10224                  0        102.2660955        209.3975473
          1        619                  0                  0                  0                  0        77068.61851                  0        102.2660955        209.3975473
          1        620                  0                  0                  0                  0        77193.13479                  0        102.2660955        209.3975473
          1        621                  0                  0                  0                  0        77317.65106                  0        102.2660955        209.3975473
          1        622                  0                  0                  0                  0        77442.16733                  0        102.2660955        209.3975473
          1        623                  0                  0                  0                  0        77566.68361                  0        102.2660955        209.3975473
          1        624                  0                  0                  0                  0        77691.19988                  0        102.2660955        209.3975473
          1        625                  0                  0                  0                  0        77815.71615                  0        102.2660955        209.3975473
          1        626                  0                  0                  0                  0        77940.23243                  0        102.2660955        209.3975473
          1        627                  0                  0                  0                  0         78064.7487                  0        102.2660955        209.3975473
          1        628                  0                  0                  0                  0        78189.26498                  0        102.2660955        209.3975473
          1        629                  0                  0                  0                  0        78313.78125                  0        102.2660955        209.3975473
          1        630                  0                  0                  0                  0        78438.29752                  0        102.2660955        209.3975473
          1        631                  0                  0                  0                  0         78562.8138                  0        102.2660955        209.3975473
          1        632                  0                  0                  0                  0        78687.33007                  0        102.2660955        209.3975473
          1        633                  0                  0                  0                  0        78811.84634                  0        102.2660955        209.3975473
          1        634                  0                  0                  0                  0        78936.36262                  0        102.2660955        209.3975473
          1        635                  0                  0                  0                  0        79060.87889                  0        102.2660955        209.3975473
          1        636                  0                  0                  0                  0        79185.39516                  0        102.2660955        209.3975473
          1        637                  0                  0                  0                  0        79309.91144                  0        102.2660955        209.3975473
          1        638                  0                  0                  0                  0        79434.42771                  0        102.2660955        209.3975473
          1        639                  0                  0                  0                  0        79558.94399                  0        102.2660955        209.3975473
          1        640                  0                  0                  0                  0        79683.46026                  0        102.2660955        209.3975473
          1        641                  0                  0                  0                  0        79807.97653                  0        102.2660955        209.3975473
          1        642                  0                  0                  0                  0        79932.49281                  0        102.2660955        209.3975473
          1        643                  0                  0                  0                  0        80057.00908                  0        102.2660955        209.3975473
          1        644                  0                  0                  0                  0        80181.52535                  0        102.2660955        209.3975473
          1        645                  0                  0                  0                  0        80306.04163                  0        102.2660955        209.3975473
          1        646                  0                  0                  0                  0         80430.5579                  0        102.2660955        209.3975473
          1        647                  0                  0                  0                  0        80555.07417                  0        102.2660955        209.3975473
          1        648                  0                  0                  0                  0        80679.59045                  0        102.2660955        209.3975473
          1        649                  0                  0                  0                  0        80804.10672                  0        102.2660955        209.3975473
          1        650                  0                  0                  0                  0        80928.62299                  0        102.2660955        209.3975473
          1        651                  0                  0                  0                  0        81053.13927                  0        102.2660955        209.3975473
          1        652                  0                  0                  0                  0        81177.65554                  0        102.2660955        209.3975473
          1        653                  0                  0                  0                  0        81302.17182                  0        102.2660955        209.3975473
          1        654                  0                  0                  0                  0        81426.68809                  0        102.2660955        209.3975473
          1        655                  0                  0                  0                  0        81551.20436                  0        102.2660955        209.3975473
          1        656                  0                  0                  0                  0        81675.72064                  0        102.2660955        209.3975473
          1        657                  0                  0                  0                  0        81800.23691                  0        102.2660955        209.3975473
          1        658                  0                  0                  0                  0        81924.75318                  0        102.2660955        209.3975473
          1        659                  0                  0                  0                  0        82049.26946                  0        102.2660955        209.3975473
          1        660                  0                  0                  0                  0        82173.78573                  0        102.2660955        209.3975473
          1        661                  0                  0                  0                  0          82298.302                  0        102.2660955        209.3975473
          1        662                  0                  0                  0                  0        82422.81828                  0        102.2660955        209.3975473
          1        663                  0                  0                  0                  0        82547.33455                  0        102.2660955        209.3975473
          1        664                  0                  0                  0                  0        82671.85083                  0        102.2660955        209.3975473
          1        665                  0                  0                  0                  0         82796.3671                  0        102.2660955        209.3975473
          1        666                  0                  0                  0                  0        82920.88337                  0        102.2660955        209.3975473
          1        667                  0                  0                  0                  0        83045.39965                  0        102.2660955        209.3975473
          1        668                  0                  0                  0                  0        83169.91592                  0        102.2660955        209.3975473
          1        669                  0                  0                  0                  0        83294.43219                  0        102.2660955        209.3975473
          1        670                  0                  0                  0                  0        83418.94847                  0        102.2660955        209.3975473
          1        671                  0                  0                  0                  0        83543.46474                  0        102.2660955        209.3975473
          1        672                  0                  0                  0                  0        83667.98101                  0        102.2660955        209.3975473
          1        673                  0                  0                  0                  0        83792.49729                  0        102.2660955        209.3975473
          1        674                  0                  0                  0                  0        83917.01356                  0        102.2660955        209.3975473
          1        675                  0                  0                  0                  0        84041.52984                  0        102.2660955        209.3975473
          1        676                  0                  0                  0                  0        84166.04611                  0        102.2660955        209.3975473
          1        677                  0                  0                  0                  0        84290.56238                  0        102.2660955        209.3975473
          1        678                  0                  0                  0                  0        84415.07866                  0        102.2660955        209.3975473
          1        679                  0                  0                  0                  0        84539.59493                  0        102.2660955        209.3975473
          1        680                  0                  0                  0                  0         84664.1112                  0        102.2660955        209.3975473
          1        681                  0                  0                  0                  0        84788.62748                  0        102.2660955        209.3975473
          1        682                  0                  0                  0                  0        84913.14375                  0        102.2660955        209.3975473
          1        683                  0                  0                  0                  0        85037.66002                  0        102.2660955        209.3975473
          1        684                  0                  0                  0                  0         85162.1763                  0        102.2660955        209.3975473
          1        685                  0                  0                  0                  0        85286.69257                  0        102.2660955        209.3975473
          1        686                  0                  0                  0                  0        85411.20885                  0        102.2660955        209.3975473
          1        687                  0                  0                  0                  0        85535.72512                  0        102.2660955        209.3975473
          1        688                  0                  0                  0                  0        85660.24139                  0        102.2660955        209.3975473
          1        689                  0                  0                  0                  0        85784.75767                  0        102.2660955        209.3975473
          1        690                  0                  0                  0                  0        85909.27394                  0        102.2660955        209.3975473
          1        691                  0                  0                  0                  0        86033.79021                  0        102.2660955        209.3975473
          1        692                  0                  0                  0                  0        86158.30649                  0        102.2660955        209.3975473
          1        693                  0                  0                  0                  0        86282.82276                  0        102.2660955        209.3975473
          1        694                  0                  0                  0                  0        86407.33903                  0        102.2660955        209.3975473
          1        695                  0                  0                  0                  0        86531.85531                  0        102.2660955        209.3975473
          1        696                  0                  0                  0                  0        86656.37158                  0        102.2660955        209.3975473
          1        697                  0                  0                  0                  0        86780.88786                  0        102.2660955        209.3975473
          1        698                  0                  0                  0                  0        86905.40413                  0        102.2660955        209.3975473
          1        699                  0                  0                  0                  0         87029.9204                  0        102.2660955        209.3975473
          1        700                  0                  0                  0                  0        87154.43668                  0        102.2660955        209.3975473
          1        701                  0                  0                  0                  0        87278.95295                  0        102.2660955        209.3975473
          1        702                  0                  0                  0                  0        87403.46922                  0        102.2660955        209.3975473
          1        703                  0                  0                  0                  0         87527.9855                  0        102.2660955        209.3975473
          1        704                  0                  0                  0                  0        87652.50177                  0        102.2660955        209.3975473
          1        705                  0                  0                  0                  0        87777.01804                  0        102.2660955        209.3975473
          1        706                  0                  0                  0                  0        87901.53432                  0        102.2660955        209.3975473
          1        707                  0                  0                  0                  0        88026.05059                  0        102.2660955        209.3975473
          1        708                  0                  0                  0                  0        88150.56687                  0        102.2660955        209.3975473
          1        709                  0                  0                  0                  0        88275.08314                  0        102.2660955        209.3975473
          1        710                  0                  0                  0                  0        88399.59941                  0        102.2660955        209.3975473
          1        711                  0                  0                  0                  0        88524.11569                  0        102.2660955        209.3975473
          1        712                  0                  0                  0                  0        88648.63196                  0        102.2660955        209.3975473
          1        713                  0                  0                  0                  0        88773.14823                  0        102.2660955        209.3975473
          1        714                  0                  0                  0                  0        88897.66451                  0        102.2660955        209.3975473
          1        715                  0                  0                  0                  0        89022.18078                  0        102.2660955        209.3975473
          1        716                  0                  0                  0                  0        89146.69705                  0        102.2660955        209.3975473
          1        717                  0                  0                  0                  0        89271.21333                  0        102.2660955        209.3975473
          1        718                  0                  0                  0                  0         89395.7296                  0        102.2660955        209.3975473
          1        719                  0                  0                  0                  0        89520.24588                  0        102.2660955        209.3975473
          1        720                  0                  0                  0                  0        89644.76215                  0        102.2660955        209.3975473
          1        721                  0                  0                  0                  0        89769.27842                  0        102.2660955        209.3975473
          1        722                  0                  0                  0                  0         89893.7947                  0        102.2660955        209.3975473
          1        723                  0                  0                  0                  0        90018.31097                  0        102.2660955        209.3975473
          1        724                  0                  0                  0                  0        90142.82724                  0        102.2660955        209.3975473
          1        725                  0                  0                  0                  0        90267.34352                  0        102.2660955        209.3975473
          1        726                  0                  0                  0                  0        90391.85979                  0        102.2660955        209.3975473
          1        727                  0                  0                  0                  0        90516.37606                  0        102.2660955        209.3975473
          1        728                  0                  0                  0                  0        90640.89234                  0        102.2660955        209.3975473
          1        729                  0                  0                  0                  0        90765.40861                  0        102.2660955        209.3975473
          1        730                  0                  0                  0                  0        90889.92488                  0        102.2660955        209.3975473
          1        731                  0                  0                  0                  0        91014.44116                  0        102.2660955        209.3975473
          1        732                  0                  0                  0                  0        91138.95743                  0        102.2660955        209.3975473
          1        733                  0                  0                  0                  0        91263.47371                  0        102.2660955        209.3975473
          1        734                  0                  0                  0                  0        91387.98998                  0        102.2660955        209.3975473
          1        735                  0                  0                  0                  0        91512.50625                  0        102.2660955        209.3975473
          1        736                  0                  0                  0                  0        91637.02253                  0        102.2660955        209.3975473
          1        737                  0                  0                  0                  0         91761.5388                  0        102.2660955        209.3975473
          1        738                  0                  0                  0                  0        91886.05507                  0        102.2660955        209.3975473
          1        739                  0                  0                  0                  0        92010.57135                  0        102.2660955        209.3975473
          1        740                  0                  0                  0                  0        92135.08762                  0        102.2660955        209.3975473
          1        741                  0                  0                  0                  0        92259.60389                  0        102.2660955        209.3975473
          1        742                  0                  0                  0                  0        92384.12017                  0        102.2660955        209.3975473
          1        743                  0                  0                  0                  0        92508.63644                  0        102.2660955        209.3975473
          1        744                  0                  0                  0                  0        92633.15272                  0        102.2660955        209.3975473
          1        745                  0                  0                  0                  0        92757.66899                  0        102.2660955        209.3975473
          1        746                  0                  0                  0                  0        92882.18526                  0        102.2660955        209.3975473
          1        747                  0                  0                  0                  0        93006.70154                  0        102.2660955        209.3975473
          1        748                  0                  0                  0                  0        93131.21781                  0        102.2660955        209.3975473
          1        749                  0                  0                  0                  0        93255.73408                  0        102.2660955        209.3975473
          1        750                  0                  0                  0                  0        93380.25036                  0        102.2660955        209.3975473
          1        751                  0                  0                  0                  0        93504.76663                  0        102.2660955        209.3975473
          1        752                  0                  0                  0                  0         93629.2829                  0        102.2660955        209.3975473
          1        753                  0                  0                  0                  0        93753.79918                  0        102.2660955        209.3975473
          1        754                  0                  0                  0                  0        93878.31545                  0        102.2660955        209.3975473
          1        755                  0                  0                  0                  0        94002.83173                  0        102.2660955        209.3975473
          1        756                  0                  0                  0                  0          94127.348                  0        102.2660955        209.3975473
          1        757                  0                  0                  0                  0        94251.86427                  0        102.2660955        209.3975473
          1        758                  0                  0                  0                  0        94376.38055                  0        102.2660955        209.3975473
          1        759                  0                  0                  0                  0        94500.89682                  0        102.2660955        209.3975473
          1        760                  0                  0                  0                  0        94625.41309                  0        102.2660955        209.3975473
          1        761                  0                  0                  0                  0        94749.92937                  0        102.2660955        209.3975473
          1        762                  0                  0                  0                  0        94874.44564                  0        102.2660955        209.3975473
          1        763                  0                  0                  0                  0        94998.96191                  0        102.2660955        209.3975473
          1        764                  0                  0                  0                  0        95123.47819                  0        102.2660955        209.3975473
          1        765                  0                  0                  0                  0        95247.99446                  0        102.2660955        209.3975473
          1        766                  0                  0                  0                  0        95372.51074                  0        102.2660955        209.3975473
          1        767                  0                  0                  0                  0        95497.02701                  0        102.2660955        209.3975473
          1        768                  0                  0                  0                  0        95621.54328                  0        102.2660955        209.3975473
          1        769                  0                  0                  0                  0        95746.05956                  0        102.2660955        209.3975473
          1        770                  0                  0                  0                  0        95870.57583                  0        102.2660955        209.3975473
          1        771                  0                  0                  0                  0         95995.0921                  0        102.2660955        209.3975473
          1        772                  0                  0                  0                  0        96119.60838                  0        102.2660955        209.3975473
          1        773                  0                  0                  0                  0        96244.12465                  0        102.2660955        209.3975473
          1        774                  0                  0                  0                  0        96368.64092                  0        102.2660955        209.3975473
          1        775                  0                  0                  0                  0         96493.1572                  0        102.2660955        209.3975473
          1        776                  0                  0                  0                  0        96617.67347                  0        102.2660955        209.3975473
          1        777                  0                  0                  0                  0        96742.18975                  0        102.2660955        209.3975473
          1        778                  0                  0                  0                  0        96866.70602                  0        102.2660955        209.3975473
          1        779                  0                  0                  0                  0        96991.22229                  0        102.2660955        209.3975473
          1        780                  0                  0                  0                  0        97115.73857                  0        102.2660955        209.3975473
          1        781                  0                  0                  0                  0        97240.25484                  0        102.2660955        209.3975473
          1        782                  0                  0                  0                  0        97364.77111                  0        102.2660955        209.3975473
          1        783                  0                  0                  0                  0        97489.28739                  0        102.2660955        209.3975473
          1        784                  0                  0                  0                  0        97613.80366                  0        102.2660955        209.3975473
          1        785                  0                  0                  0                  0        97738.31993                  0        102.2660955        209.3975473
          1        786                  0                  0                  0                  0        97862.83621                  0        102.2660955        209.3975473
          1        787                  0                  0                  0                  0        97987.35248                  0        102.2660955        209.3975473
          1        788                  0                  0                  0                  0        98111.86876                  0        102.2660955        209.3975473
          1        789                  0                  0                  0                  0        98236.38503                  0        102.2660955        209.3975473
          1        790                  0                  0                  0                  0         98360.9013                  0        102.2660955        209.3975473
          1        791                  0                  0                  0                  0        98485.41758                  0        102.2660955        209.3975473
          1        792                  0                  0                  0                  0        98609.93385                  0        102.2660955        209.3975473
          1        793                  0                  0                  0                  0        98734.45012                  0        102.2660955        209.3975473
          1        794                  0                  0                  0                  0         98858.9664                  0        102.2660955        209.3975473
          1        795                  0                  0                  0                  0        98983.48267                  0        102.2660955        209.3975473
          1        796                  0                  0                  0                  0        99107.99894                  0        102.2660955        209.3975473
          1        797                  0                  0                  0                  0        99232.51522                  0        102.2660955        209.3975473
          1        798                  0                  0                  0                  0        99357.03149                  0        102.2660955        209.3975473
          1        799                  0                  0                  0                  0        99481.54776                  0        102.2660955        209.3975473
          1        800                  0                  0                  0                  0        99606.06404                  0        102.2660955        209.3975473
          1        801                  0                  0                  0                  0        99730.58031                  0        102.2660955        209.3975473
          1        802                  0                  0                  0                  0        99855.09659                  0        102.2660955        209.3975473
          1        803                  0                  0                  0                  0        99979.61286                  0        102.2660955        209.3975473
          1        804                  0                  0                  0                  0        100104.1291                  0        102.2660955        209.3975473
          1        805                  0                  0                  0                  0        100228.6454                  0        102.2660955        209.3975473
          1        806                  0                  0                  0                  0        100353.1617                  0        102.2660955        209.3975473
          1        807                  0                  0                  0                  0         100477.678                  0        102.2660955        209.3975473
          1        808                  0                  0                  0                  0        100602.1942                  0        102.2660955        209.3975473
          1        809                  0                  0                  0                  0        100726.7105                  0        102.2660955        209.3975473
          1        810                  0                  0                  0                  0        100851.2268                  0        102.2660955        209.3975473
          1        811                  0                  0                  0                  0         100975.743                  0        102.2660955        209.3975473
          1        812                  0                  0                  0                  0        101100.2593                  0        102.2660955        209.3975473
          1        813                  0                  0                  0                  0        101224.7756                  0        102.2660955        209.3975473
          1        814                  0                  0                  0                  0        101349.2919                  0        102.2660955        209.3975473
          1        815                  0                  0                  0                  0        101473.8081                  0        102.2660955        209.3975473
          1        816                  0                  0                  0                  0        101598.3244                  0        102.2660955        209.3975473
          1        817                  0                  0                  0                  0        101722.8407                  0        102.2660955        209.3975473
          1        818                  0                  0                  0                  0         101847.357                  0        102.2660955        209.3975473
          1        819                  0                  0                  0                  0        101971.8732                  0        102.2660955        209.3975473
          1        820                  0                  0                  0                  0        102096.3895                  0        102.2660955        209.3975473
          1        821                  0                  0                  0                  0        102220.9058                  0        102.2660955        209.3975473
          1        822                  0                  0                  0                  0        102345.4221                  0        102.2660955        209.3975473
          1        823                  0                  0                  0                  0        102469.9383                  0        102.2660955        209.3975473
          1        824                  0                  0                  0                  0        102594.4546                  0        102.2660955        209.3975473
          1        825                  0                  0                  0                  0        102718.9709                  0        102.2660955        209.3975473
          1        826                  0                  0                  0                  0        102843.4872                  0        102.2660955        209.3975473
          1        827                  0                  0                  0                  0        102968.0034                  0        102.2660955        209.3975473
          1        828                  0                  0                  0                  0        103092.5197                  0        102.2660955        209.3975473
          1        829                  0                  0                  0                  0         103217.036                  0        102.2660955        209.3975473
          1        830                  0                  0                  0                  0        103341.5522                  0        102.2660955        209.3975473
          1        831                  0                  0                  0                  0        103466.0685                  0        102.2660955        209.3975473
          1        832                  0                  0                  0                  0        103590.5848                  0        102.2660955        209.3975473
          1        833                  0                  0                  0                  0        103715.1011                  0        102.2660955        209.3975473
          1        834                  0                  0                  0                  0        103839.6173                  0        102.2660955        209.3975473
          1        835                  0                  0                  0                  0        103964.1336                  0        102.2660955        209.3975473
          1        836                  0                  0                  0                  0        104088.6499                  0        102.2660955        209.3975473
          1        837                  0                  0                  0                  0        104213.1662                  0        102.2660955        209.3975473
          1        838                  0                  0                  0                  0        104337.6824                  0        102.2660955        209.3975473
          1        839                  0                  0                  0                  0        104462.1987                  0        102.2660955        209.3975473
          1        840                  0                  0                  0                  0         104586.715                  0        102.2660955        209.3975473
          1        841                  0                  0                  0                  0        104711.2313                  0        102.2660955        209.3975473
          1        842                  0                  0                  0                  0        104835.7475                  0        102.2660955        209.3975473
          1        843                  0                  0                  0                  0        104960.2638                  0        102.2660955        209.3975473
          1        844                  0                  0                  0                  0        105084.7801                  0        102.2660955        209.3975473
          1        845                  0                  0                  0                  0        105209.2964                  0        102.2660955        209.3975473
          1        846                  0                  0                  0                  0        105333.8126                  0        102.2660955        209.3975473
          1        847                  0                  0                  0                  0        105458.3289                  0        102.2660955        209.3975473
          1        848                  0                  0                  0                  0        105582.8452                  0        102.2660955        209.3975473
          1        849                  0                  0                  0                  0        105707.3614                  0        102.2660955        209.3975473
          1        850                  0                  0                  0                  0        105831.8777                  0        102.2660955        209.3975473
          1        851                  0                  0                  0                  0         105956.394                  0        102.2660955        209.3975473
          1        852                  0                  0                  0                  0        106080.9103                  0        102.2660955        209.3975473
          1        853                  0                  0                  0                  0        106205.4265                  0        102.2660955        209.3975473
          1        854                  0                  0                  0                  0        106329.9428                  0        102.2660955        209.3975473
          1        855                  0                  0                  0                  0        106454.4591                  0        102.2660955        209.3975473
          1        856                  0                  0                  0                  0        106578.9754                  0        102.2660955        209.3975473
          1        857                  0                  0                  0                  0        106703.4916                  0        102.2660955        209.3975473
          1        858                  0                  0                  0                  0        106828.0079                  0        102.2660955        209.3975473
          1        859                  0                  0                  0                  0        106952.5242                  0        102.2660955        209.3975473
          1        860                  0                  0                  0                  0        107077.0405                  0        102.2660955        209.3975473
          1        861                  0                  0                  0                  0        107201.5567                  0        102.2660955        209.3975473
          1        862                  0                  0                  0                  0         107326.073                  0        102.2660955        209.3975473
          1        863                  0                  0                  0                  0        107450.5893                  0        102.2660955        209.3975473
          1        864                  0                  0                  0                  0        107575.1056                  0        102.2660955        209.3975473
          1        865                  0                  0                  0                  0        107699.6218                  0        102.2660955        209.3975473
          1        866                  0                  0                  0                  0        107824.1381                  0        102.2660955        209.3975473
          1        867                  0                  0                  0                  0        107948.6544                  0        102.2660955        209.3975473
          1        868                  0                  0                  0                  0        108073.1706                  0        102.2660955        209.3975473
          1        869                  0                  0                  0                  0        108197.6869                  0        102.2660955        209.3975473
          1        870                  0                  0                  0                  0        108322.2032                  0        102.2660955        209.3975473
          1        871                  0                  0                  0                  0        108446.7195                  0        102.2660955        209.3975473
          1        872                  0                  0                  0                  0        108571.2357                  0        102.2660955        209.3975473
          1        873                  0                  0                  0                  0         108695.752                  0        102.2660955        209.3975473
          1        874                  0                  0                  0                  0        108820.2683                  0        102.2660955        209.3975473
          1        875                  0                  0                  0                  0        108944.7846                  0        102.2660955        209.3975473
          1        876                  0                  0                  0                  0        109069.3008                  0        102.2660955        209.3975473
          1        877                  0                  0                  0                  0        109193.8171                  0        102.2660955        209.3975473
          1        878                  0                  0                  0                  0        109318.3334                  0        102.2660955        209.3975473
          1        879                  0                  0                  0                  0        109442.8497                  0        102.2660955        209.3975473
          1        880                  0                  0                  0                  0        109567.3659                  0        102.2660955        209.3975473
          1        881                  0                  0                  0                  0        109691.8822                  0        102.2660955        209.3975473
          1        882                  0                  0                  0                  0        109816.3985                  0        102.2660955        209.3975473
          1        883                  0                  0                  0                  0        109940.9147                  0        102.2660955        209.3975473
          1        884                  0                  0                  0                  0         110065.431                  0        102.2660955        209.3975473
          1        885                  0                  0                  0                  0        110189.9473                  0        102.2660955        209.3975473
          1        886                  0                  0                  0                  0        110314.4636                  0        102.2660955        209.3975473
          1        887                  0                  0                  0                  0        110438.9798                  0        102.2660955        209.3975473
          1        888                  0                  0                  0                  0        110563.4961                  0        102.2660955        209.3975473
          1        889                  0                  0                  0                  0        110688.0124                  0        102.2660955        209.3975473
          1        890                  0                  0                  0                  0        110812.5287                  0        102.2660955        209.3975473
          1        891                  0                  0                  0                  0        110937.0449                  0        102.2660955        209.3975473
          1        892                  0                  0                  0                  0        111061.5612                  0        102.2660955        209.3975473
          1        893                  0                  0                  0                  0        111186.0775                  0        102.2660955        209.3975473
          1        894                  0                  0                  0                  0        111310.5938                  0        102.2660955        209.3975473
          1        895                  0                  0                  0                  0          111435.11                  0        102.2660955        209.3975473
          1        896                  0                  0                  0                  0        111559.6263                  0        102.2660955        209.3975473
          1        897                  0                  0                  0                  0        111684.1426                  0        102.2660955        209.3975473
          1        898                  0                  0                  0                  0        111808.6589                  0        102.2660955        209.3975473
          1        899                  0                  0                  0                  0        111933.1751                  0        102.2660955        209.3975473
          1        900                  0                  0                  0                  0        112057.6914                  0        102.2660955        209.3975473
          1        901                  0                  0                  0                  0        112182.2077                  0        102.2660955        209.3975473
          1        902                  0                  0                  0                  0        112306.7239                  0        102.2660955        209.3975473
          1        903                  0                  0                  0                  0        112431.2402                  0        102.2660955        209.3975473
          1        904                  0                  0                  0                  0        112555.7565                  0        102.2660955        209.3975473
          1        905                  0                  0                  0                  0        112680.2728                  0        102.2660955        209.3975473
          1        906                  0                  0                  0                  0         112804.789                  0        102.2660955        209.3975473
          1        907                  0                  0                  0                  0        112929.3053                  0        102.2660955        209.3975473
          1        908                  0                  0                  0                  0        113053.8216                  0        102.2660955        209.3975473
          1        909                  0                  0                  0                  0        113178.3379                  0        102.2660955        209.3975473
          1        910                  0                  0                  0                  0        113302.8541                  0        102.2660955        209.3975473
          1        911                  0                  0                  0                  0        113427.3704                  0        102.2660955        209.3975473
          1        912                  0                  0                  0                  0        113551.8867                  0        102.2660955        209.3975473
          1        913                  0                  0                  0                  0         113676.403                  0        102.2660955        209.3975473
          1        914                  0                  0                  0                  0        113800.9192                  0        102.2660955        209.3975473
          1        915                  0                  0                  0                  0        113925.4355                  0        102.2660955        209.3975473
          1        916                  0                  0                  0                  0        114049.9518                  0        102.2660955        209.3975473
          1        917                  0                  0                  0                  0        114174.4681                  0        102.2660955        209.3975473
          1        918                  0                  0                  0                  0        114298.9843                  0        102.2660955        209.3975473
          1        919                  0                  0                  0                  0        114423.5006                  0        102.2660955        209.3975473
          1        920                  0                  0                  0                  0        114548.0169                  0        102.2660955        209.3975473
          1        921                  0                  0                  0                  0        114672.5331                  0        102.2660955        209.3975473
          1        922                  0                  0                  0                  0        114797.0494                  0        102.2660955        209.3975473
          1        923                  0                  0                  0                  0        114921.5657                  0        102.2660955        209.3975473
          1        924                  0                  0                  0                  0         115046.082                  0        102.2660955        209.3975473
          1        925                  0                  0                  0                  0        115170.5982                  0        102.2660955        209.3975473
          1        926                  0                  0                  0                  0        115295.1145                  0        102.2660955        209.3975473
          1        927                  0                  0                  0                  0        115419.6308                  0        102.2660955        209.3975473
          1        928                  0                  0                  0                  0        115544.1471                  0        102.2660955        209.3975473
          1        929                  0                  0                  0                  0        115668.6633                  0        102.2660955        209.3975473
          1        930                  0                  0                  0                  0        115793.1796                  0        102.2660955        209.3975473
          1        931                  0                  0                  0                  0        115917.6959                  0        102.2660955        209.3975473
          1        932                  0                  0                  0                  0        116042.2122                  0        102.2660955        209.3975473
          1        933                  0                  0                  0                  0        116166.7284                  0        102.2660955        209.3975473
          1        934                  0                  0                  0                  0        116291.2447                  0        102.2660955        209.3975473
          1        935                  0                  0                  0                  0         116415.761                  0        102.2660955        209.3975473
          1        936                  0                  0                  0                  0        116540.2773                  0        102.2660955        209.3975473
          1        937                  0                  0                  0                  0        116664.7935                  0        102.2660955        209.3975473
          1        938                  0                  0                  0                  0        116789.3098                  0        102.2660955        209.3975473
          1        939                  0                  0                  0                  0        116913.8261                  0        102.2660955        209.3975473
          1        940                  0                  0                  0                  0        117038.3423                  0        102.2660955        209.3975473
          1        941                  0                  0                  0                  0        117162.8586                  0        102.2660955        209.3975473
          1        942                  0                  0                  0                  0        117287.3749                  0        102.2660955        209.3975473
          1        943                  0                  0                  0                  0        117411.8912                  0        102.2660955        209.3975473
          1        944                  0                  0                  0                  0        117536.4074                  0        102.2660955        209.3975473
          1        945                  0                  0                  0                  0        117660.9237                  0        102.2660955        209.3975473
          1        946                  0                  0                  0                  0          117785.44                  0        102.2660955        209.3975473
          1        947                  0                  0                  0                  0        117909.9563                  0        102.2660955        209.3975473
          1        948                  0                  0                  0                  0        118034.4725                  0        102.2660955        209.3975473
          1        949                  0                  0                  0                  0        118158.9888                  0        102.2660955        209.3975473
          1        950                  0                  0                  0                  0        118283.5051                  0        102.2660955        209.3975473
          1        951                  0                  0                  0                  0        118408.0214                  0        102.2660955        209.3975473
          1        952                  0                  0                  0                  0        118532.5376                  0        102.2660955        209.3975473
          1        953                  0                  0                  0                  0        118657.0539                  0        102.2660955        209.3975473
          1        954                  0                  0                  0                  0        118781.5702                  0        102.2660955        209.3975473
          1        955                  0                  0                  0                  0        118906.0865                  0        102.2660955        209.3975473
          1        956                  0                  0                  0                  0        119030.6027                  0        102.2660955        209.3975473
          1        957                  0                  0                  0                  0         119155.119                  0        102.2660955        209.3975473
          1        958                  0                  0                  0                  0        119279.6353                  0        102.2660955        209.3975473
          1        959                  0                  0                  0                  0        119404.1515                  0        102.2660955        209.3975473
          1        960                  0                  0                  0                  0        119528.6678                  0        102.2660955        209.3975473
          1        961                  0                  0                  0                  0        119653.1841                  0        102.2660955        209.3975473
          1        962                  0                  0                  0                  0        119777.7004                  0        102.2660955        209.3975473
          1        963                  0                  0                  0                  0        119902.2166                  0        102.2660955        209.3975473
          1        964                  0                  0                  0                  0        120026.7329                  0        102.2660955        209.3975473
          1        965                  0                  0                  0                  0        120151.2492                  0        102.2660955        209.3975473
          1        966                  0                  0                  0                  0        120275.7655                  0        102.2660955        209.3975473
          1        967                  0                  0                  0                  0        120400.2817                  0        102.2660955        209.3975473
          1        968                  0                  0                  0                  0         120524.798                  0        102.2660955        209.3975473
          1        969                  0                  0                  0                  0        120649.3143                  0        102.2660955        209.3975473
          1        970                  0                  0                  0                  0        120773.8306                  0        102.2660955        209.3975473
          1        971                  0                  0                  0                  0        120898.3468                  0        102.2660955        209.3975473
          1        972                  0                  0                  0                  0        121022.8631                  0        102.2660955        209.3975473
          1        973                  0                  0                  0                  0        121147.3794                  0        102.2660955        209.3975473
          1        974                  0                  0                  0                  0        121271.8956                  0        102.2660955        209.3975473
          1        975                  0                  0                  0                  0        121396.4119                  0        102.2660955        209.3975473
          1        976                  0                  0                  0                  0        121520.9282                  0        102.2660955        209.3975473
          1        977                  0                  0                  0                  0        121645.4445                  0        102.2660955        209.3975473
          1        978                  0                  0                  0                  0        121769.9607                  0        102.2660955        209.3975473
          1        979                  0                  0                  0                  0         121894.477                  0        102.2660955        209.3975473
          1        980                  0                  0                  0                  0        122018.9933                  0        102.2660955        209.3975473
          1        981                  0                  0                  0                  0        122143.5096                  0        102.2660955        209.3975473
          1        982                  0                  0                  0                  0        122268.0258                  0        102.2660955        209.3975473
          1        983                  0                  0                  0                  0        122392.5421                  0        102.2660955        209.3975473
          1        984                  0                  0                  0                  0        122517.0584                  0        102.2660955        209.3975473
          1        985                  0                  0                  0                  0        122641.5747                  0        102.2660955        209.3975473
          1        986                  0                  0                  0                  0        122766.0909                  0        102.2660955        209.3975473
          1        987                  0                  0                  0                  0        122890.6072                  0        102.2660955        209.3975473
          1        988                  0                  0                  0                  0        123015.1235                  0        102.2660955        209.3975473
          1        989                  0                  0                  0                  0        123139.6398                  0        102.2660955        209.3975473
          1        990                  0                  0                  0                  0         123264.156                  0        102.2660955        209.3975473
          1        991                  0                  0                  0                  0        123388.6723                  0        102.2660955        209.3975473
          1        992                  0                  0                  0                  0        123513.1886                  0        102.2660955        209.3975473
          1        993                  0                  0                  0                  0        123637.7048                  0        102.2660955        209.3975473
          1        994                  0                  0                  0                  0        123762.2211                  0        102.2660955        209.3975473
          1        995                  0                  0                  0                  0        123886.7374                  0        102.2660955        209.3975473
          1        996                  0                  0                  0                  0        124011.2537                  0        102.2660955        209.3975473
          1        997                  0                  0                  0                  0        124135.7699                  0        102.2660955        209.3975473
          1        998                  0                  0                  0                  0        124260.2862                  0        102.2660955        209.3975473
          1        999                  0                  0                  0                  0        124384.8025                  0        102.2660955        209.3975473
          1       1000                  0                  0                  0                  0        124509.3188                  0        102.2660955        209.3975473
          1       1001                  0                  0                  0                  0         124633.835                  0        102.2660955        209.3975473
          1       1002                  0                  0                  0                  0        124758.3513                  0        102.2660955        209.3975473
          1       1003                  0                  0                  0                  0        124882.8676                  0        102.2660955        209.3975473
          1       1004                  0                  0                  0                  0        125007.3839                  0        102.2660955        209.3975473
          1       1005                  0                  0                  0                  0        125131.9001                  0        102.2660955        209.3975473
          1       1006                  0                  0                  0                  0        125256.4164                  0        102.2660955        209.3975473
          1       1007                  0                  0                  0                  0        125380.9327                  0        102.2660955        209.3975473
          1       1008                  0                  0                  0                  0         125505.449                  0        102.2660955        209.3975473
          1       1009                  0                  0                  0                  0        125629.9652                  0        102.2660955        209.3975473
          1       1010                  0                  0                  0                  0        125754.4815                  0        102.2660955        209.3975473
          1       1011                  0                  0                  0                  0        125878.9978                  0        102.2660955        209.3975473
          1       1012                  0                  0                  0                  0         126003.514                  0        102.2660955        209.3975473
          1       1013                  0                  0                  0                  0        126128.0303                  0        102.2660955        209.3975473
          1       1014                  0                  0                  0                  0        126252.5466                  0        102.2660955        209.3975473
          1       1015                  0                  0                  0                  0        126377.0629                  0        102.2660955        209.3975473
          1       1016                  0                  0                  0                  0        126501.5791                  0        102.2660955        209.3975473
          1       1017                  0                  0                  0                  0        126626.0954                  0        102.2660955        209.3975473
          1       1018                  0                  0                  0                  0        126750.6117                  0        102.2660955        209.3975473
          1       1019                  0                  0                  0                  0         126875.128                  0        102.2660955        209.3975473
          1       1020                  0                  0                  0                  0        126999.6442                  0        102.2660955        209.3975473
          1       1021                  0                  0                  0                  0        127124.1605                  0        102.2660955        209.3975473
          1       1022                  0                  0                  0                  0        127248.6768                  0        102.2660955        209.3975473
          1       1023                  0                  0                  0                  0        127373.1931                  0        102.2660955        209.3975473
          1       1024                  0                  0                  0                  0        127497.7093                  0        102.2660955        209.3975473
          1       1025                  0                  0                  0                  0        127622.2256                  0        102.2660955        209.3975473
          1       1026                  0                  0                  0                  0        127746.7419                  0        102.2660955        209.3975473
          1       1027                  0                  0                  0                  0        127871.2582                  0        102.2660955        209.3975473
          1       1028                  0                  0                  0                  0        127995.7744                  0        102.2660955        209.3975473
          1       1029                  0                  0                  0                  0        128120.2907                  0        102.2660955        209.3975473
          1       1030                  0                  0                  0                  0         128244.807                  0        102.2660955        209.3975473
          1       1031                  0                  0                  0                  0        128369.3232                  0        102.2660955        209.3975473
          1       1032                  0                  0                  0                  0        128493.8395                  0        102.2660955        209.3975473
          1       1033                  0                  0                  0                  0        128618.3558                  0        102.2660955        209.3975473
          1       1034                  0                  0                  0                  0        128742.8721                  0        102.2660955        209.3975473
          1       1035                  0                  0                  0                  0        128867.3883                  0        102.2660955        209.3975473
          1       1036                  0                  0                  0                  0        128991.9046                  0        102.2660955        209.3975473
          1       1037                  0                  0                  0                  0        129116.4209                  0        102.2660955        209.3975473
          1       1038                  0                  0                  0                  0        129240.9372                  0        102.2660955        209.3975473
          1       1039                  0                  0                  0                  0        129365.4534                  0        102.2660955        209.3975473
          1       1040                  0                  0                  0                  0        129489.9697                  0        102.2660955        209.3975473
          1       1041                  0                  0                  0                  0         129614.486                  0        102.2660955        209.3975473
          1       1042                  0                  0                  0                  0        129739.0023                  0        102.2660955        209.3975473
          1       1043                  0                  0                  0                  0        129863.5185                  0        102.2660955        209.3975473
          1       1044                  0                  0                  0                  0        129988.0348                  0        102.2660955        209.3975473
          1       1045                  0                  0                  0                  0        130112.5511                  0        102.2660955        209.3975473
          1       1046                  0                  0                  0                  0        130237.0674                  0        102.2660955        209.3975473
          1       1047                  0                  0                  0                  0        130361.5836                  0        102.2660955        209.3975473
          1       1048                  0                  0                  0                  0        130486.0999                  0        102.2660955        209.3975473
          1       1049                  0                  0                  0                  0        130610.6162                  0        102.2660955        209.3975473
          1       1050                  0                  0                  0                  0        130735.1324                  0        102.2660955        209.3975473
          1       1051                  0                  0                  0                  0        130859.6487                  0        102.2660955        209.3975473
          1       1052                  0                  0                  0                  0         130984.165                  0        102.2660955        209.3975473
          1       1053                  0                  0                  0                  0        131108.6813                  0        102.2660955        209.3975473
          1       1054                  0                  0                  0                  0        131233.1975                  0        102.2660955        209.3975473
          1       1055                  0                  0                  0                  0        131357.7138                  0        102.2660955        209.3975473
          1       1056                  0                  0                  0                  0        131482.2301                  0        102.2660955        209.3975473
          1       1057                  0                  0                  0                  0        131606.7464                  0        102.2660955        209.3975473
          1       1058                  0                  0                  0                  0        131731.2626                  0        102.2660955        209.3975473
          1       1059                  0                  0                  0                  0        131855.7789                  0        102.2660955        209.3975473
          1       1060                  0                  0                  0                  0        131980.2952                  0        102.2660955        209.3975473
          1       1061                  0                  0                  0                  0        132104.8115                  0        102.2660955        209.3975473
          1       1062                  0                  0                  0                  0        132229.3277                  0        102.2660955        209.3975473
          1       1063                  0                  0                  0                  0         132353.844                  0        102.2660955        209.3975473
          1       1064                  0                  0                  0                  0        132478.3603                  0        102.2660955        209.3975473
          1       1065                  0                  0                  0                  0        132602.8765                  0        102.2660955        209.3975473
          1       1066                  0                  0                  0                  0        132727.3928                  0        102.2660955        209.3975473
          1       1067                  0                  0                  0                  0        132851.9091                  0        102.2660955        209.3975473
          1       1068                  0                  0                  0                  0        132976.4254                  0        102.2660955        209.3975473
          1       1069                  0                  0                  0                  0        133100.9416                  0        102.2660955        209.3975473
          1       1070                  0                  0                  0                  0        133225.4579                  0        102.2660955        209.3975473
          1       1071                  0                  0                  0                  0        133349.9742                  0        102.2660955        209.3975473
          1       1072                  0                  0                  0                  0        133474.4905                  0        102.2660955        209.3975473
          1       1073                  0                  0                  0                  0        133599.0067                  0        102.2660955        209.3975473
          1       1074                  0                  0                  0                  0         133723.523                  0        102.2660955        209.3975473
          1       1075                  0                  0                  0                  0        133848.0393                  0        102.2660955        209.3975473
          1       1076                  0                  0                  0                  0        133972.5556                  0        102.2660955        209.3975473
          1       1077                  0                  0                  0                  0        134097.0718                  0        102.2660955        209.3975473
          1       1078                  0                  0                  0                  0        134221.5881                  0        102.2660955        209.3975473
          1       1079                  0                  0                  0                  0        134346.1044                  0        102.2660955        209.3975473
          1       1080                  0                  0                  0                  0        134470.6207                  0        102.2660955        209.3975473
          1       1081                  0                  0                  0                  0        134595.1369                  0        102.2660955        209.3975473
          1       1082                  0                  0                  0                  0        134719.6532                  0        102.2660955        209.3975473
          1       1083                  0                  0                  0                  0        134844.1695                  0        102.2660955        209.3975473
          1       1084                  0                  0                  0                  0        134968.6857                  0        102.2660955        209.3975473
          1       1085                  0                  0                  0                  0         135093.202                  0        102.2660955        209.3975473
          1       1086                  0                  0                  0                  0        135217.7183                  0        102.2660955        209.3975473
          1       1087                  0                  0                  0                  0        135342.2346                  0        102.2660955        209.3975473
          1       1088                  0                  0                  0                  0        135466.7508                  0        102.2660955        209.3975473
          1       1089                  0                  0                  0                  0        135591.2671                  0        102.2660955        209.3975473
          1       1090                  0                  0                  0                  0        135715.7834                  0        102.2660955        209.3975473
          1       1091                  0                  0                  0                  0        135840.2997                  0        102.2660955        209.3975473
          1       1092                  0                  0                  0                  0        135964.8159                  0        102.2660955        209.3975473
          1       1093                  0                  0                  0                  0        136089.3322                  0        102.2660955        209.3975473
          1       1094                  0                  0                  0                  0        136213.8485                  0        102.2660955        209.3975473
          1       1095                  0                  0                  0                  0        136338.3648                  0        102.2660955        209.3975473
          1       1096                  0                  0                  0                  0         136462.881                  0        102.2660955        209.3975473
          1       1097                  0                  0                  0                  0        136587.3973                  0        102.2660955        209.3975473
          1       1098                  0                  0                  0                  0        136711.9136                  0        102.2660955        209.3975473
          1       1099                  0                  0                  0                  0        136836.4299                  0        102.2660955        209.3975473
          1       1100                  0                  0                  0                  0        136960.9461                  0        102.2660955        209.3975473
          1       1101                  0                  0                  0                  0        137085.4624                  0        102.2660955        209.3975473
          1       1102                  0                  0                  0                  0        137209.9787                  0        102.2660955        209.3975473
          1       1103                  0                  0                  0                  0        137334.4949                  0        102.2660955        209.3975473
          1       1104                  0                  0                  0                  0        137459.0112                  0        102.2660955        209.3975473
          1       1105                  0                  0                  0                  0        137583.5275                  0        102.2660955        209.3975473
          1       1106                  0                  0                  0                  0        137708.0438                  0        102.2660955        209.3975473
          1       1107                  0                  0                  0                  0          137832.56                  0        102.2660955        209.3975473
          1       1108                  0                  0                  0                  0        137957.0763                  0        102.2660955        209.3975473
          1       1109                  0                  0                  0                  0        138081.5926                  0        102.2660955        209.3975473
          1       1110                  0                  0                  0                  0        138206.1089                  0        102.2660955        209.3975473
          1       1111                  0                  0                  0                  0        138330.6251                  0        102.2660955        209.3975473
          1       1112                  0                  0                  0                  0        138455.1414                  0        102.2660955        209.3975473
          1       1113                  0                  0                  0                  0        138579.6577                  0        102.2660955        209.3975473
          1       1114                  0                  0                  0                  0         138704.174                  0        102.2660955        209.3975473
          1       1115                  0                  0                  0                  0        138828.6902                  0        102.2660955        209.3975473
          1       1116                  0                  0                  0                  0        138953.2065                  0        102.2660955        209.3975473
          1       1117                  0                  0                  0                  0        139077.7228                  0        102.2660955        209.3975473
          1       1118                  0                  0                  0                  0        139202.2391                  0        102.2660955        209.3975473
          1       1119                  0                  0                  0                  0        139326.7553                  0        102.2660955        209.3975473
          1       1120                  0                  0                  0                  0        139451.2716                  0        102.2660955        209.3975473
          1       1121                  0                  0                  0                  0        139575.7879                  0        102.2660955        209.3975473
          1       1122                  0                  0                  0                  0        139700.3041                  0        102.2660955        209.3975473
          1       1123                  0                  0                  0                  0        139824.8204                  0        102.2660955        209.3975473
          1       1124                  0                  0                  0                  0        139949.3367                  0        102.2660955        209.3975473
          1       1125                  0                  0                  0                  0         140073.853                  0        102.2660955        209.3975473
          1       1126                  0                  0                  0                  0        140198.3692                  0        102.2660955        209.3975473
          1       1127                  0                  0                  0                  0        140322.8855                  0        102.2660955        209.3975473
          1       1128                  0                  0                  0                  0        140447.4018                  0        102.2660955        209.3975473
          1       1129                  0                  0                  0                  0        140571.9181                  0        102.2660955        209.3975473
          1       1130                  0                  0                  0                  0        140696.4343                  0        102.2660955        209.3975473
          1       1131                  0                  0                  0                  0        140820.9506                  0        102.2660955        209.3975473
          1       1132                  0                  0                  0                  0        140945.4669                  0        102.2660955        209.3975473
          1       1133                  0                  0                  0                  0        141069.9832                  0        102.2660955        209.3975473
          1       1134                  0                  0                  0                  0        141194.4994                  0        102.2660955        209.3975473
          1       1135                  0                  0                  0                  0        141319.0157                  0        102.2660955        209.3975473
          1       1136                  0                  0                  0                  0         141443.532                  0        102.2660955        209.3975473
          1       1137                  0                  0                  0                  0        141568.0482                  0        102.2660955        209.3975473
          1       1138                  0                  0                  0                  0        141692.5645                  0        102.2660955        209.3975473
          1       1139                  0                  0                  0                  0        141817.0808                  0        102.2660955        209.3975473
          1       1140                  0                  0                  0                  0        141941.5971                  0        102.2660955        209.3975473
          1       1141                  0                  0                  0                  0        142066.1133                  0        102.2660955        209.3975473
          1       1142                  0                  0                  0                  0        142190.6296                  0        102.2660955        209.3975473
          1       1143                  0                  0                  0                  0        142315.1459                  0        102.2660955        209.3975473
          1       1144                  0                  0                  0                  0        142439.6622                  0        102.2660955        209.3975473
          1       1145                  0                  0                  0                  0        142564.1784                  0        102.2660955        209.3975473
          1       1146                  0                  0                  0                  0        142688.6947                  0        102.2660955        209.3975473
          1       1147                  0                  0                  0                  0         142813.211                  0        102.2660955        209.3975473
          1       1148                  0                  0                  0                  0        142937.7273                  0        102.2660955        209.3975473
          1       1149                  0                  0                  0                  0        143062.2435                  0        102.2660955        209.3975473
          1       1150                  0                  0                  0                  0        143186.7598                  0        102.2660955        209.3975473
          1       1151                  0                  0                  0                  0        143311.2761                  0        102.2660955        209.3975473
          1       1152                  0                  0                  0                  0        143435.7924                  0        102.2660955        209.3975473
          1       1153                  0                  0                  0                  0        143560.3086                  0        102.2660955        209.3975473
          1       1154                  0                  0                  0                  0        143684.8249                  0        102.2660955        209.3975473
          1       1155                  0                  0                  0                  0        143809.3412                  0        102.2660955        209.3975473
          1       1156                  0                  0                  0                  0        143933.8574                  0        102.2660955        209.3975473
          1       1157                  0                  0                  0                  0        144058.3737                  0        102.2660955        209.3975473
          1       1158                  0                  0                  0                  0          144182.89                  0        102.2660955        209.3975473
          1       1159                  0                  0                  0                  0        144307.4063                  0        102.2660955        209.3975473
          1       1160                  0                  0                  0                  0        144431.9225                  0        102.2660955        209.3975473
          1       1161                  0                  0                  0                  0        144556.4388                  0        102.2660955        209.3975473
          1       1162                  0                  0                  0                  0        144680.9551                  0        102.2660955        209.3975473
          1       1163                  0                  0                  0                  0        144805.4714                  0        102.2660955        209.3975473
          1       1164                  0                  0                  0                  0        144929.9876                  0        102.2660955        209.3975473
          1       1165                  0                  0                  0                  0        145054.5039                  0        102.2660955        209.3975473
          1       1166                  0                  0                  0                  0        145179.0202                  0        102.2660955        209.3975473
          1       1167                  0                  0                  0                  0        145303.5365                  0        102.2660955        209.3975473
          1       1168                  0                  0                  0                  0        145428.0527                  0        102.2660955        209.3975473
          1       1169                  0                  0                  0                  0         145552.569                  0        102.2660955        209.3975473
          1       1170                  0                  0                  0                  0        145677.0853                  0        102.2660955        209.3975473
          1       1171                  0                  0                  0                  0        145801.6016                  0        102.2660955        209.3975473
          1       1172                  0                  0                  0                  0        145926.1178                  0        102.2660955        209.3975473
          1       1173                  0                  0                  0                  0        146050.6341                  0        102.2660955        209.3975473
          1       1174                  0                  0                  0                  0        146175.1504                  0        102.2660955        209.3975473
          1       1175                  0                  0                  0                  0        146299.6666                  0        102.2660955        209.3975473
          1       1176                  0                  0                  0                  0        146424.1829                  0        102.2660955        209.3975473
          1       1177                  0                  0                  0                  0        146548.6992                  0        102.2660955        209.3975473
          1       1178                  0                  0                  0                  0        146673.2155                  0        102.2660955        209.3975473
          1       1179                  0                  0                  0                  0        146797.7317                  0        102.2660955        209.3975473
          1       1180                  0                  0                  0                  0         146922.248                  0        102.2660955        209.3975473
          1       1181                  0                  0                  0                  0        147046.7643                  0        102.2660955        209.3975473
          1       1182                  0                  0                  0                  0        147171.2806                  0        102.2660955        209.3975473
          1       1183                  0                  0                  0                  0        147295.7968                  0        102.2660955        209.3975473
          1       1184                  0                  0                  0                  0        147420.3131                  0        102.2660955        209.3975473
          1       1185                  0                  0                  0                  0        147544.8294                  0        102.2660955        209.3975473
          1       1186                  0                  0                  0                  0        147669.3457                  0        102.2660955        209.3975473
          1       1187                  0                  0                  0                  0        147793.8619                  0        102.2660955        209.3975473
          1       1188                  0                  0                  0                  0        147918.3782                  0        102.2660955        209.3975473
          1       1189                  0                  0                  0                  0        148042.8945                  0        102.2660955        209.3975473
          1       1190                  0                  0                  0                  0        148167.4108                  0        102.2660955        209.3975473
          1       1191                  0                  0                  0                  0         148291.927                  0        102.2660955        209.3975473
          1       1192                  0                  0                  0                  0        148416.4433                  0        102.2660955        209.3975473
          1       1193                  0                  0                  0                  0        148540.9596                  0        102.2660955        209.3975473
          1       1194                  0                  0                  0                  0        148665.4758                  0        102.2660955        209.3975473
          1       1195                  0                  0                  0                  0        148789.9921                  0        102.2660955        209.3975473
          1       1196                  0                  0                  0                  0        148914.5084                  0        102.2660955        209.3975473
          1       1197                  0                  0                  0                  0        149039.0247                  0        102.2660955        209.3975473
          1       1198                  0                  0                  0                  0        149163.5409                  0        102.2660955        209.3975473
          1       1199                  0                  0                  0                  0        149288.0572                  0        102.2660955        209.3975473
          1       1200                  0                  0                  0                  0        149412.5735                  0        102.2660955        209.3975473
          1       1201                  0                  0                  0                  0        149537.0898                  0        102.2660955        209.3975473
          1       1202                  0                  0                  0                  0         149661.606                  0        102.2660955        209.3975473
          1       1203                  0                  0                  0                  0        149786.1223                  0        102.2660955        209.3975473
          1       1204                  0                  0                  0                  0        149910.6386                  0        102.2660955        209.3975473
          1       1205                  0                  0                  0                  0        150035.1549                  0        102.2660955        209.3975473
          1       1206                  0                  0                  0                  0        150159.6711                  0        102.2660955        209.3975473
          1       1207                  0                  0                  0                  0        150284.1874                  0        102.2660955        209.3975473
          1       1208                  0                  0                  0                  0        150408.7037                  0        102.2660955        209.3975473
          1       1209                  0                  0                  0                  0          150533.22                  0        102.2660955        209.3975473
          1       1210                  0                  0                  0                  0        150657.7362                  0        102.2660955        209.3975473
          1       1211                  0                  0                  0                  0        150782.2525                  0        102.2660955        209.3975473
          1       1212                  0                  0                  0                  0        150906.7688                  0        102.2660955        209.3975473
          1       1213                  0                  0                  0                  0         151031.285                  0        102.2660955        209.3975473
          1       1214                  0                  0                  0                  0        151155.8013                  0        102.2660955        209.3975473
          1       1215                  0                  0                  0                  0        151280.3176                  0        102.2660955        209.3975473
          1       1216                  0                  0                  0                  0        151404.8339                  0        102.2660955        209.3975473
          1       1217                  0                  0                  0                  0        151529.3501                  0        102.2660955        209.3975473
          1       1218                  0                  0                  0                  0        151653.8664                  0        102.2660955        209.3975473
          1       1219                  0                  0                  0                  0        151778.3827                  0        102.2660955        209.3975473
          1       1220                  0                  0                  0                  0         151902.899                  0        102.2660955        209.3975473
          1       1221                  0                  0                  0                  0        152027.4152                  0        102.2660955        209.3975473
          1       1222                  0                  0                  0                  0        152151.9315                  0        102.2660955        209.3975473
          1       1223                  0                  0                  0                  0        152276.4478                  0        102.2660955        209.3975473
          1       1224                  0                  0                  0                  0        152400.9641                  0        102.2660955        209.3975473
          1       1225                  0                  0                  0                  0        152525.4803                  0        102.2660955        209.3975473
          1       1226                  0                  0                  0                  0        152649.9966                  0        102.2660955        209.3975473
          1       1227                  0                  0                  0                  0        152774.5129                  0        102.2660955        209.3975473
          1       1228                  0                  0                  0                  0        152899.0291                  0        102.2660955        209.3975473
          1       1229                  0                  0                  0                  0        153023.5454                  0        102.2660955        209.3975473
          1       1230                  0                  0                  0                  0        153148.0617                  0        102.2660955        209.3975473
          1       1231                  0                  0                  0                  0         153272.578                  0        102.2660955        209.3975473
          1       1232                  0                  0                  0                  0        153397.0942                  0        102.2660955        209.3975473
          1       1233                  0                  0                  0                  0        153521.6105                  0        102.2660955        209.3975473
          1       1234                  0                  0                  0                  0        153646.1268                  0        102.2660955        209.3975473
          1       1235                  0                  0                  0                  0        153770.6431                  0        102.2660955        209.3975473
          1       1236                  0                  0                  0                  0        153895.1593                  0        102.2660955        209.3975473
          1       1237                  0                  0                  0                  0        154019.6756                  0        102.2660955        209.3975473
          1       1238                  0                  0                  0                  0        154144.1919                  0        102.2660955        209.3975473
          1       1239                  0                  0                  0                  0        154268.7082                  0        102.2660955        209.3975473
          1       1240                  0                  0                  0                  0        154393.2244                  0        102.2660955        209.3975473
          1       1241                  0                  0                  0                  0        154517.7407                  0        102.2660955        209.3975473
          1       1242                  0                  0                  0                  0         154642.257                  0        102.2660955        209.3975473
          1       1243                  0                  0                  0                  0        154766.7733                  0        102.2660955        209.3975473
          1       1244                  0                  0                  0                  0        154891.2895                  0        102.2660955        209.3975473
          1       1245                  0                  0                  0                  0        155015.8058                  0        102.2660955        209.3975473
          1       1246                  0                  0                  0                  0        155140.3221                  0        102.2660955        209.3975473
          1       1247                  0                  0                  0                  0        155264.8383                  0        102.2660955        209.3975473
          1       1248                  0                  0                  0                  0        155389.3546                  0        102.2660955        209.3975473
          1       1249                  0                  0                  0                  0        155513.8709                  0        102.2660955        209.3975473
          1       1250                  0                  0                  0                  0        155638.3872                  0        102.2660955        209.3975473
          1       1251                  0                  0                  0                  0        155762.9034                  0        102.2660955        209.3975473
          1       1252                  0                  0                  0                  0        155887.4197                  0        102.2660955        209.3975473
          1       1253                  0                  0                  0                  0         156011.936                  0        102.2660955        209.3975473
          1       1254                  0                  0                  0                  0        156136.4523                  0        102.2660955        209.3975473
          1       1255                  0                  0                  0                  0        156260.9685                  0        102.2660955        209.3975473
          1       1256                  0                  0                  0                  0        156385.4848                  0        102.2660955        209.3975473
          1       1257                  0                  0                  0                  0        156510.0011                  0        102.2660955        209.3975473
          1       1258                  0                  0                  0                  0        156634.5174                  0        102.2660955        209.3975473
          1       1259                  0                  0                  0                  0        156759.0336                  0        102.2660955        209.3975473
          1       1260                  0                  0                  0                  0        156883.5499                  0        102.2660955        209.3975473
          1       1261                  0                  0                  0                  0        157008.0662                  0        102.2660955        209.3975473
          1       1262                  0                  0                  0                  0        157132.5825                  0        102.2660955        209.3975473
          1       1263                  0                  0                  0                  0        157257.0987                  0        102.2660955        209.3975473
          1       1264                  0                  0                  0                  0         157381.615                  0        102.2660955        209.3975473
          1       1265                  0                  0                  0                  0        157506.1313                  0        102.2660955        209.3975473
          1       1266                  0                  0                  0                  0        157630.6475                  0        102.2660955        209.3975473
          1       1267                  0                  0                  0                  0        157755.1638                  0        102.2660955        209.3975473
          1       1268                  0                  0                  0                  0        157879.6801                  0        102.2660955        209.3975473
          1       1269                  0                  0                  0                  0        158004.1964                  0        102.2660955        209.3975473
          1       1270                  0                  0                  0                  0        158128.7126                  0        102.2660955        209.3975473
          1       1271                  0                  0                  0                  0        158253.2289                  0        102.2660955        209.3975473
          1       1272                  0                  0                  0                  0        158377.7452                  0        102.2660955        209.3975473
          1       1273                  0                  0                  0                  0        158502.2615                  0        102.2660955        209.3975473
          1       1274                  0                  0                  0                  0        158626.7777                  0        102.2660955        209.3975473
          1       1275                  0                  0                  0                  0         158751.294                  0        102.2660955        209.3975473
          1       1276                  0                  0                  0                  0        158875.8103                  0        102.2660955        209.3975473
          1       1277                  0                  0                  0                  0        159000.3266                  0        102.2660955        209.3975473
          1       1278                  0                  0                  0                  0        159124.8428                  0        102.2660955        209.3975473
          1       1279                  0                  0                  0                  0        159249.3591                  0        102.2660955        209.3975473
          1       1280                  0                  0                  0                  0        159373.8754                  0        102.2660955        209.3975473
          1       1281                  0                  0                  0                  0        159498.3917                  0        102.2660955        209.3975473
          1       1282                  0                  0                  0                  0        159622.9079                  0        102.2660955        209.3975473
          1       1283                  0                  0                  0                  0        159747.4242                  0        102.2660955        209.3975473
          1       1284                  0                  0                  0                  0        159871.9405                  0        102.2660955        209.3975473
          1       1285                  0                  0                  0                  0        159996.4567                  0        102.2660955        209.3975473
          1       1286                  0                  0                  0                  0         160120.973                  0        102.2660955        209.3975473
          1       1287                  0                  0                  0                  0        160245.4893                  0        102.2660955        209.3975473
          1       1288                  0                  0                  0                  0        160370.0056                  0        102.2660955        209.3975473
          1       1289                  0                  0                  0                  0        160494.5218                  0        102.2660955        209.3975473
          1       1290                  0                  0                  0                  0        160619.0381                  0        102.2660955        209.3975473
          1       1291                  0                  0                  0                  0        160743.5544                  0        102.2660955        209.3975473
          1       1292                  0                  0                  0                  0        160868.0707                  0        102.2660955        209.3975473
          1       1293                  0                  0                  0                  0        160992.5869                  0        102.2660955        209.3975473
          1       1294                  0                  0                  0                  0        161117.1032                  0        102.2660955        209.3975473
          1       1295                  0                  0                  0                  0        161241.6195                  0        102.2660955        209.3975473
          1       1296                  0                  0                  0                  0        161366.1358                  0        102.2660955        209.3975473
          1       1297                  0                  0                  0                  0         161490.652                  0        102.2660955        209.3975473
          1       1298                  0                  0                  0                  0        161615.1683                  0        102.2660955        209.3975473
          1       1299                  0                  0                  0                  0        161739.6846                  0        102.2660955        209.3975473
          1       1300                  0                  0                  0                  0        161864.2009                  0        102.2660955        209.3975473
          1       1301                  0                  0                  0                  0        161988.7171                  0        102.2660955        209.3975473
          1       1302                  0                  0                  0                  0        162113.2334                  0        102.2660955        209.3975473
          1       1303                  0                  0                  0                  0        162237.7497                  0        102.2660955        209.3975473
          1       1304                  0                  0                  0                  0        162362.2659                  0        102.2660955        209.3975473
          1       1305                  0                  0                  0                  0        162486.7822                  0        102.2660955        209.3975473
          1       1306                  0                  0                  0                  0        162611.2985                  0        102.2660955        209.3975473
          1       1307                  0                  0                  0                  0        162735.8148                  0        102.2660955        209.3975473
          1       1308                  0                  0                  0                  0         162860.331                  0        102.2660955        209.3975473
          1       1309                  0                  0                  0                  0        162984.8473                  0        102.2660955        209.3975473
          1       1310                  0                  0                  0                  0        163109.3636                  0        102.2660955        209.3975473
          1       1311                  0                  0                  0                  0        163233.8799                  0        102.2660955        209.3975473
          1       1312                  0                  0                  0                  0        163358.3961                  0        102.2660955        209.3975473
          1       1313                  0                  0                  0                  0        163482.9124                  0        102.2660955        209.3975473
          1       1314                  0                  0                  0                  0        163607.4287                  0        102.2660955        209.3975473
          1       1315                  0                  0                  0                  0         163731.945                  0        102.2660955        209.3975473
          1       1316                  0                  0                  0                  0        163856.4612                  0        102.2660955        209.3975473
          1       1317                  0                  0                  0                  0        163980.9775                  0        102.2660955        209.3975473
          1       1318                  0                  0                  0                  0        164105.4938                  0        102.2660955        209.3975473
          1       1319                  0                  0                  0                  0          164230.01                  0        102.2660955        209.3975473
          1       1320                  0                  0                  0                  0        164354.5263                  0        102.2660955        209.3975473
          1       1321                  0                  0                  0                  0        164479.0426                  0        102.2660955        209.3975473
          1       1322                  0                  0                  0                  0        164603.5589                  0        102.2660955        209.3975473
          1       1323                  0                  0                  0                  0        164728.0751                  0        102.2660955        209.3975473
          1       1324                  0                  0                  0                  0        164852.5914                  0        102.2660955        209.3975473
          1       1325                  0                  0                  0                  0        164977.1077                  0        102.2660955        209.3975473
          1       1326                  0                  0                  0                  0         165101.624                  0        102.2660955        209.3975473
          1       1327                  0                  0                  0                  0        165226.1402                  0        102.2660955        209.3975473
          1       1328                  0                  0                  0                  0        165350.6565                  0        102.2660955        209.3975473
          1       1329                  0                  0                  0                  0        165475.1728                  0        102.2660955        209.3975473
          1       1330                  0                  0                  0                  0        165599.6891                  0        102.2660955        209.3975473
          1       1331                  0                  0                  0                  0        165724.2053                  0        102.2660955        209.3975473
          1       1332                  0                  0                  0                  0        165848.7216                  0        102.2660955        209.3975473
          1       1333                  0                  0                  0                  0        165973.2379                  0        102.2660955        209.3975473
          1       1334                  0                  0                  0                  0        166097.7542                  0        102.2660955        209.3975473
          1       1335                  0                  0                  0                  0        166222.2704                  0        102.2660955        209.3975473
          1       1336                  0                  0                  0                  0        166346.7867                  0        102.2660955        209.3975473
          1       1337                  0                  0                  0                  0         166471.303                  0        102.2660955        209.3975473
          1       1338                  0                  0                  0                  0        166595.8192                  0        102.2660955        209.3975473
          1       1339                  0                  0                  0                  0        166720.3355                  0        102.2660955        209.3975473
          1       1340                  0                  0                  0                  0        166844.8518                  0        102.2660955        209.3975473
          1       1341                  0                  0                  0                  0        166969.3681                  0        102.2660955        209.3975473
          1       1342                  0                  0                  0                  0        167093.8843                  0        102.2660955        209.3975473
          1       1343                  0                  0                  0                  0        167218.4006                  0        102.2660955        209.3975473
          1       1344                  0                  0                  0                  0        167342.9169                  0        102.2660955        209.3975473
          1       1345                  0                  0                  0                  0        167467.4332                  0        102.2660955        209.3975473
          1       1346                  0                  0                  0                  0        167591.9494                  0        102.2660955        209.3975473
          1       1347                  0                  0                  0                  0        167716.4657                  0        102.2660955        209.3975473
          1       1348                  0                  0                  0                  0         167840.982                  0        102.2660955        209.3975473
          1       1349                  0                  0                  0                  0        167965.4983                  0        102.2660955        209.3975473
          1       1350                  0                  0                  0                  0        168090.0145                  0        102.2660955        209.3975473
          1       1351                  0                  0                  0                  0        168214.5308                  0        102.2660955        209.3975473
          1       1352                  0                  0                  0                  0        168339.0471                  0        102.2660955        209.3975473
          1       1353                  0                  0                  0                  0        168463.5634                  0        102.2660955        209.3975473
          1       1354                  0                  0                  0                  0        168588.0796                  0        102.2660955        209.3975473
          1       1355                  0                  0                  0                  0        168712.5959                  0        102.2660955        209.3975473
          1       1356                  0                  0                  0                  0        168837.1122                  0        102.2660955        209.3975473
          1       1357                  0                  0                  0                  0        168961.6284                  0        102.2660955        209.3975473
          1       1358                  0                  0                  0                  0        169086.1447                  0        102.2660955        209.3975473
          1       1359                  0                  0                  0                  0         169210.661                  0        102.2660955        209.3975473
          1       1360                  0                  0                  0                  0        169335.1773                  0        102.2660955        209.3975473
          1       1361                  0                  0                  0                  0        169459.6935                  0        102.2660955        209.3975473
          1       1362                  0                  0                  0                  0        169584.2098                  0        102.2660955        209.3975473
          1       1363                  0                  0                  0                  0        169708.7261                  0        102.2660955        209.3975473
          1       1364                  0                  0                  0                  0        169833.2424                  0        102.2660955        209.3975473
          1       1365                  0                  0                  0                  0        169957.7586                  0        102.2660955        209.3975473
          1       1366                  0                  0                  0                  0        170082.2749                  0        102.2660955        209.3975473
          1       1367                  0                  0                  0                  0        170206.7912                  0        102.2660955        209.3975473
          1       1368                  0                  0                  0                  0        170331.3075                  0        102.2660955        209.3975473
          1       1369                  0                  0                  0                  0        170455.8237                  0        102.2660955        209.3975473
          1       1370                  0                  0                  0                  0          170580.34                  0        102.2660955        209.3975473
          1       1371                  0                  0                  0                  0        170704.8563                  0        102.2660955        209.3975473
          1       1372                  0                  0                  0                  0        170829.3726                  0        102.2660955        209.3975473
          1       1373                  0                  0                  0                  0        170953.8888                  0        102.2660955        209.3975473
          1       1374                  0                  0                  0                  0        171078.4051                  0        102.2660955        209.3975473
          1       1375                  0                  0                  0                  0        171202.9214                  0        102.2660955        209.3975473
          1       1376                  0                  0                  0                  0        171327.4376                  0        102.2660955        209.3975473
          1       1377                  0                  0                  0                  0        171451.9539                  0        102.2660955        209.3975473
          1       1378                  0                  0                  0                  0        171576.4702                  0        102.2660955        209.3975473
          1       1379                  0                  0                  0                  0        171700.9865                  0        102.2660955        209.3975473
          1       1380                  0                  0                  0                  0        171825.5027                  0        102.2660955        209.3975473
          1       1381                  0                  0                  0                  0         171950.019                  0        102.2660955        209.3975473
          1       1382                  0                  0                  0                  0        172074.5353                  0        102.2660955        209.3975473
          1       1383                  0                  0                  0                  0        172199.0516                  0        102.2660955        209.3975473
          1       1384                  0                  0                  0                  0        172323.5678                  0        102.2660955        209.3975473
          1       1385                  0                  0                  0                  0        172448.0841                  0        102.2660955        209.3975473
          1       1386                  0                  0                  0                  0        172572.6004                  0        102.2660955        209.3975473
          1       1387                  0                  0                  0                  0        172697.1167                  0        102.2660955        209.3975473
          1       1388                  0                  0                  0                  0        172821.6329                  0        102.2660955        209.3975473
          1       1389                  0                  0                  0                  0        172946.1492                  0        102.2660955        209.3975473
          1       1390                  0                  0                  0                  0        173070.6655                  0        102.2660955        209.3975473
          1       1391                  0                  0                  0                  0        173195.1818                  0        102.2660955        209.3975473
          1       1392                  0                  0                  0                  0         173319.698                  0        102.2660955        209.3975473
          1       1393                  0                  0                  0                  0        173444.2143                  0        102.2660955        209.3975473
          1       1394                  0                  0                  0                  0        173568.7306                  0        102.2660955        209.3975473
          1       1395                  0                  0                  0                  0        173693.2468                  0        102.2660955        209.3975473
          1       1396                  0                  0                  0                  0        173817.7631                  0        102.2660955        209.3975473
          1       1397                  0                  0                  0                  0        173942.2794                  0        102.2660955        209.3975473
          1       1398                  0                  0                  0                  0        174066.7957                  0        102.2660955        209.3975473
          1       1399                  0                  0                  0                  0        174191.3119                  0        102.2660955        209.3975473
          1       1400                  0                  0                  0                  0        174315.8282                  0        102.2660955        209.3975473
          1       1401                  0                  0                  0                  0        174440.3445                  0        102.2660955        209.3975473
          1       1402                  0                  0                  0                  0        174564.8608                  0        102.2660955        209.3975473
          1       1403                  0                  0                  0                  0         174689.377                  0        102.2660955        209.3975473
          1       1404                  0                  0                  0                  0        174813.8933                  0        102.2660955        209.3975473
          1       1405                  0                  0                  0                  0        174938.4096                  0        102.2660955        209.3975473
          1       1406                  0                  0                  0                  0        175062.9259                  0        102.2660955        209.3975473
          1       1407                  0                  0                  0                  0        175187.4421                  0        102.2660955        209.3975473
          1       1408                  0                  0                  0                  0        175311.9584                  0        102.2660955        209.3975473
          1       1409                  0                  0                  0                  0        175436.4747                  0        102.2660955        209.3975473
          1       1410                  0                  0                  0                  0        175560.9909                  0        102.2660955        209.3975473
          1       1411                  0                  0                  0                  0        175685.5072                  0        102.2660955        209.3975473
          1       1412                  0                  0                  0                  0        175810.0235                  0        102.2660955        209.3975473
          1       1413                  0                  0                  0                  0        175934.5398                  0        102.2660955        209.3975473
          1       1414                  0                  0                  0                  0         176059.056                  0        102.2660955        209.3975473
          1       1415                  0                  0                  0                  0        176183.5723                  0        102.2660955        209.3975473
          1       1416                  0                  0                  0                  0        176308.0886                  0        102.2660955        209.3975473
          1       1417                  0                  0                  0                  0        176432.6049                  0        102.2660955        209.3975473
          1       1418                  0                  0                  0                  0        176557.1211                  0        102.2660955        209.3975473
          1       1419                  0                  0                  0                  0        176681.6374                  0        102.2660955        209.3975473
          1       1420                  0                  0                  0                  0        176806.1537                  0        102.2660955        209.3975473
          1       1421                  0                  0                  0                  0          176930.67                  0        102.2660955        209.3975473
          1       1422                  0                  0                  0                  0        177055.1862                  0        102.2660955        209.3975473
          1       1423                  0                  0                  0                  0        177179.7025                  0        102.2660955        209.3975473
          1       1424                  0                  0                  0                  0        177304.2188                  0        102.2660955        209.3975473
          1       1425                  0                  0                  0                  0        177428.7351                  0        102.2660955        209.3975473
          1       1426                  0                  0                  0                  0        177553.2513                  0        102.2660955        209.3975473
          1       1427                  0                  0                  0                  0        177677.7676                  0        102.2660955        209.3975473
          1       1428                  0                  0                  0                  0        177802.2839                  0        102.2660955        209.3975473
          1       1429                  0                  0                  0                  0        177926.8001                  0        102.2660955        209.3975473
          1       1430                  0                  0                  0                  0        178051.3164                  0        102.2660955        209.3975473
          1       1431                  0                  0                  0                  0        178175.8327                  0        102.2660955        209.3975473
          1       1432                  0                  0                  0                  0         178300.349                  0        102.2660955        209.3975473
          1       1433                  0                  0                  0                  0        178424.8652                  0        102.2660955        209.3975473
          1       1434                  0                  0                  0                  0        178549.3815                  0        102.2660955        209.3975473
          1       1435                  0                  0                  0                  0        178673.8978                  0        102.2660955        209.3975473
          1       1436                  0                  0                  0                  0        178798.4141                  0        102.2660955        209.3975473
          1       1437                  0                  0                  0                  0        178922.9303                  0        102.2660955        209.3975473
          1       1438                  0                  0                  0                  0        179047.4466                  0        102.2660955        209.3975473
          1       1439                  0                  0                  0                  0        179171.9629                  0        102.2660955        209.3975473
          1       1440                  0                  0                  0                  0        179296.4792                  0        102.2660955        209.3975473
          1       1441                  0                  0                  0                  0        179420.9954                  0        102.2660955        209.3975473
          1       1442                  0                  0                  0                  0        179545.5117                  0        102.2660955        209.3975473
          1       1443                  0                  0                  0                  0         179670.028                  0        102.2660955        209.3975473
          1       1444                  0                  0                  0                  0        179794.5443                  0        102.2660955        209.3975473
          1       1445                  0                  0                  0                  0        179919.0605                  0        102.2660955        209.3975473
          1       1446                  0                  0                  0                  0        180043.5768                  0        102.2660955        209.3975473
          1       1447                  0                  0                  0                  0        180168.0931                  0        102.2660955        209.3975473
          1       1448                  0                  0                  0                  0        180292.6093                  0        102.2660955        209.3975473
          1       1449                  0                  0                  0                  0        180417.1256                  0        102.2660955        209.3975473
          1       1450                  0                  0                  0                  0        180541.6419                  0        102.2660955        209.3975473
          1       1451                  0                  0                  0                  0        180666.1582                  0        102.2660955        209.3975473
          1       1452                  0                  0                  0                  0        180790.6744                  0        102.2660955        209.3975473
          1       1453                  0                  0                  0                  0        180915.1907                  0        102.2660955        209.3975473
          1       1454                  0                  0                  0                  0         181039.707                  0        102.2660955        209.3975473
          1       1455                  0                  0                  0                  0        181164.2233                  0        102.2660955        209.3975473
          1       1456                  0                  0                  0                  0        181288.7395                  0        102.2660955        209.3975473
          1       1457                  0                  0                  0                  0        181413.2558                  0        102.2660955        209.3975473
          1       1458                  0                  0                  0                  0        181537.7721                  0        102.2660955        209.3975473
          1       1459                  0                  0                  0                  0        181662.2884                  0        102.2660955        209.3975473
          1       1460                  0                  0                  0                  0        181786.8046                  0        102.2660955        209.3975473
          1       1461                  0                  0                  0                  0        181911.3209                  0        102.2660955        209.3975473
          1       1462                  0                  0                  0                  0        182035.8372                  0        102.2660955        209.3975473
          1       1463                  0                  0                  0                  0        182160.3535                  0        102.2660955        209.3975473
          1       1464                  0                  0                  0                  0        182284.8697                  0        102.2660955        209.3975473
          1       1465                  0                  0                  0                  0         182409.386                  0        102.2660955        209.3975473
          1       1466                  0                  0                  0                  0        182533.9023                  0        102.2660955        209.3975473
          1       1467                  0                  0                  0                  0        182658.4185                  0        102.2660955        209.3975473
          1       1468                  0                  0                  0                  0        182782.9348                  0        102.2660955        209.3975473
          1       1469                  0                  0                  0                  0        182907.4511                  0        102.2660955        209.3975473
          1       1470                  0                  0                  0                  0        183031.9674                  0        102.2660955        209.3975473
          1       1471                  0                  0                  0                  0        183156.4836                  0        102.2660955        209.3975473
          1       1472                  0                  0                  0                  0        183280.9999                  0        102.2660955        209.3975473
          1       1473                  0                  0                  0                  0        183405.5162                  0        102.2660955        209.3975473
          1       1474                  0                  0                  0                  0        183530.0325                  0        102.2660955        209.3975473
          1       1475                  0                  0                  0                  0        183654.5487                  0        102.2660955        209.3975473
          1       1476                  0                  0                  0                  0         183779.065                  0        102.2660955        209.3975473
          1       1477                  0                  0                  0                  0        183903.5813                  0        102.2660955        209.3975473
          1       1478                  0                  0                  0                  0        184028.0976                  0        102.2660955        209.3975473
          1       1479                  0                  0                  0                  0        184152.6138                  0        102.2660955        209.3975473
          1       1480                  0                  0                  0                  0        184277.1301                  0        102.2660955        209.3975473
          1       1481                  0                  0                  0                  0        184401.6464                  0        102.2660955        209.3975473
          1       1482                  0                  0                  0                  0        184526.1627                  0        102.2660955        209.3975473
          1       1483                  0                  0                  0                  0        184650.6789                  0        102.2660955        209.3975473
          1       1484                  0                  0                  0                  0        184775.1952                  0        102.2660955        209.3975473
          1       1485                  0                  0                  0                  0        184899.7115                  0        102.2660955        209.3975473
          1       1486                  0                  0                  0                  0        185024.2277                  0        102.2660955        209.3975473
          1       1487                  0                  0                  0                  0         185148.744                  0        102.2660955        209.3975473
          1       1488                  0                  0                  0                  0        185273.2603                  0        102.2660955        209.3975473
          1       1489                  0                  0                  0                  0        185397.7766                  0        102.2660955        209.3975473
          1       1490                  0                  0                  0                  0        185522.2928                  0        102.2660955        209.3975473
          1       1491                  0                  0                  0                  0        185646.8091                  0        102.2660955        209.3975473
          1       1492                  0                  0                  0                  0        185771.3254                  0        102.2660955        209.3975473
          1       1493                  0                  0                  0                  0        185895.8417                  0        102.2660955        209.3975473
          1       1494                  0                  0                  0                  0        186020.3579                  0        102.2660955        209.3975473
          1       1495                  0                  0                  0                  0        186144.8742                  0        102.2660955        209.3975473
          1       1496                  0                  0                  0                  0        186269.3905                  0        102.2660955        209.3975473
          1       1497                  0                  0                  0                  0        186393.9068                  0        102.2660955        209.3975473
          1       1498                  0                  0                  0                  0         186518.423                  0        102.2660955        209.3975473
          1       1499                  0                  0                  0                  0        186642.9393                  0        102.2660955        209.3975473
          1       1500                  0                  0                  0                  0        186767.4556                  0        102.2660955        209.3975473
          1       1501                  0                  0                  0                  0        186891.9718                  0        102.2660955        209.3975473
          1       1502                  0                  0                  0                  0        187016.4881                  0        102.2660955        209.3975473
          1       1503                  0                  0                  0                  0        187141.0044                  0        102.2660955        209.3975473
          1       1504                  0                  0                  0                  0        187265.5207                  0        102.2660955        209.3975473
          1       1505                  0                  0                  0                  0        187390.0369                  0        102.2660955        209.3975473
          1       1506                  0                  0                  0                  0        187514.5532                  0        102.2660955        209.3975473
          1       1507                  0                  0                  0                  0        187639.0695                  0        102.2660955        209.3975473
          1       1508                  0                  0                  0                  0        187763.5858                  0        102.2660955        209.3975473
          1       1509                  0                  0                  0                  0         187888.102                  0        102.2660955        209.3975473
          1       1510                  0                  0                  0                  0        188012.6183                  0        102.2660955        209.3975473
          1       1511                  0                  0                  0                  0        188137.1346                  0        102.2660955        209.3975473
          1       1512                  0                  0                  0                  0        188261.6509                  0        102.2660955        209.3975473
          1       1513                  0                  0                  0                  0        188386.1671                  0        102.2660955        209.3975473
          1       1514                  0                  0                  0                  0        188510.6834                  0        102.2660955        209.3975473
          1       1515                  0                  0                  0                  0        188635.1997                  0        102.2660955        209.3975473
          1       1516                  0                  0                  0                  0         188759.716                  0        102.2660955        209.3975473
          1       1517                  0                  0                  0                  0        188884.2322                  0        102.2660955        209.3975473
          1       1518                  0                  0                  0                  0        189008.7485                  0        102.2660955        209.3975473
          1       1519                  0                  0                  0                  0        189133.2648                  0        102.2660955        209.3975473
          1       1520                  0                  0                  0                  0         189257.781                  0        102.2660955        209.3975473
          1       1521                  0                  0                  0                  0        189382.2973                  0        102.2660955        209.3975473
          1       1522                  0                  0                  0                  0        189506.8136                  0        102.2660955        209.3975473
          1       1523                  0                  0                  0                  0        189631.3299                  0        102.2660955        209.3975473
          1       1524                  0                  0                  0                  0        189755.8461                  0        102.2660955        209.3975473
          1       1525                  0                  0                  0                  0        189880.3624                  0        102.2660955        209.3975473
          1       1526                  0                  0                  0                  0        190004.8787                  0        102.2660955        209.3975473
          1       1527                  0                  0                  0                  0         190129.395                  0        102.2660955        209.3975473
          1       1528                  0                  0                  0                  0        190253.9112                  0        102.2660955        209.3975473
          1       1529                  0                  0                  0                  0        190378.4275                  0        102.2660955        209.3975473
          1       1530                  0                  0                  0                  0        190502.9438                  0        102.2660955        209.3975473
          1       1531                  0                  0                  0                  0        190627.4601                  0        102.2660955        209.3975473
          1       1532                  0                  0                  0                  0        190751.9763                  0        102.2660955        209.3975473
          1       1533                  0                  0                  0                  0        190876.4926                  0        102.2660955        209.3975473
          1       1534                  0                  0                  0                  0        191001.0089                  0        102.2660955        209.3975473
          1       1535                  0                  0                  0                  0        191125.5252                  0        102.2660955        209.3975473
          1       1536                  0                  0                  0                  0        191250.0414                  0        102.2660955        209.3975473
          1       1537                  0                  0                  0                  0        191374.5577                  0        102.2660955        209.3975473
          1       1538                  0                  0                  0                  0         191499.074                  0        102.2660955        209.3975473
          1       1539                  0                  0                  0                  0        191623.5902                  0        102.2660955        209.3975473
          1       1540                  0                  0                  0                  0        191748.1065                  0        102.2660955        209.3975473
          1       1541                  0                  0                  0                  0        191872.6228                  0        102.2660955        209.3975473
          1       1542                  0                  0                  0                  0        191997.1391                  0        102.2660955        209.3975473
          1       1543                  0                  0                  0                  0        192121.6553                  0        102.2660955        209.3975473
          1       1544                  0                  0                  0                  0        192246.1716                  0        102.2660955        209.3975473
          1       1545                  0                  0                  0                  0        192370.6879                  0        102.2660955        209.3975473
          1       1546                  0                  0                  0                  0        192495.2042                  0        102.2660955        209.3975473
          1       1547                  0                  0                  0                  0        192619.7204                  0        102.2660955        209.3975473
          1       1548                  0                  0                  0                  0        192744.2367                  0        102.2660955        209.3975473
          1       1549                  0                  0                  0                  0         192868.753                  0        102.2660955        209.3975473
          1       1550                  0                  0                  0                  0        192993.2693                  0        102.2660955        209.3975473
          1       1551                  0                  0                  0                  0        193117.7855                  0        102.2660955        209.3975473
          1       1552                  0                  0                  0                  0        193242.3018                  0        102.2660955        209.3975473
          1       1553                  0                  0                  0                  0        193366.8181                  0        102.2660955        209.3975473
          1       1554                  0                  0                  0                  0        193491.3344                  0        102.2660955        209.3975473
          1       1555                  0                  0                  0                  0        193615.8506                  0        102.2660955        209.3975473
          1       1556                  0                  0                  0                  0        193740.3669                  0        102.2660955        209.3975473
          1       1557                  0                  0                  0                  0        193864.8832                  0        102.2660955        209.3975473
          1       1558                  0                  0                  0                  0        193989.3994                  0        102.2660955        209.3975473
          1       1559                  0                  0                  0                  0        194113.9157                  0        102.2660955        209.3975473
          1       1560                  0                  0                  0                  0         194238.432                  0        102.2660955        209.3975473
          1       1561                  0                  0                  0                  0        194362.9483                  0        102.2660955        209.3975473
          1       1562                  0                  0                  0                  0        194487.4645                  0        102.2660955        209.3975473
          1       1563                  0                  0                  0                  0        194611.9808                  0        102.2660955        209.3975473
          1       1564                  0                  0                  0                  0        194736.4971                  0        102.2660955        209.3975473
          1       1565                  0                  0                  0                  0        194861.0134                  0        102.2660955        209.3975473
          1       1566                  0                  0                  0                  0        194985.5296                  0        102.2660955        209.3975473
          1       1567                  0                  0                  0                  0        195110.0459                  0        102.2660955        209.3975473
          1       1568                  0                  0                  0                  0        195234.5622                  0        102.2660955        209.3975473
          1       1569                  0                  0                  0                  0        195359.0785                  0        102.2660955        209.3975473
          1       1570                  0                  0                  0                  0        195483.5947                  0        102.2660955        209.3975473
          1       1571                  0                  0                  0                  0         195608.111                  0        102.2660955        209.3975473
          1       1572                  0                  0                  0                  0        195732.6273                  0        102.2660955        209.3975473
          1       1573                  0                  0                  0                  0        195857.1435                  0        102.2660955        209.3975473
          1       1574                  0                  0                  0                  0        195981.6598                  0        102.2660955        209.3975473
          1       1575                  0                  0                  0                  0        196106.1761                  0        102.2660955        209.3975473
          1       1576                  0                  0                  0                  0        196230.6924                  0        102.2660955        209.3975473
          1       1577                  0                  0                  0                  0        196355.2086                  0        102.2660955        209.3975473
          1       1578                  0                  0                  0                  0        196479.7249                  0        102.2660955        209.3975473
          1       1579                  0                  0                  0                  0        196604.2412                  0        102.2660955        209.3975473
          1       1580                  0                  0                  0                  0        196728.7575                  0        102.2660955        209.3975473
          1       1581                  0                  0                  0                  0        196853.2737                  0        102.2660955        209.3975473
          1       1582                  0                  0                  0                  0          196977.79                  0        102.2660955        209.3975473
          1       1583                  0                  0                  0                  0        197102.3063                  0        102.2660955        209.3975473
          1       1584                  0                  0                  0                  0        197226.8226                  0        102.2660955        209.3975473
          1       1585                  0                  0                  0                  0        197351.3388                  0        102.2660955        209.3975473
          1       1586                  0                  0                  0                  0        197475.8551                  0        102.2660955        209.3975473
          1       1587                  0                  0                  0                  0        197600.3714                  0        102.2660955        209.3975473
          1       1588                  0                  0                  0                  0        197724.8877                  0        102.2660955        209.3975473
          1       1589                  0                  0                  0                  0        197849.4039                  0        102.2660955        209.3975473
          1       1590                  0                  0                  0                  0        197973.9202                  0        102.2660955        209.3975473
          1       1591                  0                  0                  0                  0        198098.4365                  0        102.2660955        209.3975473
          1       1592                  0                  0                  0                  0        198222.9527                  0        102.2660955        209.3975473
          1       1593                  0                  0                  0                  0         198347.469                  0        102.2660955        209.3975473
          1       1594                  0                  0                  0                  0        198471.9853                  0        102.2660955        209.3975473
          1       1595                  0                  0                  0                  0        198596.5016                  0        102.2660955        209.3975473
          1       1596                  0                  0                  0                  0        198721.0178                  0        102.2660955        209.3975473
          1       1597                  0                  0                  0                  0        198845.5341                  0        102.2660955        209.3975473
          1       1598                  0                  0                  0                  0        198970.0504                  0        102.2660955        209.3975473
          1       1599                  0                  0                  0                  0        199094.5667                  0        102.2660955        209.3975473
          1       1600                  0                  0                  0                  0        199219.0829                  0        102.2660955        209.3975473
          1       1601                  0                  0                  0                  0        199343.5992                  0        102.2660955        209.3975473
          1       1602                  0                  0                  0                  0        199468.1155                  0        102.2660955        209.3975473
          1       1603                  0                  0                  0                  0        199592.6318                  0        102.2660955        209.3975473
          1       1604                  0                  0                  0                  0         199717.148                  0        102.2660955        209.3975473
          1       1605                  0                  0                  0                  0        199841.6643                  0        102.2660955        209.3975473
          1       1606                  0                  0                  0                  0        199966.1806                  0        102.2660955        209.3975473
          1       1607                  0                  0                  0                  0        200090.6969                  0        102.2660955        209.3975473
          1       1608                  0                  0                  0                  0        200215.2131                  0        102.2660955        209.3975473
          1       1609                  0                  0                  0                  0        200339.7294                  0        102.2660955        209.3975473
          1       1610                  0                  0                  0                  0        200464.2457                  0        102.2660955        209.3975473
          1       1611                  0                  0                  0                  0        200588.7619                  0        102.2660955        209.3975473
          1       1612                  0                  0                  0                  0        200713.2782                  0        102.2660955        209.3975473
          1       1613                  0                  0                  0                  0        200837.7945                  0        102.2660955        209.3975473
          1       1614                  0                  0                  0                  0        200962.3108                  0        102.2660955        209.3975473
          1       1615                  0                  0                  0                  0         201086.827                  0        102.2660955        209.3975473
          1       1616                  0                  0                  0                  0        201211.3433                  0        102.2660955        209.3975473
          1       1617                  0                  0                  0                  0        201335.8596                  0        102.2660955        209.3975473
          1       1618                  0                  0                  0                  0        201460.3759                  0        102.2660955        209.3975473
          1       1619                  0                  0                  0                  0        201584.8921                  0        102.2660955        209.3975473
          1       1620                  0                  0                  0                  0        201709.4084                  0        102.2660955        209.3975473
          1       1621                  0                  0                  0                  0        201833.9247                  0        102.2660955        209.3975473
          1       1622                  0                  0                  0                  0         201958.441                  0        102.2660955        209.3975473
          1       1623                  0                  0                  0                  0        202082.9572                  0        102.2660955        209.3975473
          1       1624                  0                  0                  0                  0        202207.4735                  0        102.2660955        209.3975473
          1       1625                  0                  0                  0                  0        202331.9898                  0        102.2660955        209.3975473
          1       1626                  0                  0                  0                  0        202456.5061                  0        102.2660955        209.3975473
          1       1627                  0                  0                  0                  0        202581.0223                  0        102.2660955        209.3975473
          1       1628                  0                  0                  0                  0        202705.5386                  0        102.2660955        209.3975473
          1       1629                  0                  0                  0                  0        202830.0549                  0        102.2660955        209.3975473
          1       1630                  0                  0                  0                  0        202954.5711                  0        102.2660955        209.3975473
          1       1631                  0                  0                  0                  0        203079.0874                  0        102.2660955        209.3975473
          1       1632                  0                  0                  0                  0        203203.6037                  0        102.2660955        209.3975473
          1       1633                  0                  0                  0                  0          203328.12                  0        102.2660955        209.3975473
          1       1634                  0                  0                  0                  0        203452.6362                  0        102.2660955        209.3975473
          1       1635                  0                  0                  0                  0        203577.1525                  0        102.2660955        209.3975473
          1       1636                  0                  0                  0                  0        203701.6688                  0        102.2660955        209.3975473
          1       1637                  0                  0                  0                  0        203826.1851                  0        102.2660955        209.3975473
          1       1638                  0                  0                  0                  0        203950.7013                  0        102.2660955        209.3975473
          1       1639                  0                  0                  0                  0        204075.2176                  0        102.2660955        209.3975473
          1       1640                  0                  0                  0                  0        204199.7339                  0        102.2660955        209.3975473
          1       1641                  0                  0                  0                  0        204324.2502                  0        102.2660955        209.3975473
          1       1642                  0                  0                  0                  0        204448.7664                  0        102.2660955        209.3975473
          1       1643                  0                  0                  0                  0        204573.2827                  0        102.2660955        209.3975473
          1       1644                  0                  0                  0                  0         204697.799                  0        102.2660955        209.3975473
          1       1645                  0                  0                  0                  0        204822.3153                  0        102.2660955        209.3975473
          1       1646                  0                  0                  0                  0        204946.8315                  0        102.2660955        209.3975473
          1       1647                  0                  0                  0                  0        205071.3478                  0        102.2660955        209.3975473
          1       1648                  0                  0                  0                  0        205195.8641                  0        102.2660955        209.3975473
          1       1649                  0                  0                  0                  0        205320.3803                  0        102.2660955        209.3975473
          1       1650                  0                  0                  0                  0        205444.8966                  0        102.2660955        209.3975473
          1       1651                  0                  0                  0                  0        205569.4129                  0        102.2660955        209.3975473
          1       1652                  0                  0                  0                  0        205693.9292                  0        102.2660955        209.3975473
          1       1653                  0                  0                  0                  0        205818.4454                  0        102.2660955        209.3975473
          1       1654                  0                  0                  0                  0        205942.9617                  0        102.2660955        209.3975473
          1       1655                  0                  0                  0                  0         206067.478                  0        102.2660955        209.3975473
          1       1656                  0                  0                  0                  0        206191.9943                  0        102.2660955        209.3975473
          1       1657                  0                  0                  0                  0        206316.5105                  0        102.2660955        209.3975473
          1       1658                  0                  0                  0                  0        206441.0268                  0        102.2660955        209.3975473
          1       1659                  0                  0                  0                  0        206565.5431                  0        102.2660955        209.3975473
          1       1660                  0                  0                  0                  0        206690.0594                  0        102.2660955        209.3975473
          1       1661                  0                  0                  0                  0        206814.5756                  0        102.2660955        209.3975473
          1       1662                  0                  0                  0                  0        206939.0919                  0        102.2660955        209.3975473
          1       1663                  0                  0                  0                  0        207063.6082                  0        102.2660955        209.3975473
          1       1664                  0                  0                  0                  0        207188.1244                  0        102.2660955        209.3975473
          1       1665                  0                  0                  0                  0        207312.6407                  0        102.2660955        209.3975473
          1       1666                  0                  0                  0                  0         207437.157                  0        102.2660955        209.3975473
          1       1667                  0                  0                  0                  0        207561.6733                  0        102.2660955        209.3975473
          1       1668                  0                  0                  0                  0        207686.1895                  0        102.2660955        209.3975473
          1       1669                  0                  0                  0                  0        207810.7058                  0        102.2660955        209.3975473
          1       1670                  0                  0                  0                  0        207935.2221                  0        102.2660955        209.3975473
          1       1671                  0                  0                  0                  0        208059.7384                  0        102.2660955        209.3975473
          1       1672                  0                  0                  0                  0        208184.2546                  0        102.2660955        209.3975473
          1       1673                  0                  0                  0                  0        208308.7709                  0        102.2660955        209.3975473
          1       1674                  0                  0                  0                  0        208433.2872                  0        102.2660955        209.3975473
          1       1675                  0                  0                  0                  0        208557.8035                  0        102.2660955        209.3975473
          1       1676                  0                  0                  0                  0        208682.3197                  0        102.2660955        209.3975473
          1       1677                  0                  0                  0                  0         208806.836                  0        102.2660955        209.3975473
          1       1678                  0                  0                  0                  0        208931.3523                  0        102.2660955        209.3975473
          1       1679                  0                  0                  0                  0        209055.8686                  0        102.2660955        209.3975473
          1       1680                  0                  0                  0                  0        209180.3848                  0        102.2660955        209.3975473
          1       1681                  0                  0                  0                  0        209304.9011                  0        102.2660955        209.3975473
          1       1682                  0                  0                  0                  0        209429.4174                  0        102.2660955        209.3975473
          1       1683                  0                  0                  0                  0        209553.9336                  0        102.2660955        209.3975473
          1       1684                  0                  0                  0                  0        209678.4499                  0        102.2660955        209.3975473
          1       1685                  0                  0                  0                  0        209802.9662                  0        102.2660955        209.3975473
          1       1686                  0                  0                  0                  0        209927.4825                  0        102.2660955        209.3975473
          1       1687                  0                  0                  0                  0        210051.9987                  0        102.2660955        209.3975473
          1       1688                  0                  0                  0                  0         210176.515                  0        102.2660955        209.3975473
          1       1689                  0                  0                  0                  0        210301.0313                  0        102.2660955        209.3975473
          1       1690                  0                  0                  0                  0        210425.5476                  0        102.2660955        209.3975473
          1       1691                  0                  0                  0                  0        210550.0638                  0        102.2660955        209.3975473
          1       1692                  0                  0                  0                  0        210674.5801                  0        102.2660955        209.3975473
          1       1693                  0                  0                  0                  0        210799.0964                  0        102.2660955        209.3975473
          1       1694                  0                  0                  0                  0        210923.6127                  0        102.2660955        209.3975473
          1       1695                  0                  0                  0                  0        211048.1289                  0        102.2660955        209.3975473
          1       1696                  0                  0                  0                  0        211172.6452                  0        102.2660955        209.3975473
          1       1697                  0                  0                  0                  0        211297.1615                  0        102.2660955        209.3975473
          1       1698                  0                  0                  0                  0        211421.6778                  0        102.2660955        209.3975473
          1       1699                  0                  0                  0                  0         211546.194                  0        102.2660955        209.3975473
          1       1700                  0                  0                  0                  0        211670.7103                  0        102.2660955        209.3975473
          1       1701                  0                  0                  0                  0        211795.2266                  0        102.2660955        209.3975473
          1       1702                  0                  0                  0                  0        211919.7428                  0        102.2660955        209.3975473
          1       1703                  0                  0                  0                  0        212044.2591                  0        102.2660955        209.3975473
          1       1704                  0                  0                  0                  0        212168.7754                  0        102.2660955        209.3975473
          1       1705                  0                  0                  0                  0        212293.2917                  0        102.2660955        209.3975473
          1       1706                  0                  0                  0                  0        212417.8079                  0        102.2660955        209.3975473
          1       1707                  0                  0                  0                  0        212542.3242                  0        102.2660955        209.3975473
          1       1708                  0                  0                  0                  0        212666.8405                  0        102.2660955        209.3975473
          1       1709                  0                  0                  0                  0        212791.3568                  0        102.2660955        209.3975473
          1       1710                  0                  0                  0                  0         212915.873                  0        102.2660955        209.3975473
          1       1711                  0                  0                  0                  0        213040.3893                  0        102.2660955        209.3975473
          1       1712                  0                  0                  0                  0        213164.9056                  0        102.2660955        209.3975473
          1       1713                  0                  0                  0                  0        213289.4219                  0        102.2660955        209.3975473
          1       1714                  0                  0                  0                  0        213413.9381                  0        102.2660955        209.3975473
          1       1715                  0                  0                  0                  0        213538.4544                  0        102.2660955        209.3975473
          1       1716                  0                  0                  0                  0        213662.9707                  0        102.2660955        209.3975473
          1       1717                  0                  0                  0                  0         213787.487                  0        102.2660955        209.3975473
          1       1718                  0                  0                  0                  0        213912.0032                  0        102.2660955        209.3975473
          1       1719                  0                  0                  0                  0        214036.5195                  0        102.2660955        209.3975473
          1       1720                  0                  0                  0                  0        214161.0358                  0        102.2660955        209.3975473
          1       1721                  0                  0                  0                  0         214285.552                  0        102.2660955        209.3975473
          1       1722                  0                  0                  0                  0        214410.0683                  0        102.2660955        209.3975473
          1       1723                  0                  0                  0                  0        214534.5846                  0        102.2660955        209.3975473
          1       1724                  0                  0                  0                  0        214659.1009                  0        102.2660955        209.3975473
          1       1725                  0                  0                  0                  0        214783.6171                  0        102.2660955        209.3975473
          1       1726                  0                  0                  0                  0        214908.1334                  0        102.2660955        209.3975473
          1       1727                  0                  0                  0                  0        215032.6497                  0        102.2660955        209.3975473
          1       1728                  0                  0                  0                  0         215157.166                  0        102.2660955        209.3975473
          1       1729                  0                  0                  0                  0        215281.6822                  0        102.2660955        209.3975473
          1       1730                  0                  0                  0                  0        215406.1985                  0        102.2660955        209.3975473
          1       1731                  0                  0                  0                  0        215530.7148                  0        102.2660955        209.3975473
          1       1732                  0                  0                  0                  0        215655.2311                  0        102.2660955        209.3975473
          1       1733                  0                  0                  0                  0        215779.7473                  0        102.2660955        209.3975473
          1       1734                  0                  0                  0                  0        215904.2636                  0        102.2660955        209.3975473
          1       1735                  0                  0                  0                  0        216028.7799                  0        102.2660955        209.3975473
          1       1736                  0                  0                  0                  0        216153.2962                  0        102.2660955        209.3975473
          1       1737                  0                  0                  0                  0        216277.8124                  0        102.2660955        209.3975473
          1       1738                  0                  0                  0                  0        216402.3287                  0        102.2660955        209.3975473
          1       1739                  0                  0                  0                  0         216526.845                  0        102.2660955        209.3975473
          1       1740                  0                  0                  0                  0        216651.3612                  0        102.2660955        209.3975473
          1       1741                  0                  0                  0                  0        216775.8775                  0        102.2660955        209.3975473
          1       1742                  0                  0                  0                  0        216900.3938                  0        102.2660955        209.3975473
          1       1743                  0                  0                  0                  0        217024.9101                  0        102.2660955        209.3975473
          1       1744                  0                  0                  0                  0        217149.4263                  0        102.2660955        209.3975473
          1       1745                  0                  0                  0                  0        217273.9426                  0        102.2660955        209.3975473
          1       1746                  0                  0                  0                  0        217398.4589                  0        102.2660955        209.3975473
          1       1747                  0                  0                  0                  0        217522.9752                  0        102.2660955        209.3975473
          1       1748                  0                  0                  0                  0        217647.4914                  0        102.2660955        209.3975473
          1       1749                  0                  0                  0                  0        217772.0077                  0        102.2660955        209.3975473
          1       1750                  0                  0                  0                  0         217896.524                  0        102.2660955        209.3975473
          1       1751                  0                  0                  0                  0        218021.0403                  0        102.2660955        209.3975473
          1       1752                  0                  0                  0                  0        218145.5565                  0        102.2660955        209.3975473
          1       1753                  0                  0                  0                  0        218270.0728                  0        102.2660955        209.3975473
          1       1754                  0                  0                  0                  0        218394.5891                  0        102.2660955        209.3975473
          1       1755                  0                  0                  0                  0        218519.1053                  0        102.2660955        209.3975473
          1       1756                  0                  0                  0                  0        218643.6216                  0        102.2660955        209.3975473
          1       1757                  0                  0                  0                  0        218768.1379                  0        102.2660955        209.3975473
          1       1758                  0                  0                  0                  0        218892.6542                  0        102.2660955        209.3975473
          1       1759                  0                  0                  0                  0        219017.1704                  0        102.2660955        209.3975473
          1       1760                  0                  0                  0                  0        219141.6867                  0        102.2660955        209.3975473
          1       1761                  0                  0                  0                  0         219266.203                  0        102.2660955        209.3975473
          1       1762                  0                  0                  0                  0        219390.7193                  0        102.2660955        209.3975473
          1       1763                  0                  0                  0                  0        219515.2355                  0        102.2660955        209.3975473
          1       1764                  0                  0                  0                  0        219639.7518                  0        102.2660955        209.3975473
          1       1765                  0                  0                  0                  0        219764.2681                  0        102.2660955        209.3975473
          1       1766                  0                  0                  0                  0        219888.7844                  0        102.2660955        209.3975473
          1       1767                  0                  0                  0                  0        220013.3006                  0        102.2660955        209.3975473
          1       1768                  0                  0                  0                  0        220137.8169                  0        102.2660955        209.3975473
          1       1769                  0                  0                  0                  0        220262.3332                  0        102.2660955        209.3975473
          1       1770                  0                  0                  0                  0        220386.8495                  0        102.2660955        209.3975473
          1       1771                  0                  0                  0                  0        220511.3657                  0        102.2660955        209.3975473
          1       1772                  0                  0                  0                  0         220635.882                  0        102.2660955        209.3975473
          1       1773                  0                  0                  0                  0        220760.3983                  0        102.2660955        209.3975473
          1       1774                  0                  0                  0                  0        220884.9145                  0        102.2660955        209.3975473
          1       1775                  0                  0                  0                  0        221009.4308                  0        102.2660955        209.3975473
          1       1776                  0                  0                  0                  0        221133.9471                  0        102.2660955        209.3975473
          1       1777                  0                  0                  0                  0        221258.4634                  0        102.2660955        209.3975473
          1       1778                  0                  0                  0                  0        221382.9796                  0        102.2660955        209.3975473
          1       1779                  0                  0                  0                  0        221507.4959                  0        102.2660955        209.3975473
          1       1780                  0                  0                  0                  0        221632.0122                  0        102.2660955        209.3975473
          1       1781                  0                  0                  0                  0        221756.5285                  0        102.2660955        209.3975473
          1       1782                  0                  0                  0                  0        221881.0447                  0        102.2660955        209.3975473
          1       1783                  0                  0                  0                  0         222005.561                  0        102.2660955        209.3975473
          1       1784                  0                  0                  0                  0        222130.0773                  0        102.2660955        209.3975473
          1       1785                  0                  0                  0                  0        222254.5936                  0        102.2660955        209.3975473
          1       1786                  0                  0                  0                  0        222379.1098                  0        102.2660955        209.3975473
          1       1787                  0                  0                  0                  0        222503.6261                  0        102.2660955        209.3975473
          1       1788                  0                  0                  0                  0        222628.1424                  0        102.2660955        209.3975473
          1       1789                  0                  0                  0                  0        222752.6587                  0        102.2660955        209.3975473
          1       1790                  0                  0                  0                  0        222877.1749                  0        102.2660955        209.3975473
          1       1791                  0                  0                  0                  0        223001.6912                  0        102.2660955        209.3975473
          1       1792                  0                  0                  0                  0        223126.2075                  0        102.2660955        209.3975473
          1       1793                  0                  0                  0                  0        223250.7237                  0        102.2660955        209.3975473
          1       1794                  0                  0                  0                  0          223375.24                  0        102.2660955        209.3975473
          1       1795                  0                  0                  0                  0        223499.7563                  0        102.2660955        209.3975473
          1       1796                  0                  0                  0                  0        223624.2726                  0        102.2660955        209.3975473
          1       1797                  0                  0                  0                  0        223748.7888                  0        102.2660955        209.3975473
          1       1798                  0                  0                  0                  0        223873.3051                  0        102.2660955        209.3975473
          1       1799                  0                  0                  0                  0        223997.8214                  0        102.2660955        209.3975473
          1       1800                  0                  0                  0                  0        224122.3377                  0        102.2660955        209.3975473
          1       1801                  0                  0                  0                  0        224246.8539                  0        102.2660955        209.3975473
          1       1802                  0                  0                  0                  0        224371.3702                  0        102.2660955        209.3975473
          1       1803                  0                  0                  0                  0        224495.8865                  0        102.2660955        209.3975473
          1       1804                  0                  0                  0                  0        224620.4028                  0        102.2660955        209.3975473
          1       1805                  0                  0                  0                  0         224744.919                  0        102.2660955        209.3975473
          1       1806                  0                  0                  0                  0        224869.4353                  0        102.2660955        209.3975473
          1       1807                  0                  0                  0                  0        224993.9516                  0        102.2660955        209.3975473
          1       1808                  0                  0                  0                  0        225118.4679                  0        102.2660955        209.3975473
          1       1809                  0                  0                  0                  0        225242.9841                  0        102.2660955        209.3975473
          1       1810                  0                  0                  0                  0        225367.5004                  0        102.2660955        209.3975473
          1       1811                  0                  0                  0                  0        225492.0167                  0        102.2660955        209.3975473
          1       1812                  0                  0                  0                  0        225616.5329                  0        102.2660955        209.3975473
          1       1813                  0                  0                  0                  0        225741.0492                  0        102.2660955        209.3975473
          1       1814                  0                  0                  0                  0        225865.5655                  0        102.2660955        209.3975473
          1       1815                  0                  0                  0                  0        225990.0818                  0        102.2660955        209.3975473
          1       1816                  0                  0                  0                  0         226114.598                  0        102.2660955        209.3975473
          1       1817                  0                  0                  0                  0        226239.1143                  0        102.2660955        209.3975473
          1       1818                  0                  0                  0                  0        226363.6306                  0        102.2660955        209.3975473
          1       1819                  0                  0                  0                  0        226488.1469                  0        102.2660955        209.3975473
          1       1820                  0                  0                  0                  0        226612.6631                  0        102.2660955        209.3975473
          1       1821                  0                  0                  0                  0        226737.1794                  0        102.2660955        209.3975473
          1       1822                  0                  0                  0                  0        226861.6957                  0        102.2660955        209.3975473
          1       1823                  0                  0                  0                  0         226986.212                  0        102.2660955        209.3975473
          1       1824                  0                  0                  0                  0        227110.7282                  0        102.2660955        209.3975473
          1       1825                  0                  0                  0                  0        227235.2445                  0        102.2660955        209.3975473
          1       1826                  0                  0                  0                  0        227359.7608                  0        102.2660955        209.3975473
          1       1827                  0                  0                  0                  0        227484.2771                  0        102.2660955        209.3975473
          1       1828                  0                  0                  0                  0        227608.7933                  0        102.2660955        209.3975473
          1       1829                  0                  0                  0                  0        227733.3096                  0        102.2660955        209.3975473
          1       1830                  0                  0                  0                  0        227857.8259                  0        102.2660955        209.3975473
          1       1831                  0                  0                  0                  0        227982.3421                  0        102.2660955        209.3975473
          1       1832                  0                  0                  0                  0        228106.8584                  0        102.2660955        209.3975473
          1       1833                  0                  0                  0                  0        228231.3747                  0        102.2660955        209.3975473
          1       1834                  0                  0                  0                  0         228355.891                  0        102.2660955        209.3975473
          1       1835                  0                  0                  0                  0        228480.4072                  0        102.2660955        209.3975473
          1       1836                  0                  0                  0                  0        228604.9235                  0        102.2660955        209.3975473
          1       1837                  0                  0                  0                  0        228729.4398                  0        102.2660955        209.3975473
          1       1838                  0                  0                  0                  0        228853.9561                  0        102.2660955        209.3975473
          1       1839                  0                  0                  0                  0        228978.4723                  0        102.2660955        209.3975473
          1       1840                  0                  0                  0                  0        229102.9886                  0        102.2660955        209.3975473
          1       1841                  0                  0                  0                  0        229227.5049                  0        102.2660955        209.3975473
          1       1842                  0                  0                  0                  0        229352.0212                  0        102.2660955        209.3975473
          1       1843                  0                  0                  0                  0        229476.5374                  0        102.2660955        209.3975473
          1       1844                  0                  0                  0                  0        229601.0537                  0        102.2660955        209.3975473
          1       1845                  0                  0                  0                  0          229725.57                  0        102.2660955        209.3975473
          1       1846                  0                  0                  0                  0        229850.0862                  0        102.2660955        209.3975473
          1       1847                  0                  0                  0                  0        229974.6025                  0        102.2660955        209.3975473
          1       1848                  0                  0                  0                  0        230099.1188                  0        102.2660955        209.3975473
          1       1849                  0                  0                  0                  0        230223.6351                  0        102.2660955        209.3975473
          1       1850                  0                  0                  0                  0        230348.1513                  0        102.2660955        209.3975473
          1       1851                  0                  0                  0                  0        230472.6676                  0        102.2660955        209.3975473
          1       1852                  0                  0                  0                  0        230597.1839                  0        102.2660955        209.3975473
          1       1853                  0                  0                  0                  0        230721.7002                  0        102.2660955        209.3975473
          1       1854                  0                  0                  0                  0        230846.2164                  0        102.2660955        209.3975473
          1       1855                  0                  0                  0                  0        230970.7327                  0        102.2660955        209.3975473
          1       1856                  0                  0                  0                  0         231095.249                  0        102.2660955        209.3975473
          1       1857                  0                  0                  0                  0        231219.7653                  0        102.2660955        209.3975473
          1       1858                  0                  0                  0                  0        231344.2815                  0        102.2660955        209.3975473
          1       1859                  0                  0                  0                  0        231468.7978                  0        102.2660955        209.3975473
          1       1860                  0                  0                  0                  0        231593.3141                  0        102.2660955        209.3975473
          1       1861                  0                  0                  0                  0        231717.8304                  0        102.2660955        209.3975473
          1       1862                  0                  0                  0                  0        231842.3466                  0        102.2660955        209.3975473
          1       1863                  0                  0                  0                  0        231966.8629                  0        102.2660955        209.3975473
          1       1864                  0                  0                  0                  0        232091.3792                  0        102.2660955        209.3975473
          1       1865                  0                  0                  0                  0        232215.8954                  0        102.2660955        209.3975473
          1       1866                  0                  0                  0                  0        232340.4117                  0        102.2660955        209.3975473
          1       1867                  0                  0                  0                  0         232464.928                  0        102.2660955        209.3975473
          1       1868                  0                  0                  0                  0        232589.4443                  0        102.2660955        209.3975473
          1       1869                  0                  0                  0                  0        232713.9605                  0        102.2660955        209.3975473
          1       1870                  0                  0                  0                  0        232838.4768                  0        102.2660955        209.3975473
          1       1871                  0                  0                  0                  0        232962.9931                  0        102.2660955        209.3975473
          1       1872                  0                  0                  0                  0        233087.5094                  0        102.2660955        209.3975473
          1       1873                  0                  0                  0                  0        233212.0256                  0        102.2660955        209.3975473
          1       1874                  0                  0                  0                  0        233336.5419                  0        102.2660955        209.3975473
          1       1875                  0                  0                  0                  0        233461.0582                  0        102.2660955        209.3975473
          1       1876                  0                  0                  0                  0        233585.5745                  0        102.2660955        209.3975473
          1       1877                  0                  0                  0                  0        233710.0907                  0        102.2660955        209.3975473
          1       1878                  0                  0                  0                  0         233834.607                  0        102.2660955        209.3975473
          1       1879                  0                  0                  0                  0        233959.1233                  0        102.2660955        209.3975473
          1       1880                  0                  0                  0                  0        234083.6396                  0        102.2660955        209.3975473
          1       1881                  0                  0                  0                  0        234208.1558                  0        102.2660955        209.3975473
          1       1882                  0                  0                  0                  0        234332.6721                  0        102.2660955        209.3975473
          1       1883                  0                  0                  0                  0        234457.1884                  0        102.2660955        209.3975473
          1       1884                  0                  0                  0                  0        234581.7046                  0        102.2660955        209.3975473
          1       1885                  0                  0                  0                  0        234706.2209                  0        102.2660955        209.3975473
          1       1886                  0                  0                  0                  0        234830.7372                  0        102.2660955        209.3975473
          1       1887                  0                  0                  0                  0        234955.2535                  0        102.2660955        209.3975473
          1       1888                  0                  0                  0                  0        235079.7697                  0        102.2660955        209.3975473
          1       1889                  0                  0                  0                  0         235204.286                  0        102.2660955        209.3975473
          1       1890                  0                  0                  0                  0        235328.8023                  0        102.2660955        209.3975473
          1       1891                  0                  0                  0                  0        235453.3186                  0        102.2660955        209.3975473
          1       1892                  0                  0                  0                  0        235577.8348                  0        102.2660955        209.3975473
          1       1893                  0                  0                  0                  0        235702.3511                  0        102.2660955        209.3975473
          1       1894                  0                  0                  0                  0        235826.8674                  0        102.2660955        209.3975473
          1       1895                  0                  0                  0                  0        235951.3837                  0        102.2660955        209.3975473
          1       1896                  0                  0                  0                  0        236075.8999                  0        102.2660955        209.3975473
          1       1897                  0                  0                  0                  0        236200.4162                  0        102.2660955        209.3975473
          1       1898                  0                  0                  0                  0        236324.9325                  0        102.2660955        209.3975473
          1       1899                  0                  0                  0                  0        236449.4488                  0        102.2660955        209.3975473
          1       1900                  0                  0                  0                  0         236573.965                  0        102.2660955        209.3975473
          1       1901                  0                  0                  0                  0        236698.4813                  0        102.2660955        209.3975473
          1       1902                  0                  0                  0                  0        236822.9976                  0        102.2660955        209.3975473
          1       1903                  0                  0                  0                  0        236947.5138                  0        102.2660955        209.3975473
          1       1904                  0                  0                  0                  0        237072.0301                  0        102.2660955        209.3975473
          1       1905                  0                  0                  0                  0        237196.5464                  0        102.2660955        209.3975473
          1       1906                  0                  0                  0                  0        237321.0627                  0        102.2660955        209.3975473
          1       1907                  0                  0                  0                  0        237445.5789                  0        102.2660955        209.3975473
          1       1908                  0                  0                  0                  0        237570.0952                  0        102.2660955        209.3975473
          1       1909                  0                  0                  0                  0        237694.6115                  0        102.2660955        209.3975473
          1       1910                  0                  0                  0                  0        237819.1278                  0        102.2660955        209.3975473
          1       1911                  0                  0                  0                  0         237943.644                  0        102.2660955        209.3975473
          1       1912                  0                  0                  0                  0        238068.1603                  0        102.2660955        209.3975473
          1       1913                  0                  0                  0                  0        238192.6766                  0        102.2660955        209.3975473
          1       1914                  0                  0                  0                  0        238317.1929                  0        102.2660955        209.3975473
          1       1915                  0                  0                  0                  0        238441.7091                  0        102.2660955        209.3975473
          1       1916                  0                  0                  0                  0        238566.2254                  0        102.2660955        209.3975473
          1       1917                  0                  0                  0                  0        238690.7417                  0        102.2660955        209.3975473
          1       1918                  0                  0                  0                  0         238815.258                  0        102.2660955        209.3975473
          1       1919                  0                  0                  0                  0        238939.7742                  0        102.2660955        209.3975473
          1       1920                  0                  0                  0                  0        239064.2905                  0        102.2660955        209.3975473
          1       1921                  0                  0                  0                  0        239188.8068                  0        102.2660955        209.3975473
          1       1922                  0                  0                  0                  0         239313.323                  0        102.2660955        209.3975473
          1       1923                  0                  0                  0                  0        239437.8393                  0        102.2660955        209.3975473
          1       1924                  0                  0                  0                  0        239562.3556                  0        102.2660955        209.3975473
          1       1925                  0                  0                  0                  0        239686.8719                  0        102.2660955        209.3975473
          1       1926                  0                  0                  0                  0        239811.3881                  0        102.2660955        209.3975473
          1       1927                  0                  0                  0                  0        239935.9044                  0        102.2660955        209.3975473
          1       1928                  0                  0                  0                  0        240060.4207                  0        102.2660955        209.3975473
          1       1929                  0                  0                  0                  0         240184.937                  0        102.2660955        209.3975473
          1       1930                  0                  0                  0                  0        240309.4532                  0        102.2660955        209.3975473
          1       1931                  0                  0                  0                  0        240433.9695                  0        102.2660955        209.3975473
          1       1932                  0                  0                  0                  0        240558.4858                  0        102.2660955        209.3975473
          1       1933                  0                  0                  0                  0        240683.0021                  0        102.2660955        209.3975473
          1       1934                  0                  0                  0                  0        240807.5183                  0        102.2660955        209.3975473
          1       1935                  0                  0                  0                  0        240932.0346                  0        102.2660955        209.3975473
          1       1936                  0                  0                  0                  0        241056.5509                  0        102.2660955        209.3975473
          1       1937                  0                  0                  0                  0        241181.0671                  0        102.2660955        209.3975473
          1       1938                  0                  0                  0                  0        241305.5834                  0        102.2660955        209.3975473
          1       1939                  0                  0                  0                  0        241430.0997                  0        102.2660955        209.3975473
          1       1940                  0                  0                  0                  0         241554.616                  0        102.2660955        209.3975473
          1       1941                  0                  0                  0                  0        241679.1322                  0        102.2660955        209.3975473
          1       1942                  0                  0                  0                  0        241803.6485                  0        102.2660955        209.3975473
          1       1943                  0                  0                  0                  0        241928.1648                  0        102.2660955        209.3975473
          1       1944                  0                  0                  0                  0        242052.6811                  0        102.2660955        209.3975473
          1       1945                  0                  0                  0                  0        242177.1973                  0        102.2660955        209.3975473
          1       1946                  0                  0                  0                  0        242301.7136                  0        102.2660955        209.3975473
          1       1947                  0                  0                  0                  0        242426.2299                  0        102.2660955        209.3975473
          1       1948                  0                  0                  0                  0        242550.7462                  0        102.2660955        209.3975473
          1       1949                  0                  0                  0                  0        242675.2624                  0        102.2660955        209.3975473
          1       1950                  0                  0                  0                  0        242799.7787                  0        102.2660955        209.3975473
          1       1951                  0                  0                  0                  0         242924.295                  0        102.2660955        209.3975473
          1       1952                  0                  0                  0                  0        243048.8113                  0        102.2660955        209.3975473
          1       1953                  0                  0                  0                  0        243173.3275                  0        102.2660955        209.3975473
          1       1954                  0                  0                  0                  0        243297.8438                  0        102.2660955        209.3975473
          1       1955                  0                  0                  0                  0        243422.3601                  0        102.2660955        209.3975473
          1       1956                  0                  0                  0                  0        243546.8763                  0        102.2660955        209.3975473
          1       1957                  0                  0                  0                  0        243671.3926                  0        102.2660955        209.3975473
          1       1958                  0                  0                  0                  0        243795.9089                  0        102.2660955        209.3975473
          1       1959                  0                  0                  0                  0        243920.4252                  0        102.2660955        209.3975473
          1       1960                  0                  0                  0                  0        244044.9414                  0        102.2660955        209.3975473
          1       1961                  0                  0                  0                  0        244169.4577                  0        102.2660955        209.3975473
          1       1962                  0                  0                  0                  0         244293.974                  0        102.2660955        209.3975473
          1       1963                  0                  0                  0                  0        244418.4903                  0        102.2660955        209.3975473
          1       1964                  0                  0                  0                  0        244543.0065                  0        102.2660955        209.3975473
          1       1965                  0                  0                  0                  0        244667.5228                  0        102.2660955        209.3975473
          1       1966                  0                  0                  0                  0        244792.0391                  0        102.2660955        209.3975473
          1       1967                  0                  0                  0                  0        244916.5554                  0        102.2660955        209.3975473
          1       1968                  0                  0                  0                  0        245041.0716                  0        102.2660955        209.3975473
          1       1969                  0                  0                  0                  0        245165.5879                  0        102.2660955        209.3975473
          1       1970                  0                  0                  0                  0        245290.1042                  0        102.2660955        209.3975473
          1       1971                  0                  0                  0                  0        245414.6205                  0        102.2660955        209.3975473
          1       1972                  0                  0                  0                  0        245539.1367                  0        102.2660955        209.3975473
          1       1973                  0                  0                  0                  0         245663.653                  0        102.2660955        209.3975473
          1       1974                  0                  0                  0                  0        245788.1693                  0        102.2660955        209.3975473
          1       1975                  0                  0                  0                  0        245912.6855                  0        102.2660955        209.3975473
          1       1976                  0                  0                  0                  0        246037.2018                  0        102.2660955        209.3975473
          1       1977                  0                  0                  0                  0        246161.7181                  0        102.2660955        209.3975473
          1       1978                  0                  0                  0                  0        246286.2344                  0        102.2660955        209.3975473
          1       1979                  0                  0                  0                  0        246410.7506                  0        102.2660955        209.3975473
          1       1980                  0                  0                  0                  0        246535.2669                  0        102.2660955        209.3975473
          1       1981                  0                  0                  0                  0        246659.7832                  0        102.2660955        209.3975473
          1       1982                  0                  0                  0                  0        246784.2995                  0        102.2660955        209.3975473
          1       1983                  0                  0                  0                  0        246908.8157                  0        102.2660955        209.3975473
          1       1984                  0                  0                  0                  0         247033.332                  0        102.2660955        209.3975473
          1       1985                  0                  0                  0                  0        247157.8483                  0        102.2660955        209.3975473
          1       1986                  0                  0                  0                  0        247282.3646                  0        102.2660955        209.3975473
          1       1987                  0                  0                  0                  0        247406.8808                  0        102.2660955        209.3975473
          1       1988                  0                  0                  0                  0        247531.3971                  0        102.2660955        209.3975473
          1       1989                  0                  0                  0                  0        247655.9134                  0        102.2660955        209.3975473
          1       1990                  0                  0                  0                  0        247780.4297                  0        102.2660955        209.3975473
          1       1991                  0                  0                  0                  0        247904.9459                  0        102.2660955        209.3975473
          1       1992                  0                  0                  0                  0        248029.4622                  0        102.2660955        209.3975473
          1       1993                  0                  0                  0                  0        248153.9785                  0        102.2660955        209.3975473
          1       1994                  0                  0                  0                  0        248278.4947                  0        102.2660955        209.3975473
          1       1995                  0                  0                  0                  0         248403.011                  0        102.2660955        209.3975473
          1       1996                  0                  0                  0                  0        248527.5273                  0        102.2660955        209.3975473
          1       1997                  0                  0                  0                  0        248652.0436                  0        102.2660955        209.3975473
          1       1998                  0                  0                  0                  0        248776.5598                  0        102.2660955        209.3975473
          1       1999                  0                  0                  0                  0        248901.0761                  0        102.2660955        209.3975473
          1       2000                  0                  0                  0                  0        249025.5924                  0        102.2660955        209.3975473
