@ NAME             %19s "TRACK.OBS0001.P0001"
@ TYPE             %08s "TRACKOBS"
@ TITLE            %15s "ESR ring optics"
@ ORIGIN           %18s "5.09.03 Windows 64"
@ DATE             %08s "10/01/25"
@ TIME             %08s "18.55.24"
*     NUMBER       TURN                  X                 PX                  Y                 PY                  T                 PT                  S                  E 
$         %d         %d                %le                %le                %le                %le                %le                %le                %le                %le 
          1          0                  0                  0                  0                  0                  0                  0                  0        209.3975473
          1          1                  0                  0                  0                  0        124.5162736                  0                  0        209.3975473
          1          2                  0                  0                  0                  0        249.0325472                  0                  0        209.3975473
          1          3                  0                  0                  0                  0        373.5488209                  0                  0        209.3975473
          1          4                  0                  0                  0                  0        498.0650945                  0                  0        209.3975473
          1          5                  0                  0                  0                  0        622.5813681                  0                  0        209.3975473
          1          6                  0                  0                  0                  0        747.0976417                  0                  0        209.3975473
          1          7                  0                  0                  0                  0        871.6139154                  0                  0        209.3975473
          1          8                  0                  0                  0                  0         996.130189                  0                  0        209.3975473
          1          9                  0                  0                  0                  0        1120.646463                  0                  0        209.3975473
          1         10                  0                  0                  0                  0        1245.162736                  0                  0        209.3975473
          1         11                  0                  0                  0                  0         1369.67901                  0                  0        209.3975473
          1         12                  0                  0                  0                  0        1494.195283                  0                  0        209.3975473
          1         13                  0                  0                  0                  0        1618.711557                  0                  0        209.3975473
          1         14                  0                  0                  0                  0        1743.227831                  0                  0        209.3975473
          1         15                  0                  0                  0                  0        1867.744104                  0                  0        209.3975473
          1         16                  0                  0                  0                  0        1992.260378                  0                  0        209.3975473
          1         17                  0                  0                  0                  0        2116.776652                  0                  0        209.3975473
          1         18                  0                  0                  0                  0        2241.292925                  0                  0        209.3975473
          1         19                  0                  0                  0                  0        2365.809199                  0                  0        209.3975473
          1         20                  0                  0                  0                  0        2490.325472                  0                  0        209.3975473
          1         21                  0                  0                  0                  0        2614.841746                  0                  0        209.3975473
          1         22                  0                  0                  0                  0         2739.35802                  0                  0        209.3975473
          1         23                  0                  0                  0                  0        2863.874293                  0                  0        209.3975473
          1         24                  0                  0                  0                  0        2988.390567                  0                  0        209.3975473
          1         25                  0                  0                  0                  0        3112.906841                  0                  0        209.3975473
          1         26                  0                  0                  0                  0        3237.423114                  0                  0        209.3975473
          1         27                  0                  0                  0                  0        3361.939388                  0                  0        209.3975473
          1         28                  0                  0                  0                  0        3486.455661                  0                  0        209.3975473
          1         29                  0                  0                  0                  0        3610.971935                  0                  0        209.3975473
          1         30                  0                  0                  0                  0        3735.488209                  0                  0        209.3975473
          1         31                  0                  0                  0                  0        3860.004482                  0                  0        209.3975473
          1         32                  0                  0                  0                  0        3984.520756                  0                  0        209.3975473
          1         33                  0                  0                  0                  0         4109.03703                  0                  0        209.3975473
          1         34                  0                  0                  0                  0        4233.553303                  0                  0        209.3975473
          1         35                  0                  0                  0                  0        4358.069577                  0                  0        209.3975473
          1         36                  0                  0                  0                  0         4482.58585                  0                  0        209.3975473
          1         37                  0                  0                  0                  0        4607.102124                  0                  0        209.3975473
          1         38                  0                  0                  0                  0        4731.618398                  0                  0        209.3975473
          1         39                  0                  0                  0                  0        4856.134671                  0                  0        209.3975473
          1         40                  0                  0                  0                  0        4980.650945                  0                  0        209.3975473
          1         41                  0                  0                  0                  0        5105.167219                  0                  0        209.3975473
          1         42                  0                  0                  0                  0        5229.683492                  0                  0        209.3975473
          1         43                  0                  0                  0                  0        5354.199766                  0                  0        209.3975473
          1         44                  0                  0                  0                  0        5478.716039                  0                  0        209.3975473
          1         45                  0                  0                  0                  0        5603.232313                  0                  0        209.3975473
          1         46                  0                  0                  0                  0        5727.748587                  0                  0        209.3975473
          1         47                  0                  0                  0                  0         5852.26486                  0                  0        209.3975473
          1         48                  0                  0                  0                  0        5976.781134                  0                  0        209.3975473
          1         49                  0                  0                  0                  0        6101.297408                  0                  0        209.3975473
          1         50                  0                  0                  0                  0        6225.813681                  0                  0        209.3975473
          1         51                  0                  0                  0                  0        6350.329955                  0                  0        209.3975473
          1         52                  0                  0                  0                  0        6474.846228                  0                  0        209.3975473
          1         53                  0                  0                  0                  0        6599.362502                  0                  0        209.3975473
          1         54                  0                  0                  0                  0        6723.878776                  0                  0        209.3975473
          1         55                  0                  0                  0                  0        6848.395049                  0                  0        209.3975473
          1         56                  0                  0                  0                  0        6972.911323                  0                  0        209.3975473
          1         57                  0                  0                  0                  0        7097.427597                  0                  0        209.3975473
          1         58                  0                  0                  0                  0         7221.94387                  0                  0        209.3975473
          1         59                  0                  0                  0                  0        7346.460144                  0                  0        209.3975473
          1         60                  0                  0                  0                  0        7470.976417                  0                  0        209.3975473
          1         61                  0                  0                  0                  0        7595.492691                  0                  0        209.3975473
          1         62                  0                  0                  0                  0        7720.008965                  0                  0        209.3975473
          1         63                  0                  0                  0                  0        7844.525238                  0                  0        209.3975473
          1         64                  0                  0                  0                  0        7969.041512                  0                  0        209.3975473
          1         65                  0                  0                  0                  0        8093.557786                  0                  0        209.3975473
          1         66                  0                  0                  0                  0        8218.074059                  0                  0        209.3975473
          1         67                  0                  0                  0                  0        8342.590333                  0                  0        209.3975473
          1         68                  0                  0                  0                  0        8467.106606                  0                  0        209.3975473
          1         69                  0                  0                  0                  0         8591.62288                  0                  0        209.3975473
          1         70                  0                  0                  0                  0        8716.139154                  0                  0        209.3975473
          1         71                  0                  0                  0                  0        8840.655427                  0                  0        209.3975473
          1         72                  0                  0                  0                  0        8965.171701                  0                  0        209.3975473
          1         73                  0                  0                  0                  0        9089.687975                  0                  0        209.3975473
          1         74                  0                  0                  0                  0        9214.204248                  0                  0        209.3975473
          1         75                  0                  0                  0                  0        9338.720522                  0                  0        209.3975473
          1         76                  0                  0                  0                  0        9463.236795                  0                  0        209.3975473
          1         77                  0                  0                  0                  0        9587.753069                  0                  0        209.3975473
          1         78                  0                  0                  0                  0        9712.269343                  0                  0        209.3975473
          1         79                  0                  0                  0                  0        9836.785616                  0                  0        209.3975473
          1         80                  0                  0                  0                  0         9961.30189                  0                  0        209.3975473
          1         81                  0                  0                  0                  0        10085.81816                  0                  0        209.3975473
          1         82                  0                  0                  0                  0        10210.33444                  0                  0        209.3975473
          1         83                  0                  0                  0                  0        10334.85071                  0                  0        209.3975473
          1         84                  0                  0                  0                  0        10459.36698                  0                  0        209.3975473
          1         85                  0                  0                  0                  0        10583.88326                  0                  0        209.3975473
          1         86                  0                  0                  0                  0        10708.39953                  0                  0        209.3975473
          1         87                  0                  0                  0                  0        10832.91581                  0                  0        209.3975473
          1         88                  0                  0                  0                  0        10957.43208                  0                  0        209.3975473
          1         89                  0                  0                  0                  0        11081.94835                  0                  0        209.3975473
          1         90                  0                  0                  0                  0        11206.46463                  0                  0        209.3975473
          1         91                  0                  0                  0                  0         11330.9809                  0                  0        209.3975473
          1         92                  0                  0                  0                  0        11455.49717                  0                  0        209.3975473
          1         93                  0                  0                  0                  0        11580.01345                  0                  0        209.3975473
          1         94                  0                  0                  0                  0        11704.52972                  0                  0        209.3975473
          1         95                  0                  0                  0                  0        11829.04599                  0                  0        209.3975473
          1         96                  0                  0                  0                  0        11953.56227                  0                  0        209.3975473
          1         97                  0                  0                  0                  0        12078.07854                  0                  0        209.3975473
          1         98                  0                  0                  0                  0        12202.59482                  0                  0        209.3975473
          1         99                  0                  0                  0                  0        12327.11109                  0                  0        209.3975473
          1        100                  0                  0                  0                  0        12451.62736                  0                  0        209.3975473
          1        101                  0                  0                  0                  0        12576.14364                  0                  0        209.3975473
          1        102                  0                  0                  0                  0        12700.65991                  0                  0        209.3975473
          1        103                  0                  0                  0                  0        12825.17618                  0                  0        209.3975473
          1        104                  0                  0                  0                  0        12949.69246                  0                  0        209.3975473
          1        105                  0                  0                  0                  0        13074.20873                  0                  0        209.3975473
          1        106                  0                  0                  0                  0          13198.725                  0                  0        209.3975473
          1        107                  0                  0                  0                  0        13323.24128                  0                  0        209.3975473
          1        108                  0                  0                  0                  0        13447.75755                  0                  0        209.3975473
          1        109                  0                  0                  0                  0        13572.27383                  0                  0        209.3975473
          1        110                  0                  0                  0                  0         13696.7901                  0                  0        209.3975473
          1        111                  0                  0                  0                  0        13821.30637                  0                  0        209.3975473
          1        112                  0                  0                  0                  0        13945.82265                  0                  0        209.3975473
          1        113                  0                  0                  0                  0        14070.33892                  0                  0        209.3975473
          1        114                  0                  0                  0                  0        14194.85519                  0                  0        209.3975473
          1        115                  0                  0                  0                  0        14319.37147                  0                  0        209.3975473
          1        116                  0                  0                  0                  0        14443.88774                  0                  0        209.3975473
          1        117                  0                  0                  0                  0        14568.40401                  0                  0        209.3975473
          1        118                  0                  0                  0                  0        14692.92029                  0                  0        209.3975473
          1        119                  0                  0                  0                  0        14817.43656                  0                  0        209.3975473
          1        120                  0                  0                  0                  0        14941.95283                  0                  0        209.3975473
          1        121                  0                  0                  0                  0        15066.46911                  0                  0        209.3975473
          1        122                  0                  0                  0                  0        15190.98538                  0                  0        209.3975473
          1        123                  0                  0                  0                  0        15315.50166                  0                  0        209.3975473
          1        124                  0                  0                  0                  0        15440.01793                  0                  0        209.3975473
          1        125                  0                  0                  0                  0         15564.5342                  0                  0        209.3975473
          1        126                  0                  0                  0                  0        15689.05048                  0                  0        209.3975473
          1        127                  0                  0                  0                  0        15813.56675                  0                  0        209.3975473
          1        128                  0                  0                  0                  0        15938.08302                  0                  0        209.3975473
          1        129                  0                  0                  0                  0         16062.5993                  0                  0        209.3975473
          1        130                  0                  0                  0                  0        16187.11557                  0                  0        209.3975473
          1        131                  0                  0                  0                  0        16311.63184                  0                  0        209.3975473
          1        132                  0                  0                  0                  0        16436.14812                  0                  0        209.3975473
          1        133                  0                  0                  0                  0        16560.66439                  0                  0        209.3975473
          1        134                  0                  0                  0                  0        16685.18067                  0                  0        209.3975473
          1        135                  0                  0                  0                  0        16809.69694                  0                  0        209.3975473
          1        136                  0                  0                  0                  0        16934.21321                  0                  0        209.3975473
          1        137                  0                  0                  0                  0        17058.72949                  0                  0        209.3975473
          1        138                  0                  0                  0                  0        17183.24576                  0                  0        209.3975473
          1        139                  0                  0                  0                  0        17307.76203                  0                  0        209.3975473
          1        140                  0                  0                  0                  0        17432.27831                  0                  0        209.3975473
          1        141                  0                  0                  0                  0        17556.79458                  0                  0        209.3975473
          1        142                  0                  0                  0                  0        17681.31085                  0                  0        209.3975473
          1        143                  0                  0                  0                  0        17805.82713                  0                  0        209.3975473
          1        144                  0                  0                  0                  0         17930.3434                  0                  0        209.3975473
          1        145                  0                  0                  0                  0        18054.85968                  0                  0        209.3975473
          1        146                  0                  0                  0                  0        18179.37595                  0                  0        209.3975473
          1        147                  0                  0                  0                  0        18303.89222                  0                  0        209.3975473
          1        148                  0                  0                  0                  0         18428.4085                  0                  0        209.3975473
          1        149                  0                  0                  0                  0        18552.92477                  0                  0        209.3975473
          1        150                  0                  0                  0                  0        18677.44104                  0                  0        209.3975473
          1        151                  0                  0                  0                  0        18801.95732                  0                  0        209.3975473
          1        152                  0                  0                  0                  0        18926.47359                  0                  0        209.3975473
          1        153                  0                  0                  0                  0        19050.98986                  0                  0        209.3975473
          1        154                  0                  0                  0                  0        19175.50614                  0                  0        209.3975473
          1        155                  0                  0                  0                  0        19300.02241                  0                  0        209.3975473
          1        156                  0                  0                  0                  0        19424.53869                  0                  0        209.3975473
          1        157                  0                  0                  0                  0        19549.05496                  0                  0        209.3975473
          1        158                  0                  0                  0                  0        19673.57123                  0                  0        209.3975473
          1        159                  0                  0                  0                  0        19798.08751                  0                  0        209.3975473
          1        160                  0                  0                  0                  0        19922.60378                  0                  0        209.3975473
          1        161                  0                  0                  0                  0        20047.12005                  0                  0        209.3975473
          1        162                  0                  0                  0                  0        20171.63633                  0                  0        209.3975473
          1        163                  0                  0                  0                  0         20296.1526                  0                  0        209.3975473
          1        164                  0                  0                  0                  0        20420.66887                  0                  0        209.3975473
          1        165                  0                  0                  0                  0        20545.18515                  0                  0        209.3975473
          1        166                  0                  0                  0                  0        20669.70142                  0                  0        209.3975473
          1        167                  0                  0                  0                  0         20794.2177                  0                  0        209.3975473
          1        168                  0                  0                  0                  0        20918.73397                  0                  0        209.3975473
          1        169                  0                  0                  0                  0        21043.25024                  0                  0        209.3975473
          1        170                  0                  0                  0                  0        21167.76652                  0                  0        209.3975473
          1        171                  0                  0                  0                  0        21292.28279                  0                  0        209.3975473
          1        172                  0                  0                  0                  0        21416.79906                  0                  0        209.3975473
          1        173                  0                  0                  0                  0        21541.31534                  0                  0        209.3975473
          1        174                  0                  0                  0                  0        21665.83161                  0                  0        209.3975473
          1        175                  0                  0                  0                  0        21790.34788                  0                  0        209.3975473
          1        176                  0                  0                  0                  0        21914.86416                  0                  0        209.3975473
          1        177                  0                  0                  0                  0        22039.38043                  0                  0        209.3975473
          1        178                  0                  0                  0                  0        22163.89671                  0                  0        209.3975473
          1        179                  0                  0                  0                  0        22288.41298                  0                  0        209.3975473
          1        180                  0                  0                  0                  0        22412.92925                  0                  0        209.3975473
          1        181                  0                  0                  0                  0        22537.44553                  0                  0        209.3975473
          1        182                  0                  0                  0                  0         22661.9618                  0                  0        209.3975473
          1        183                  0                  0                  0                  0        22786.47807                  0                  0        209.3975473
          1        184                  0                  0                  0                  0        22910.99435                  0                  0        209.3975473
          1        185                  0                  0                  0                  0        23035.51062                  0                  0        209.3975473
          1        186                  0                  0                  0                  0        23160.02689                  0                  0        209.3975473
          1        187                  0                  0                  0                  0        23284.54317                  0                  0        209.3975473
          1        188                  0                  0                  0                  0        23409.05944                  0                  0        209.3975473
          1        189                  0                  0                  0                  0        23533.57571                  0                  0        209.3975473
          1        190                  0                  0                  0                  0        23658.09199                  0                  0        209.3975473
          1        191                  0                  0                  0                  0        23782.60826                  0                  0        209.3975473
          1        192                  0                  0                  0                  0        23907.12454                  0                  0        209.3975473
          1        193                  0                  0                  0                  0        24031.64081                  0                  0        209.3975473
          1        194                  0                  0                  0                  0        24156.15708                  0                  0        209.3975473
          1        195                  0                  0                  0                  0        24280.67336                  0                  0        209.3975473
          1        196                  0                  0                  0                  0        24405.18963                  0                  0        209.3975473
          1        197                  0                  0                  0                  0         24529.7059                  0                  0        209.3975473
          1        198                  0                  0                  0                  0        24654.22218                  0                  0        209.3975473
          1        199                  0                  0                  0                  0        24778.73845                  0                  0        209.3975473
          1        200                  0                  0                  0                  0        24903.25472                  0                  0        209.3975473
          1        201                  0                  0                  0                  0          25027.771                  0                  0        209.3975473
          1        202                  0                  0                  0                  0        25152.28727                  0                  0        209.3975473
          1        203                  0                  0                  0                  0        25276.80355                  0                  0        209.3975473
          1        204                  0                  0                  0                  0        25401.31982                  0                  0        209.3975473
          1        205                  0                  0                  0                  0        25525.83609                  0                  0        209.3975473
          1        206                  0                  0                  0                  0        25650.35237                  0                  0        209.3975473
          1        207                  0                  0                  0                  0        25774.86864                  0                  0        209.3975473
          1        208                  0                  0                  0                  0        25899.38491                  0                  0        209.3975473
          1        209                  0                  0                  0                  0        26023.90119                  0                  0        209.3975473
          1        210                  0                  0                  0                  0        26148.41746                  0                  0        209.3975473
          1        211                  0                  0                  0                  0        26272.93373                  0                  0        209.3975473
          1        212                  0                  0                  0                  0        26397.45001                  0                  0        209.3975473
          1        213                  0                  0                  0                  0        26521.96628                  0                  0        209.3975473
          1        214                  0                  0                  0                  0        26646.48256                  0                  0        209.3975473
          1        215                  0                  0                  0                  0        26770.99883                  0                  0        209.3975473
          1        216                  0                  0                  0                  0         26895.5151                  0                  0        209.3975473
          1        217                  0                  0                  0                  0        27020.03138                  0                  0        209.3975473
          1        218                  0                  0                  0                  0        27144.54765                  0                  0        209.3975473
          1        219                  0                  0                  0                  0        27269.06392                  0                  0        209.3975473
          1        220                  0                  0                  0                  0         27393.5802                  0                  0        209.3975473
          1        221                  0                  0                  0                  0        27518.09647                  0                  0        209.3975473
          1        222                  0                  0                  0                  0        27642.61274                  0                  0        209.3975473
          1        223                  0                  0                  0                  0        27767.12902                  0                  0        209.3975473
          1        224                  0                  0                  0                  0        27891.64529                  0                  0        209.3975473
          1        225                  0                  0                  0                  0        28016.16157                  0                  0        209.3975473
          1        226                  0                  0                  0                  0        28140.67784                  0                  0        209.3975473
          1        227                  0                  0                  0                  0        28265.19411                  0                  0        209.3975473
          1        228                  0                  0                  0                  0        28389.71039                  0                  0        209.3975473
          1        229                  0                  0                  0                  0        28514.22666                  0                  0        209.3975473
          1        230                  0                  0                  0                  0        28638.74293                  0                  0        209.3975473
          1        231                  0                  0                  0                  0        28763.25921                  0                  0        209.3975473
          1        232                  0                  0                  0                  0        28887.77548                  0                  0        209.3975473
          1        233                  0                  0                  0                  0        29012.29175                  0                  0        209.3975473
          1        234                  0                  0                  0                  0        29136.80803                  0                  0        209.3975473
          1        235                  0                  0                  0                  0         29261.3243                  0                  0        209.3975473
          1        236                  0                  0                  0                  0        29385.84058                  0                  0        209.3975473
          1        237                  0                  0                  0                  0        29510.35685                  0                  0        209.3975473
          1        238                  0                  0                  0                  0        29634.87312                  0                  0        209.3975473
          1        239                  0                  0                  0                  0         29759.3894                  0                  0        209.3975473
          1        240                  0                  0                  0                  0        29883.90567                  0                  0        209.3975473
          1        241                  0                  0                  0                  0        30008.42194                  0                  0        209.3975473
          1        242                  0                  0                  0                  0        30132.93822                  0                  0        209.3975473
          1        243                  0                  0                  0                  0        30257.45449                  0                  0        209.3975473
          1        244                  0                  0                  0                  0        30381.97076                  0                  0        209.3975473
          1        245                  0                  0                  0                  0        30506.48704                  0                  0        209.3975473
          1        246                  0                  0                  0                  0        30631.00331                  0                  0        209.3975473
          1        247                  0                  0                  0                  0        30755.51959                  0                  0        209.3975473
          1        248                  0                  0                  0                  0        30880.03586                  0                  0        209.3975473
          1        249                  0                  0                  0                  0        31004.55213                  0                  0        209.3975473
          1        250                  0                  0                  0                  0        31129.06841                  0                  0        209.3975473
          1        251                  0                  0                  0                  0        31253.58468                  0                  0        209.3975473
          1        252                  0                  0                  0                  0        31378.10095                  0                  0        209.3975473
          1        253                  0                  0                  0                  0        31502.61723                  0                  0        209.3975473
          1        254                  0                  0                  0                  0         31627.1335                  0                  0        209.3975473
          1        255                  0                  0                  0                  0        31751.64977                  0                  0        209.3975473
          1        256                  0                  0                  0                  0        31876.16605                  0                  0        209.3975473
          1        257                  0                  0                  0                  0        32000.68232                  0                  0        209.3975473
          1        258                  0                  0                  0                  0        32125.19859                  0                  0        209.3975473
          1        259                  0                  0                  0                  0        32249.71487                  0                  0        209.3975473
          1        260                  0                  0                  0                  0        32374.23114                  0                  0        209.3975473
          1        261                  0                  0                  0                  0        32498.74742                  0                  0        209.3975473
          1        262                  0                  0                  0                  0        32623.26369                  0                  0        209.3975473
          1        263                  0                  0                  0                  0        32747.77996                  0                  0        209.3975473
          1        264                  0                  0                  0                  0        32872.29624                  0                  0        209.3975473
          1        265                  0                  0                  0                  0        32996.81251                  0                  0        209.3975473
          1        266                  0                  0                  0                  0        33121.32878                  0                  0        209.3975473
          1        267                  0                  0                  0                  0        33245.84506                  0                  0        209.3975473
          1        268                  0                  0                  0                  0        33370.36133                  0                  0        209.3975473
          1        269                  0                  0                  0                  0         33494.8776                  0                  0        209.3975473
          1        270                  0                  0                  0                  0        33619.39388                  0                  0        209.3975473
          1        271                  0                  0                  0                  0        33743.91015                  0                  0        209.3975473
          1        272                  0                  0                  0                  0        33868.42643                  0                  0        209.3975473
          1        273                  0                  0                  0                  0         33992.9427                  0                  0        209.3975473
          1        274                  0                  0                  0                  0        34117.45897                  0                  0        209.3975473
          1        275                  0                  0                  0                  0        34241.97525                  0                  0        209.3975473
          1        276                  0                  0                  0                  0        34366.49152                  0                  0        209.3975473
          1        277                  0                  0                  0                  0        34491.00779                  0                  0        209.3975473
          1        278                  0                  0                  0                  0        34615.52407                  0                  0        209.3975473
          1        279                  0                  0                  0                  0        34740.04034                  0                  0        209.3975473
          1        280                  0                  0                  0                  0        34864.55661                  0                  0        209.3975473
          1        281                  0                  0                  0                  0        34989.07289                  0                  0        209.3975473
          1        282                  0                  0                  0                  0        35113.58916                  0                  0        209.3975473
          1        283                  0                  0                  0                  0        35238.10544                  0                  0        209.3975473
          1        284                  0                  0                  0                  0        35362.62171                  0                  0        209.3975473
          1        285                  0                  0                  0                  0        35487.13798                  0                  0        209.3975473
          1        286                  0                  0                  0                  0        35611.65426                  0                  0        209.3975473
          1        287                  0                  0                  0                  0        35736.17053                  0                  0        209.3975473
          1        288                  0                  0                  0                  0         35860.6868                  0                  0        209.3975473
          1        289                  0                  0                  0                  0        35985.20308                  0                  0        209.3975473
          1        290                  0                  0                  0                  0        36109.71935                  0                  0        209.3975473
          1        291                  0                  0                  0                  0        36234.23562                  0                  0        209.3975473
          1        292                  0                  0                  0                  0         36358.7519                  0                  0        209.3975473
          1        293                  0                  0                  0                  0        36483.26817                  0                  0        209.3975473
          1        294                  0                  0                  0                  0        36607.78445                  0                  0        209.3975473
          1        295                  0                  0                  0                  0        36732.30072                  0                  0        209.3975473
          1        296                  0                  0                  0                  0        36856.81699                  0                  0        209.3975473
          1        297                  0                  0                  0                  0        36981.33327                  0                  0        209.3975473
          1        298                  0                  0                  0                  0        37105.84954                  0                  0        209.3975473
          1        299                  0                  0                  0                  0        37230.36581                  0                  0        209.3975473
          1        300                  0                  0                  0                  0        37354.88209                  0                  0        209.3975473
          1        301                  0                  0                  0                  0        37479.39836                  0                  0        209.3975473
          1        302                  0                  0                  0                  0        37603.91463                  0                  0        209.3975473
          1        303                  0                  0                  0                  0        37728.43091                  0                  0        209.3975473
          1        304                  0                  0                  0                  0        37852.94718                  0                  0        209.3975473
          1        305                  0                  0                  0                  0        37977.46346                  0                  0        209.3975473
          1        306                  0                  0                  0                  0        38101.97973                  0                  0        209.3975473
          1        307                  0                  0                  0                  0          38226.496                  0                  0        209.3975473
          1        308                  0                  0                  0                  0        38351.01228                  0                  0        209.3975473
          1        309                  0                  0                  0                  0        38475.52855                  0                  0        209.3975473
          1        310                  0                  0                  0                  0        38600.04482                  0                  0        209.3975473
          1        311                  0                  0                  0                  0         38724.5611                  0                  0        209.3975473
          1        312                  0                  0                  0                  0        38849.07737                  0                  0        209.3975473
          1        313                  0                  0                  0                  0        38973.59364                  0                  0        209.3975473
          1        314                  0                  0                  0                  0        39098.10992                  0                  0        209.3975473
          1        315                  0                  0                  0                  0        39222.62619                  0                  0        209.3975473
          1        316                  0                  0                  0                  0        39347.14247                  0                  0        209.3975473
          1        317                  0                  0                  0                  0        39471.65874                  0                  0        209.3975473
          1        318                  0                  0                  0                  0        39596.17501                  0                  0        209.3975473
          1        319                  0                  0                  0                  0        39720.69129                  0                  0        209.3975473
          1        320                  0                  0                  0                  0        39845.20756                  0                  0        209.3975473
          1        321                  0                  0                  0                  0        39969.72383                  0                  0        209.3975473
          1        322                  0                  0                  0                  0        40094.24011                  0                  0        209.3975473
          1        323                  0                  0                  0                  0        40218.75638                  0                  0        209.3975473
          1        324                  0                  0                  0                  0        40343.27265                  0                  0        209.3975473
          1        325                  0                  0                  0                  0        40467.78893                  0                  0        209.3975473
          1        326                  0                  0                  0                  0         40592.3052                  0                  0        209.3975473
          1        327                  0                  0                  0                  0        40716.82148                  0                  0        209.3975473
          1        328                  0                  0                  0                  0        40841.33775                  0                  0        209.3975473
          1        329                  0                  0                  0                  0        40965.85402                  0                  0        209.3975473
          1        330                  0                  0                  0                  0         41090.3703                  0                  0        209.3975473
          1        331                  0                  0                  0                  0        41214.88657                  0                  0        209.3975473
          1        332                  0                  0                  0                  0        41339.40284                  0                  0        209.3975473
          1        333                  0                  0                  0                  0        41463.91912                  0                  0        209.3975473
          1        334                  0                  0                  0                  0        41588.43539                  0                  0        209.3975473
          1        335                  0                  0                  0                  0        41712.95166                  0                  0        209.3975473
          1        336                  0                  0                  0                  0        41837.46794                  0                  0        209.3975473
          1        337                  0                  0                  0                  0        41961.98421                  0                  0        209.3975473
          1        338                  0                  0                  0                  0        42086.50048                  0                  0        209.3975473
          1        339                  0                  0                  0                  0        42211.01676                  0                  0        209.3975473
          1        340                  0                  0                  0                  0        42335.53303                  0                  0        209.3975473
          1        341                  0                  0                  0                  0        42460.04931                  0                  0        209.3975473
          1        342                  0                  0                  0                  0        42584.56558                  0                  0        209.3975473
          1        343                  0                  0                  0                  0        42709.08185                  0                  0        209.3975473
          1        344                  0                  0                  0                  0        42833.59813                  0                  0        209.3975473
          1        345                  0                  0                  0                  0         42958.1144                  0                  0        209.3975473
          1        346                  0                  0                  0                  0        43082.63067                  0                  0        209.3975473
          1        347                  0                  0                  0                  0        43207.14695                  0                  0        209.3975473
          1        348                  0                  0                  0                  0        43331.66322                  0                  0        209.3975473
          1        349                  0                  0                  0                  0        43456.17949                  0                  0        209.3975473
          1        350                  0                  0                  0                  0        43580.69577                  0                  0        209.3975473
          1        351                  0                  0                  0                  0        43705.21204                  0                  0        209.3975473
          1        352                  0                  0                  0                  0        43829.72832                  0                  0        209.3975473
          1        353                  0                  0                  0                  0        43954.24459                  0                  0        209.3975473
          1        354                  0                  0                  0                  0        44078.76086                  0                  0        209.3975473
          1        355                  0                  0                  0                  0        44203.27714                  0                  0        209.3975473
          1        356                  0                  0                  0                  0        44327.79341                  0                  0        209.3975473
          1        357                  0                  0                  0                  0        44452.30968                  0                  0        209.3975473
          1        358                  0                  0                  0                  0        44576.82596                  0                  0        209.3975473
          1        359                  0                  0                  0                  0        44701.34223                  0                  0        209.3975473
          1        360                  0                  0                  0                  0         44825.8585                  0                  0        209.3975473
          1        361                  0                  0                  0                  0        44950.37478                  0                  0        209.3975473
          1        362                  0                  0                  0                  0        45074.89105                  0                  0        209.3975473
          1        363                  0                  0                  0                  0        45199.40733                  0                  0        209.3975473
          1        364                  0                  0                  0                  0         45323.9236                  0                  0        209.3975473
          1        365                  0                  0                  0                  0        45448.43987                  0                  0        209.3975473
          1        366                  0                  0                  0                  0        45572.95615                  0                  0        209.3975473
          1        367                  0                  0                  0                  0        45697.47242                  0                  0        209.3975473
          1        368                  0                  0                  0                  0        45821.98869                  0                  0        209.3975473
          1        369                  0                  0                  0                  0        45946.50497                  0                  0        209.3975473
          1        370                  0                  0                  0                  0        46071.02124                  0                  0        209.3975473
          1        371                  0                  0                  0                  0        46195.53751                  0                  0        209.3975473
          1        372                  0                  0                  0                  0        46320.05379                  0                  0        209.3975473
          1        373                  0                  0                  0                  0        46444.57006                  0                  0        209.3975473
          1        374                  0                  0                  0                  0        46569.08634                  0                  0        209.3975473
          1        375                  0                  0                  0                  0        46693.60261                  0                  0        209.3975473
          1        376                  0                  0                  0                  0        46818.11888                  0                  0        209.3975473
          1        377                  0                  0                  0                  0        46942.63516                  0                  0        209.3975473
          1        378                  0                  0                  0                  0        47067.15143                  0                  0        209.3975473
          1        379                  0                  0                  0                  0         47191.6677                  0                  0        209.3975473
          1        380                  0                  0                  0                  0        47316.18398                  0                  0        209.3975473
          1        381                  0                  0                  0                  0        47440.70025                  0                  0        209.3975473
          1        382                  0                  0                  0                  0        47565.21652                  0                  0        209.3975473
          1        383                  0                  0                  0                  0         47689.7328                  0                  0        209.3975473
          1        384                  0                  0                  0                  0        47814.24907                  0                  0        209.3975473
          1        385                  0                  0                  0                  0        47938.76535                  0                  0        209.3975473
          1        386                  0                  0                  0                  0        48063.28162                  0                  0        209.3975473
          1        387                  0                  0                  0                  0        48187.79789                  0                  0        209.3975473
          1        388                  0                  0                  0                  0        48312.31417                  0                  0        209.3975473
          1        389                  0                  0                  0                  0        48436.83044                  0                  0        209.3975473
          1        390                  0                  0                  0                  0        48561.34671                  0                  0        209.3975473
          1        391                  0                  0                  0                  0        48685.86299                  0                  0        209.3975473
          1        392                  0                  0                  0                  0        48810.37926                  0                  0        209.3975473
          1        393                  0                  0                  0                  0        48934.89553                  0                  0        209.3975473
          1        394                  0                  0                  0                  0        49059.41181                  0                  0        209.3975473
          1        395                  0                  0                  0                  0        49183.92808                  0                  0        209.3975473
          1        396                  0                  0                  0                  0        49308.44436                  0                  0        209.3975473
          1        397                  0                  0                  0                  0        49432.96063                  0                  0        209.3975473
          1        398                  0                  0                  0                  0         49557.4769                  0                  0        209.3975473
          1        399                  0                  0                  0                  0        49681.99318                  0                  0        209.3975473
          1        400                  0                  0                  0                  0        49806.50945                  0                  0        209.3975473
          1        401                  0                  0                  0                  0        49931.02572                  0                  0        209.3975473
          1        402                  0                  0                  0                  0          50055.542                  0                  0        209.3975473
          1        403                  0                  0                  0                  0        50180.05827                  0                  0        209.3975473
          1        404                  0                  0                  0                  0        50304.57454                  0                  0        209.3975473
          1        405                  0                  0                  0                  0        50429.09082                  0                  0        209.3975473
          1        406                  0                  0                  0                  0        50553.60709                  0                  0        209.3975473
          1        407                  0                  0                  0                  0        50678.12336                  0                  0        209.3975473
          1        408                  0                  0                  0                  0        50802.63964                  0                  0        209.3975473
          1        409                  0                  0                  0                  0        50927.15591                  0                  0        209.3975473
          1        410                  0                  0                  0                  0        51051.67219                  0                  0        209.3975473
          1        411                  0                  0                  0                  0        51176.18846                  0                  0        209.3975473
          1        412                  0                  0                  0                  0        51300.70473                  0                  0        209.3975473
          1        413                  0                  0                  0                  0        51425.22101                  0                  0        209.3975473
          1        414                  0                  0                  0                  0        51549.73728                  0                  0        209.3975473
          1        415                  0                  0                  0                  0        51674.25355                  0                  0        209.3975473
          1        416                  0                  0                  0                  0        51798.76983                  0                  0        209.3975473
          1        417                  0                  0                  0                  0         51923.2861                  0                  0        209.3975473
          1        418                  0                  0                  0                  0        52047.80237                  0                  0        209.3975473
          1        419                  0                  0                  0                  0        52172.31865                  0                  0        209.3975473
          1        420                  0                  0                  0                  0        52296.83492                  0                  0        209.3975473
          1        421                  0                  0                  0                  0         52421.3512                  0                  0        209.3975473
          1        422                  0                  0                  0                  0        52545.86747                  0                  0        209.3975473
          1        423                  0                  0                  0                  0        52670.38374                  0                  0        209.3975473
          1        424                  0                  0                  0                  0        52794.90002                  0                  0        209.3975473
          1        425                  0                  0                  0                  0        52919.41629                  0                  0        209.3975473
          1        426                  0                  0                  0                  0        53043.93256                  0                  0        209.3975473
          1        427                  0                  0                  0                  0        53168.44884                  0                  0        209.3975473
          1        428                  0                  0                  0                  0        53292.96511                  0                  0        209.3975473
          1        429                  0                  0                  0                  0        53417.48138                  0                  0        209.3975473
          1        430                  0                  0                  0                  0        53541.99766                  0                  0        209.3975473
          1        431                  0                  0                  0                  0        53666.51393                  0                  0        209.3975473
          1        432                  0                  0                  0                  0        53791.03021                  0                  0        209.3975473
          1        433                  0                  0                  0                  0        53915.54648                  0                  0        209.3975473
          1        434                  0                  0                  0                  0        54040.06275                  0                  0        209.3975473
          1        435                  0                  0                  0                  0        54164.57903                  0                  0        209.3975473
          1        436                  0                  0                  0                  0         54289.0953                  0                  0        209.3975473
          1        437                  0                  0                  0                  0        54413.61157                  0                  0        209.3975473
          1        438                  0                  0                  0                  0        54538.12785                  0                  0        209.3975473
          1        439                  0                  0                  0                  0        54662.64412                  0                  0        209.3975473
          1        440                  0                  0                  0                  0        54787.16039                  0                  0        209.3975473
          1        441                  0                  0                  0                  0        54911.67667                  0                  0        209.3975473
          1        442                  0                  0                  0                  0        55036.19294                  0                  0        209.3975473
          1        443                  0                  0                  0                  0        55160.70922                  0                  0        209.3975473
          1        444                  0                  0                  0                  0        55285.22549                  0                  0        209.3975473
          1        445                  0                  0                  0                  0        55409.74176                  0                  0        209.3975473
          1        446                  0                  0                  0                  0        55534.25804                  0                  0        209.3975473
          1        447                  0                  0                  0                  0        55658.77431                  0                  0        209.3975473
          1        448                  0                  0                  0                  0        55783.29058                  0                  0        209.3975473
          1        449                  0                  0                  0                  0        55907.80686                  0                  0        209.3975473
          1        450                  0                  0                  0                  0        56032.32313                  0                  0        209.3975473
          1        451                  0                  0                  0                  0         56156.8394                  0                  0        209.3975473
          1        452                  0                  0                  0                  0        56281.35568                  0                  0        209.3975473
          1        453                  0                  0                  0                  0        56405.87195                  0                  0        209.3975473
          1        454                  0                  0                  0                  0        56530.38823                  0                  0        209.3975473
          1        455                  0                  0                  0                  0         56654.9045                  0                  0        209.3975473
          1        456                  0                  0                  0                  0        56779.42077                  0                  0        209.3975473
          1        457                  0                  0                  0                  0        56903.93705                  0                  0        209.3975473
          1        458                  0                  0                  0                  0        57028.45332                  0                  0        209.3975473
          1        459                  0                  0                  0                  0        57152.96959                  0                  0        209.3975473
          1        460                  0                  0                  0                  0        57277.48587                  0                  0        209.3975473
          1        461                  0                  0                  0                  0        57402.00214                  0                  0        209.3975473
          1        462                  0                  0                  0                  0        57526.51841                  0                  0        209.3975473
          1        463                  0                  0                  0                  0        57651.03469                  0                  0        209.3975473
          1        464                  0                  0                  0                  0        57775.55096                  0                  0        209.3975473
          1        465                  0                  0                  0                  0        57900.06724                  0                  0        209.3975473
          1        466                  0                  0                  0                  0        58024.58351                  0                  0        209.3975473
          1        467                  0                  0                  0                  0        58149.09978                  0                  0        209.3975473
          1        468                  0                  0                  0                  0        58273.61606                  0                  0        209.3975473
          1        469                  0                  0                  0                  0        58398.13233                  0                  0        209.3975473
          1        470                  0                  0                  0                  0         58522.6486                  0                  0        209.3975473
          1        471                  0                  0                  0                  0        58647.16488                  0                  0        209.3975473
          1        472                  0                  0                  0                  0        58771.68115                  0                  0        209.3975473
          1        473                  0                  0                  0                  0        58896.19742                  0                  0        209.3975473
          1        474                  0                  0                  0                  0         59020.7137                  0                  0        209.3975473
          1        475                  0                  0                  0                  0        59145.22997                  0                  0        209.3975473
          1        476                  0                  0                  0                  0        59269.74625                  0                  0        209.3975473
          1        477                  0                  0                  0                  0        59394.26252                  0                  0        209.3975473
          1        478                  0                  0                  0                  0        59518.77879                  0                  0        209.3975473
          1        479                  0                  0                  0                  0        59643.29507                  0                  0        209.3975473
          1        480                  0                  0                  0                  0        59767.81134                  0                  0        209.3975473
          1        481                  0                  0                  0                  0        59892.32761                  0                  0        209.3975473
          1        482                  0                  0                  0                  0        60016.84389                  0                  0        209.3975473
          1        483                  0                  0                  0                  0        60141.36016                  0                  0        209.3975473
          1        484                  0                  0                  0                  0        60265.87643                  0                  0        209.3975473
          1        485                  0                  0                  0                  0        60390.39271                  0                  0        209.3975473
          1        486                  0                  0                  0                  0        60514.90898                  0                  0        209.3975473
          1        487                  0                  0                  0                  0        60639.42525                  0                  0        209.3975473
          1        488                  0                  0                  0                  0        60763.94153                  0                  0        209.3975473
          1        489                  0                  0                  0                  0         60888.4578                  0                  0        209.3975473
          1        490                  0                  0                  0                  0        61012.97408                  0                  0        209.3975473
          1        491                  0                  0                  0                  0        61137.49035                  0                  0        209.3975473
          1        492                  0                  0                  0                  0        61262.00662                  0                  0        209.3975473
          1        493                  0                  0                  0                  0         61386.5229                  0                  0        209.3975473
          1        494                  0                  0                  0                  0        61511.03917                  0                  0        209.3975473
          1        495                  0                  0                  0                  0        61635.55544                  0                  0        209.3975473
          1        496                  0                  0                  0                  0        61760.07172                  0                  0        209.3975473
          1        497                  0                  0                  0                  0        61884.58799                  0                  0        209.3975473
          1        498                  0                  0                  0                  0        62009.10426                  0                  0        209.3975473
          1        499                  0                  0                  0                  0        62133.62054                  0                  0        209.3975473
          1        500                  0                  0                  0                  0        62258.13681                  0                  0        209.3975473
          1        501                  0                  0                  0                  0        62382.65309                  0                  0        209.3975473
          1        502                  0                  0                  0                  0        62507.16936                  0                  0        209.3975473
          1        503                  0                  0                  0                  0        62631.68563                  0                  0        209.3975473
          1        504                  0                  0                  0                  0        62756.20191                  0                  0        209.3975473
          1        505                  0                  0                  0                  0        62880.71818                  0                  0        209.3975473
          1        506                  0                  0                  0                  0        63005.23445                  0                  0        209.3975473
          1        507                  0                  0                  0                  0        63129.75073                  0                  0        209.3975473
          1        508                  0                  0                  0                  0          63254.267                  0                  0        209.3975473
          1        509                  0                  0                  0                  0        63378.78327                  0                  0        209.3975473
          1        510                  0                  0                  0                  0        63503.29955                  0                  0        209.3975473
          1        511                  0                  0                  0                  0        63627.81582                  0                  0        209.3975473
          1        512                  0                  0                  0                  0         63752.3321                  0                  0        209.3975473
          1        513                  0                  0                  0                  0        63876.84837                  0                  0        209.3975473
          1        514                  0                  0                  0                  0        64001.36464                  0                  0        209.3975473
          1        515                  0                  0                  0                  0        64125.88092                  0                  0        209.3975473
          1        516                  0                  0                  0                  0        64250.39719                  0                  0        209.3975473
          1        517                  0                  0                  0                  0        64374.91346                  0                  0        209.3975473
          1        518                  0                  0                  0                  0        64499.42974                  0                  0        209.3975473
          1        519                  0                  0                  0                  0        64623.94601                  0                  0        209.3975473
          1        520                  0                  0                  0                  0        64748.46228                  0                  0        209.3975473
          1        521                  0                  0                  0                  0        64872.97856                  0                  0        209.3975473
          1        522                  0                  0                  0                  0        64997.49483                  0                  0        209.3975473
          1        523                  0                  0                  0                  0        65122.01111                  0                  0        209.3975473
          1        524                  0                  0                  0                  0        65246.52738                  0                  0        209.3975473
          1        525                  0                  0                  0                  0        65371.04365                  0                  0        209.3975473
          1        526                  0                  0                  0                  0        65495.55993                  0                  0        209.3975473
          1        527                  0                  0                  0                  0         65620.0762                  0                  0        209.3975473
          1        528                  0                  0                  0                  0        65744.59247                  0                  0        209.3975473
          1        529                  0                  0                  0                  0        65869.10875                  0                  0        209.3975473
          1        530                  0                  0                  0                  0        65993.62502                  0                  0        209.3975473
          1        531                  0                  0                  0                  0        66118.14129                  0                  0        209.3975473
          1        532                  0                  0                  0                  0        66242.65757                  0                  0        209.3975473
          1        533                  0                  0                  0                  0        66367.17384                  0                  0        209.3975473
          1        534                  0                  0                  0                  0        66491.69012                  0                  0        209.3975473
          1        535                  0                  0                  0                  0        66616.20639                  0                  0        209.3975473
          1        536                  0                  0                  0                  0        66740.72266                  0                  0        209.3975473
          1        537                  0                  0                  0                  0        66865.23894                  0                  0        209.3975473
          1        538                  0                  0                  0                  0        66989.75521                  0                  0        209.3975473
          1        539                  0                  0                  0                  0        67114.27148                  0                  0        209.3975473
          1        540                  0                  0                  0                  0        67238.78776                  0                  0        209.3975473
          1        541                  0                  0                  0                  0        67363.30403                  0                  0        209.3975473
          1        542                  0                  0                  0                  0         67487.8203                  0                  0        209.3975473
          1        543                  0                  0                  0                  0        67612.33658                  0                  0        209.3975473
          1        544                  0                  0                  0                  0        67736.85285                  0                  0        209.3975473
          1        545                  0                  0                  0                  0        67861.36913                  0                  0        209.3975473
          1        546                  0                  0                  0                  0         67985.8854                  0                  0        209.3975473
          1        547                  0                  0                  0                  0        68110.40167                  0                  0        209.3975473
          1        548                  0                  0                  0                  0        68234.91795                  0                  0        209.3975473
          1        549                  0                  0                  0                  0        68359.43422                  0                  0        209.3975473
          1        550                  0                  0                  0                  0        68483.95049                  0                  0        209.3975473
          1        551                  0                  0                  0                  0        68608.46677                  0                  0        209.3975473
          1        552                  0                  0                  0                  0        68732.98304                  0                  0        209.3975473
          1        553                  0                  0                  0                  0        68857.49931                  0                  0        209.3975473
          1        554                  0                  0                  0                  0        68982.01559                  0                  0        209.3975473
          1        555                  0                  0                  0                  0        69106.53186                  0                  0        209.3975473
          1        556                  0                  0                  0                  0        69231.04813                  0                  0        209.3975473
          1        557                  0                  0                  0                  0        69355.56441                  0                  0        209.3975473
          1        558                  0                  0                  0                  0        69480.08068                  0                  0        209.3975473
          1        559                  0                  0                  0                  0        69604.59696                  0                  0        209.3975473
          1        560                  0                  0                  0                  0        69729.11323                  0                  0        209.3975473
          1        561                  0                  0                  0                  0         69853.6295                  0                  0        209.3975473
          1        562                  0                  0                  0                  0        69978.14578                  0                  0        209.3975473
          1        563                  0                  0                  0                  0        70102.66205                  0                  0        209.3975473
          1        564                  0                  0                  0                  0        70227.17832                  0                  0        209.3975473
          1        565                  0                  0                  0                  0         70351.6946                  0                  0        209.3975473
          1        566                  0                  0                  0                  0        70476.21087                  0                  0        209.3975473
          1        567                  0                  0                  0                  0        70600.72714                  0                  0        209.3975473
          1        568                  0                  0                  0                  0        70725.24342                  0                  0        209.3975473
          1        569                  0                  0                  0                  0        70849.75969                  0                  0        209.3975473
          1        570                  0                  0                  0                  0        70974.27597                  0                  0        209.3975473
          1        571                  0                  0                  0                  0        71098.79224                  0                  0        209.3975473
          1        572                  0                  0                  0                  0        71223.30851                  0                  0        209.3975473
          1        573                  0                  0                  0                  0        71347.82479                  0                  0        209.3975473
          1        574                  0                  0                  0                  0        71472.34106                  0                  0        209.3975473
          1        575                  0                  0                  0                  0        71596.85733                  0                  0        209.3975473
          1        576                  0                  0                  0                  0        71721.37361                  0                  0        209.3975473
          1        577                  0                  0                  0                  0        71845.88988                  0                  0        209.3975473
          1        578                  0                  0                  0                  0        71970.40615                  0                  0        209.3975473
          1        579                  0                  0                  0                  0        72094.92243                  0                  0        209.3975473
          1        580                  0                  0                  0                  0         72219.4387                  0                  0        209.3975473
          1        581                  0                  0                  0                  0        72343.95498                  0                  0        209.3975473
          1        582                  0                  0                  0                  0        72468.47125                  0                  0        209.3975473
          1        583                  0                  0                  0                  0        72592.98752                  0                  0        209.3975473
          1        584                  0                  0                  0                  0         72717.5038                  0                  0        209.3975473
          1        585                  0                  0                  0                  0        72842.02007                  0                  0        209.3975473
          1        586                  0                  0                  0                  0        72966.53634                  0                  0        209.3975473
          1        587                  0                  0                  0                  0        73091.05262                  0                  0        209.3975473
          1        588                  0                  0                  0                  0        73215.56889                  0                  0        209.3975473
          1        589                  0                  0                  0                  0        73340.08516                  0                  0        209.3975473
          1        590                  0                  0                  0                  0        73464.60144                  0                  0        209.3975473
          1        591                  0                  0                  0                  0        73589.11771                  0                  0        209.3975473
          1        592                  0                  0                  0                  0        73713.63399                  0                  0        209.3975473
          1        593                  0                  0                  0                  0        73838.15026                  0                  0        209.3975473
          1        594                  0                  0                  0                  0        73962.66653                  0                  0        209.3975473
          1        595                  0                  0                  0                  0        74087.18281                  0                  0        209.3975473
          1        596                  0                  0                  0                  0        74211.69908                  0                  0        209.3975473
          1        597                  0                  0                  0                  0        74336.21535                  0                  0        209.3975473
          1        598                  0                  0                  0                  0        74460.73163                  0                  0        209.3975473
          1        599                  0                  0                  0                  0         74585.2479                  0                  0        209.3975473
          1        600                  0                  0                  0                  0        74709.76417                  0                  0        209.3975473
          1        601                  0                  0                  0                  0        74834.28045                  0                  0        209.3975473
          1        602                  0                  0                  0                  0        74958.79672                  0                  0        209.3975473
          1        603                  0                  0                  0                  0          75083.313                  0                  0        209.3975473
          1        604                  0                  0                  0                  0        75207.82927                  0                  0        209.3975473
          1        605                  0                  0                  0                  0        75332.34554                  0                  0        209.3975473
          1        606                  0                  0                  0                  0        75456.86182                  0                  0        209.3975473
          1        607                  0                  0                  0                  0        75581.37809                  0                  0        209.3975473
          1        608                  0                  0                  0                  0        75705.89436                  0                  0        209.3975473
          1        609                  0                  0                  0                  0        75830.41064                  0                  0        209.3975473
          1        610                  0                  0                  0                  0        75954.92691                  0                  0        209.3975473
          1        611                  0                  0                  0                  0        76079.44318                  0                  0        209.3975473
          1        612                  0                  0                  0                  0        76203.95946                  0                  0        209.3975473
          1        613                  0                  0                  0                  0        76328.47573                  0                  0        209.3975473
          1        614                  0                  0                  0                  0        76452.99201                  0                  0        209.3975473
          1        615                  0                  0                  0                  0        76577.50828                  0                  0        209.3975473
          1        616                  0                  0                  0                  0        76702.02455                  0                  0        209.3975473
          1        617                  0                  0                  0                  0        76826.54083                  0                  0        209.3975473
          1        618                  0                  0                  0                  0         76951.0571                  0                  0        209.3975473
          1        619                  0                  0                  0                  0        77075.57337                  0                  0        209.3975473
          1        620                  0                  0                  0                  0        77200.08965                  0                  0        209.3975473
          1        621                  0                  0                  0                  0        77324.60592                  0                  0        209.3975473
          1        622                  0                  0                  0                  0        77449.12219                  0                  0        209.3975473
          1        623                  0                  0                  0                  0        77573.63847                  0                  0        209.3975473
          1        624                  0                  0                  0                  0        77698.15474                  0                  0        209.3975473
          1        625                  0                  0                  0                  0        77822.67102                  0                  0        209.3975473
          1        626                  0                  0                  0                  0        77947.18729                  0                  0        209.3975473
          1        627                  0                  0                  0                  0        78071.70356                  0                  0        209.3975473
          1        628                  0                  0                  0                  0        78196.21984                  0                  0        209.3975473
          1        629                  0                  0                  0                  0        78320.73611                  0                  0        209.3975473
          1        630                  0                  0                  0                  0        78445.25238                  0                  0        209.3975473
          1        631                  0                  0                  0                  0        78569.76866                  0                  0        209.3975473
          1        632                  0                  0                  0                  0        78694.28493                  0                  0        209.3975473
          1        633                  0                  0                  0                  0         78818.8012                  0                  0        209.3975473
          1        634                  0                  0                  0                  0        78943.31748                  0                  0        209.3975473
          1        635                  0                  0                  0                  0        79067.83375                  0                  0        209.3975473
          1        636                  0                  0                  0                  0        79192.35002                  0                  0        209.3975473
          1        637                  0                  0                  0                  0         79316.8663                  0                  0        209.3975473
          1        638                  0                  0                  0                  0        79441.38257                  0                  0        209.3975473
          1        639                  0                  0                  0                  0        79565.89885                  0                  0        209.3975473
          1        640                  0                  0                  0                  0        79690.41512                  0                  0        209.3975473
          1        641                  0                  0                  0                  0        79814.93139                  0                  0        209.3975473
          1        642                  0                  0                  0                  0        79939.44767                  0                  0        209.3975473
          1        643                  0                  0                  0                  0        80063.96394                  0                  0        209.3975473
          1        644                  0                  0                  0                  0        80188.48021                  0                  0        209.3975473
          1        645                  0                  0                  0                  0        80312.99649                  0                  0        209.3975473
          1        646                  0                  0                  0                  0        80437.51276                  0                  0        209.3975473
          1        647                  0                  0                  0                  0        80562.02903                  0                  0        209.3975473
          1        648                  0                  0                  0                  0        80686.54531                  0                  0        209.3975473
          1        649                  0                  0                  0                  0        80811.06158                  0                  0        209.3975473
          1        650                  0                  0                  0                  0        80935.57786                  0                  0        209.3975473
          1        651                  0                  0                  0                  0        81060.09413                  0                  0        209.3975473
          1        652                  0                  0                  0                  0         81184.6104                  0                  0        209.3975473
          1        653                  0                  0                  0                  0        81309.12668                  0                  0        209.3975473
          1        654                  0                  0                  0                  0        81433.64295                  0                  0        209.3975473
          1        655                  0                  0                  0                  0        81558.15922                  0                  0        209.3975473
          1        656                  0                  0                  0                  0         81682.6755                  0                  0        209.3975473
          1        657                  0                  0                  0                  0        81807.19177                  0                  0        209.3975473
          1        658                  0                  0                  0                  0        81931.70804                  0                  0        209.3975473
          1        659                  0                  0                  0                  0        82056.22432                  0                  0        209.3975473
          1        660                  0                  0                  0                  0        82180.74059                  0                  0        209.3975473
          1        661                  0                  0                  0                  0        82305.25687                  0                  0        209.3975473
          1        662                  0                  0                  0                  0        82429.77314                  0                  0        209.3975473
          1        663                  0                  0                  0                  0        82554.28941                  0                  0        209.3975473
          1        664                  0                  0                  0                  0        82678.80569                  0                  0        209.3975473
          1        665                  0                  0                  0                  0        82803.32196                  0                  0        209.3975473
          1        666                  0                  0                  0                  0        82927.83823                  0                  0        209.3975473
          1        667                  0                  0                  0                  0        83052.35451                  0                  0        209.3975473
          1        668                  0                  0                  0                  0        83176.87078                  0                  0        209.3975473
          1        669                  0                  0                  0                  0        83301.38705                  0                  0        209.3975473
          1        670                  0                  0                  0                  0        83425.90333                  0                  0        209.3975473
          1        671                  0                  0                  0                  0         83550.4196                  0                  0        209.3975473
          1        672                  0                  0                  0                  0        83674.93588                  0                  0        209.3975473
          1        673                  0                  0                  0                  0        83799.45215                  0                  0        209.3975473
          1        674                  0                  0                  0                  0        83923.96842                  0                  0        209.3975473
          1        675                  0                  0                  0                  0         84048.4847                  0                  0        209.3975473
          1        676                  0                  0                  0                  0        84173.00097                  0                  0        209.3975473
          1        677                  0                  0                  0                  0        84297.51724                  0                  0        209.3975473
          1        678                  0                  0                  0                  0        84422.03352                  0                  0        209.3975473
          1        679                  0                  0                  0                  0        84546.54979                  0                  0        209.3975473
          1        680                  0                  0                  0                  0        84671.06606                  0                  0        209.3975473
          1        681                  0                  0                  0                  0        84795.58234                  0                  0        209.3975473
          1        682                  0                  0                  0                  0        84920.09861                  0                  0        209.3975473
          1        683                  0                  0                  0                  0        85044.61489                  0                  0        209.3975473
          1        684                  0                  0                  0                  0        85169.13116                  0                  0        209.3975473
          1        685                  0                  0                  0                  0        85293.64743                  0                  0        209.3975473
          1        686                  0                  0                  0                  0        85418.16371                  0                  0        209.3975473
          1        687                  0                  0                  0                  0        85542.67998                  0                  0        209.3975473
          1        688                  0                  0                  0                  0        85667.19625                  0                  0        209.3975473
          1        689                  0                  0                  0                  0        85791.71253                  0                  0        209.3975473
          1        690                  0                  0                  0                  0         85916.2288                  0                  0        209.3975473
          1        691                  0                  0                  0                  0        86040.74507                  0                  0        209.3975473
          1        692                  0                  0                  0                  0        86165.26135                  0                  0        209.3975473
          1        693                  0                  0                  0                  0        86289.77762                  0                  0        209.3975473
          1        694                  0                  0                  0                  0         86414.2939                  0                  0        209.3975473
          1        695                  0                  0                  0                  0        86538.81017                  0                  0        209.3975473
          1        696                  0                  0                  0                  0        86663.32644                  0                  0        209.3975473
          1        697                  0                  0                  0                  0        86787.84272                  0                  0        209.3975473
          1        698                  0                  0                  0                  0        86912.35899                  0                  0        209.3975473
          1        699                  0                  0                  0                  0        87036.87526                  0                  0        209.3975473
          1        700                  0                  0                  0                  0        87161.39154                  0                  0        209.3975473
          1        701                  0                  0                  0                  0        87285.90781                  0                  0        209.3975473
          1        702                  0                  0                  0                  0        87410.42408                  0                  0        209.3975473
          1        703                  0                  0                  0                  0        87534.94036                  0                  0        209.3975473
          1        704                  0                  0                  0                  0        87659.45663                  0                  0        209.3975473
          1        705                  0                  0                  0                  0         87783.9729                  0                  0        209.3975473
          1        706                  0                  0                  0                  0        87908.48918                  0                  0        209.3975473
          1        707                  0                  0                  0                  0        88033.00545                  0                  0        209.3975473
          1        708                  0                  0                  0                  0        88157.52173                  0                  0        209.3975473
          1        709                  0                  0                  0                  0          88282.038                  0                  0        209.3975473
          1        710                  0                  0                  0                  0        88406.55427                  0                  0        209.3975473
          1        711                  0                  0                  0                  0        88531.07055                  0                  0        209.3975473
          1        712                  0                  0                  0                  0        88655.58682                  0                  0        209.3975473
          1        713                  0                  0                  0                  0        88780.10309                  0                  0        209.3975473
          1        714                  0                  0                  0                  0        88904.61937                  0                  0        209.3975473
          1        715                  0                  0                  0                  0        89029.13564                  0                  0        209.3975473
          1        716                  0                  0                  0                  0        89153.65191                  0                  0        209.3975473
          1        717                  0                  0                  0                  0        89278.16819                  0                  0        209.3975473
          1        718                  0                  0                  0                  0        89402.68446                  0                  0        209.3975473
          1        719                  0                  0                  0                  0        89527.20074                  0                  0        209.3975473
          1        720                  0                  0                  0                  0        89651.71701                  0                  0        209.3975473
          1        721                  0                  0                  0                  0        89776.23328                  0                  0        209.3975473
          1        722                  0                  0                  0                  0        89900.74956                  0                  0        209.3975473
          1        723                  0                  0                  0                  0        90025.26583                  0                  0        209.3975473
          1        724                  0                  0                  0                  0         90149.7821                  0                  0        209.3975473
          1        725                  0                  0                  0                  0        90274.29838                  0                  0        209.3975473
          1        726                  0                  0                  0                  0        90398.81465                  0                  0        209.3975473
          1        727                  0                  0                  0                  0        90523.33092                  0                  0        209.3975473
          1        728                  0                  0                  0                  0         90647.8472                  0                  0        209.3975473
          1        729                  0                  0                  0                  0        90772.36347                  0                  0        209.3975473
          1        730                  0                  0                  0                  0        90896.87975                  0                  0        209.3975473
          1        731                  0                  0                  0                  0        91021.39602                  0                  0        209.3975473
          1        732                  0                  0                  0                  0        91145.91229                  0                  0        209.3975473
          1        733                  0                  0                  0                  0        91270.42857                  0                  0        209.3975473
          1        734                  0                  0                  0                  0        91394.94484                  0                  0        209.3975473
          1        735                  0                  0                  0                  0        91519.46111                  0                  0        209.3975473
          1        736                  0                  0                  0                  0        91643.97739                  0                  0        209.3975473
          1        737                  0                  0                  0                  0        91768.49366                  0                  0        209.3975473
          1        738                  0                  0                  0                  0        91893.00993                  0                  0        209.3975473
          1        739                  0                  0                  0                  0        92017.52621                  0                  0        209.3975473
          1        740                  0                  0                  0                  0        92142.04248                  0                  0        209.3975473
          1        741                  0                  0                  0                  0        92266.55876                  0                  0        209.3975473
          1        742                  0                  0                  0                  0        92391.07503                  0                  0        209.3975473
          1        743                  0                  0                  0                  0         92515.5913                  0                  0        209.3975473
          1        744                  0                  0                  0                  0        92640.10758                  0                  0        209.3975473
          1        745                  0                  0                  0                  0        92764.62385                  0                  0        209.3975473
          1        746                  0                  0                  0                  0        92889.14012                  0                  0        209.3975473
          1        747                  0                  0                  0                  0         93013.6564                  0                  0        209.3975473
          1        748                  0                  0                  0                  0        93138.17267                  0                  0        209.3975473
          1        749                  0                  0                  0                  0        93262.68894                  0                  0        209.3975473
          1        750                  0                  0                  0                  0        93387.20522                  0                  0        209.3975473
          1        751                  0                  0                  0                  0        93511.72149                  0                  0        209.3975473
          1        752                  0                  0                  0                  0        93636.23777                  0                  0        209.3975473
          1        753                  0                  0                  0                  0        93760.75404                  0                  0        209.3975473
          1        754                  0                  0                  0                  0        93885.27031                  0                  0        209.3975473
          1        755                  0                  0                  0                  0        94009.78659                  0                  0        209.3975473
          1        756                  0                  0                  0                  0        94134.30286                  0                  0        209.3975473
          1        757                  0                  0                  0                  0        94258.81913                  0                  0        209.3975473
          1        758                  0                  0                  0                  0        94383.33541                  0                  0        209.3975473
          1        759                  0                  0                  0                  0        94507.85168                  0                  0        209.3975473
          1        760                  0                  0                  0                  0        94632.36795                  0                  0        209.3975473
          1        761                  0                  0                  0                  0        94756.88423                  0                  0        209.3975473
          1        762                  0                  0                  0                  0         94881.4005                  0                  0        209.3975473
          1        763                  0                  0                  0                  0        95005.91678                  0                  0        209.3975473
          1        764                  0                  0                  0                  0        95130.43305                  0                  0        209.3975473
          1        765                  0                  0                  0                  0        95254.94932                  0                  0        209.3975473
          1        766                  0                  0                  0                  0         95379.4656                  0                  0        209.3975473
          1        767                  0                  0                  0                  0        95503.98187                  0                  0        209.3975473
          1        768                  0                  0                  0                  0        95628.49814                  0                  0        209.3975473
          1        769                  0                  0                  0                  0        95753.01442                  0                  0        209.3975473
          1        770                  0                  0                  0                  0        95877.53069                  0                  0        209.3975473
          1        771                  0                  0                  0                  0        96002.04696                  0                  0        209.3975473
          1        772                  0                  0                  0                  0        96126.56324                  0                  0        209.3975473
          1        773                  0                  0                  0                  0        96251.07951                  0                  0        209.3975473
          1        774                  0                  0                  0                  0        96375.59578                  0                  0        209.3975473
          1        775                  0                  0                  0                  0        96500.11206                  0                  0        209.3975473
          1        776                  0                  0                  0                  0        96624.62833                  0                  0        209.3975473
          1        777                  0                  0                  0                  0        96749.14461                  0                  0        209.3975473
          1        778                  0                  0                  0                  0        96873.66088                  0                  0        209.3975473
          1        779                  0                  0                  0                  0        96998.17715                  0                  0        209.3975473
          1        780                  0                  0                  0                  0        97122.69343                  0                  0        209.3975473
          1        781                  0                  0                  0                  0         97247.2097                  0                  0        209.3975473
          1        782                  0                  0                  0                  0        97371.72597                  0                  0        209.3975473
          1        783                  0                  0                  0                  0        97496.24225                  0                  0        209.3975473
          1        784                  0                  0                  0                  0        97620.75852                  0                  0        209.3975473
          1        785                  0                  0                  0                  0        97745.27479                  0                  0        209.3975473
          1        786                  0                  0                  0                  0        97869.79107                  0                  0        209.3975473
          1        787                  0                  0                  0                  0        97994.30734                  0                  0        209.3975473
          1        788                  0                  0                  0                  0        98118.82362                  0                  0        209.3975473
          1        789                  0                  0                  0                  0        98243.33989                  0                  0        209.3975473
          1        790                  0                  0                  0                  0        98367.85616                  0                  0        209.3975473
          1        791                  0                  0                  0                  0        98492.37244                  0                  0        209.3975473
          1        792                  0                  0                  0                  0        98616.88871                  0                  0        209.3975473
          1        793                  0                  0                  0                  0        98741.40498                  0                  0        209.3975473
          1        794                  0                  0                  0                  0        98865.92126                  0                  0        209.3975473
          1        795                  0                  0                  0                  0        98990.43753                  0                  0        209.3975473
          1        796                  0                  0                  0                  0         99114.9538                  0                  0        209.3975473
          1        797                  0                  0                  0                  0        99239.47008                  0                  0        209.3975473
          1        798                  0                  0                  0                  0        99363.98635                  0                  0        209.3975473
          1        799                  0                  0                  0                  0        99488.50263                  0                  0        209.3975473
          1        800                  0                  0                  0                  0         99613.0189                  0                  0        209.3975473
          1        801                  0                  0                  0                  0        99737.53517                  0                  0        209.3975473
          1        802                  0                  0                  0                  0        99862.05145                  0                  0        209.3975473
          1        803                  0                  0                  0                  0        99986.56772                  0                  0        209.3975473
          1        804                  0                  0                  0                  0         100111.084                  0                  0        209.3975473
          1        805                  0                  0                  0                  0        100235.6003                  0                  0        209.3975473
          1        806                  0                  0                  0                  0        100360.1165                  0                  0        209.3975473
          1        807                  0                  0                  0                  0        100484.6328                  0                  0        209.3975473
          1        808                  0                  0                  0                  0        100609.1491                  0                  0        209.3975473
          1        809                  0                  0                  0                  0        100733.6654                  0                  0        209.3975473
          1        810                  0                  0                  0                  0        100858.1816                  0                  0        209.3975473
          1        811                  0                  0                  0                  0        100982.6979                  0                  0        209.3975473
          1        812                  0                  0                  0                  0        101107.2142                  0                  0        209.3975473
          1        813                  0                  0                  0                  0        101231.7305                  0                  0        209.3975473
          1        814                  0                  0                  0                  0        101356.2467                  0                  0        209.3975473
          1        815                  0                  0                  0                  0         101480.763                  0                  0        209.3975473
          1        816                  0                  0                  0                  0        101605.2793                  0                  0        209.3975473
          1        817                  0                  0                  0                  0        101729.7956                  0                  0        209.3975473
          1        818                  0                  0                  0                  0        101854.3118                  0                  0        209.3975473
          1        819                  0                  0                  0                  0        101978.8281                  0                  0        209.3975473
          1        820                  0                  0                  0                  0        102103.3444                  0                  0        209.3975473
          1        821                  0                  0                  0                  0        102227.8606                  0                  0        209.3975473
          1        822                  0                  0                  0                  0        102352.3769                  0                  0        209.3975473
          1        823                  0                  0                  0                  0        102476.8932                  0                  0        209.3975473
          1        824                  0                  0                  0                  0        102601.4095                  0                  0        209.3975473
          1        825                  0                  0                  0                  0        102725.9257                  0                  0        209.3975473
          1        826                  0                  0                  0                  0         102850.442                  0                  0        209.3975473
          1        827                  0                  0                  0                  0        102974.9583                  0                  0        209.3975473
          1        828                  0                  0                  0                  0        103099.4746                  0                  0        209.3975473
          1        829                  0                  0                  0                  0        103223.9908                  0                  0        209.3975473
          1        830                  0                  0                  0                  0        103348.5071                  0                  0        209.3975473
          1        831                  0                  0                  0                  0        103473.0234                  0                  0        209.3975473
          1        832                  0                  0                  0                  0        103597.5397                  0                  0        209.3975473
          1        833                  0                  0                  0                  0        103722.0559                  0                  0        209.3975473
          1        834                  0                  0                  0                  0        103846.5722                  0                  0        209.3975473
          1        835                  0                  0                  0                  0        103971.0885                  0                  0        209.3975473
          1        836                  0                  0                  0                  0        104095.6047                  0                  0        209.3975473
          1        837                  0                  0                  0                  0         104220.121                  0                  0        209.3975473
          1        838                  0                  0                  0                  0        104344.6373                  0                  0        209.3975473
          1        839                  0                  0                  0                  0        104469.1536                  0                  0        209.3975473
          1        840                  0                  0                  0                  0        104593.6698                  0                  0        209.3975473
          1        841                  0                  0                  0                  0        104718.1861                  0                  0        209.3975473
          1        842                  0                  0                  0                  0        104842.7024                  0                  0        209.3975473
          1        843                  0                  0                  0                  0        104967.2187                  0                  0        209.3975473
          1        844                  0                  0                  0                  0        105091.7349                  0                  0        209.3975473
          1        845                  0                  0                  0                  0        105216.2512                  0                  0        209.3975473
          1        846                  0                  0                  0                  0        105340.7675                  0                  0        209.3975473
          1        847                  0                  0                  0                  0        105465.2838                  0                  0        209.3975473
          1        848                  0                  0                  0                  0           105589.8                  0                  0        209.3975473
          1        849                  0                  0                  0                  0        105714.3163                  0                  0        209.3975473
          1        850                  0                  0                  0                  0        105838.8326                  0                  0        209.3975473
          1        851                  0                  0                  0                  0        105963.3489                  0                  0        209.3975473
          1        852                  0                  0                  0                  0        106087.8651                  0                  0        209.3975473
          1        853                  0                  0                  0                  0        106212.3814                  0                  0        209.3975473
          1        854                  0                  0                  0                  0        106336.8977                  0                  0        209.3975473
          1        855                  0                  0                  0                  0        106461.4139                  0                  0        209.3975473
          1        856                  0                  0                  0                  0        106585.9302                  0                  0        209.3975473
          1        857                  0                  0                  0                  0        106710.4465                  0                  0        209.3975473
          1        858                  0                  0                  0                  0        106834.9628                  0                  0        209.3975473
          1        859                  0                  0                  0                  0         106959.479                  0                  0        209.3975473
          1        860                  0                  0                  0                  0        107083.9953                  0                  0        209.3975473
          1        861                  0                  0                  0                  0        107208.5116                  0                  0        209.3975473
          1        862                  0                  0                  0                  0        107333.0279                  0                  0        209.3975473
          1        863                  0                  0                  0                  0        107457.5441                  0                  0        209.3975473
          1        864                  0                  0                  0                  0        107582.0604                  0                  0        209.3975473
          1        865                  0                  0                  0                  0        107706.5767                  0                  0        209.3975473
          1        866                  0                  0                  0                  0         107831.093                  0                  0        209.3975473
          1        867                  0                  0                  0                  0        107955.6092                  0                  0        209.3975473
          1        868                  0                  0                  0                  0        108080.1255                  0                  0        209.3975473
          1        869                  0                  0                  0                  0        108204.6418                  0                  0        209.3975473
          1        870                  0                  0                  0                  0        108329.1581                  0                  0        209.3975473
          1        871                  0                  0                  0                  0        108453.6743                  0                  0        209.3975473
          1        872                  0                  0                  0                  0        108578.1906                  0                  0        209.3975473
          1        873                  0                  0                  0                  0        108702.7069                  0                  0        209.3975473
          1        874                  0                  0                  0                  0        108827.2231                  0                  0        209.3975473
          1        875                  0                  0                  0                  0        108951.7394                  0                  0        209.3975473
          1        876                  0                  0                  0                  0        109076.2557                  0                  0        209.3975473
          1        877                  0                  0                  0                  0         109200.772                  0                  0        209.3975473
          1        878                  0                  0                  0                  0        109325.2882                  0                  0        209.3975473
          1        879                  0                  0                  0                  0        109449.8045                  0                  0        209.3975473
          1        880                  0                  0                  0                  0        109574.3208                  0                  0        209.3975473
          1        881                  0                  0                  0                  0        109698.8371                  0                  0        209.3975473
          1        882                  0                  0                  0                  0        109823.3533                  0                  0        209.3975473
          1        883                  0                  0                  0                  0        109947.8696                  0                  0        209.3975473
          1        884                  0                  0                  0                  0        110072.3859                  0                  0        209.3975473
          1        885                  0                  0                  0                  0        110196.9022                  0                  0        209.3975473
          1        886                  0                  0                  0                  0        110321.4184                  0                  0        209.3975473
          1        887                  0                  0                  0                  0        110445.9347                  0                  0        209.3975473
          1        888                  0                  0                  0                  0         110570.451                  0                  0        209.3975473
          1        889                  0                  0                  0                  0        110694.9673                  0                  0        209.3975473
          1        890                  0                  0                  0                  0        110819.4835                  0                  0        209.3975473
          1        891                  0                  0                  0                  0        110943.9998                  0                  0        209.3975473
          1        892                  0                  0                  0                  0        111068.5161                  0                  0        209.3975473
          1        893                  0                  0                  0                  0        111193.0323                  0                  0        209.3975473
          1        894                  0                  0                  0                  0        111317.5486                  0                  0        209.3975473
          1        895                  0                  0                  0                  0        111442.0649                  0                  0        209.3975473
          1        896                  0                  0                  0                  0        111566.5812                  0                  0        209.3975473
          1        897                  0                  0                  0                  0        111691.0974                  0                  0        209.3975473
          1        898                  0                  0                  0                  0        111815.6137                  0                  0        209.3975473
          1        899                  0                  0                  0                  0          111940.13                  0                  0        209.3975473
          1        900                  0                  0                  0                  0        112064.6463                  0                  0        209.3975473
          1        901                  0                  0                  0                  0        112189.1625                  0                  0        209.3975473
          1        902                  0                  0                  0                  0        112313.6788                  0                  0        209.3975473
          1        903                  0                  0                  0                  0        112438.1951                  0                  0        209.3975473
          1        904                  0                  0                  0                  0        112562.7114                  0                  0        209.3975473
          1        905                  0                  0                  0                  0        112687.2276                  0                  0        209.3975473
          1        906                  0                  0                  0                  0        112811.7439                  0                  0        209.3975473
          1        907                  0                  0                  0                  0        112936.2602                  0                  0        209.3975473
          1        908                  0                  0                  0                  0        113060.7765                  0                  0        209.3975473
          1        909                  0                  0                  0                  0        113185.2927                  0                  0        209.3975473
          1        910                  0                  0                  0                  0         113309.809                  0                  0        209.3975473
          1        911                  0                  0                  0                  0        113434.3253                  0                  0        209.3975473
          1        912                  0                  0                  0                  0        113558.8415                  0                  0        209.3975473
          1        913                  0                  0                  0                  0        113683.3578                  0                  0        209.3975473
          1        914                  0                  0                  0                  0        113807.8741                  0                  0        209.3975473
          1        915                  0                  0                  0                  0        113932.3904                  0                  0        209.3975473
          1        916                  0                  0                  0                  0        114056.9066                  0                  0        209.3975473
          1        917                  0                  0                  0                  0        114181.4229                  0                  0        209.3975473
          1        918                  0                  0                  0                  0        114305.9392                  0                  0        209.3975473
          1        919                  0                  0                  0                  0        114430.4555                  0                  0        209.3975473
          1        920                  0                  0                  0                  0        114554.9717                  0                  0        209.3975473
          1        921                  0                  0                  0                  0         114679.488                  0                  0        209.3975473
          1        922                  0                  0                  0                  0        114804.0043                  0                  0        209.3975473
          1        923                  0                  0                  0                  0        114928.5206                  0                  0        209.3975473
          1        924                  0                  0                  0                  0        115053.0368                  0                  0        209.3975473
          1        925                  0                  0                  0                  0        115177.5531                  0                  0        209.3975473
          1        926                  0                  0                  0                  0        115302.0694                  0                  0        209.3975473
          1        927                  0                  0                  0                  0        115426.5856                  0                  0        209.3975473
          1        928                  0                  0                  0                  0        115551.1019                  0                  0        209.3975473
          1        929                  0                  0                  0                  0        115675.6182                  0                  0        209.3975473
          1        930                  0                  0                  0                  0        115800.1345                  0                  0        209.3975473
          1        931                  0                  0                  0                  0        115924.6507                  0                  0        209.3975473
          1        932                  0                  0                  0                  0         116049.167                  0                  0        209.3975473
          1        933                  0                  0                  0                  0        116173.6833                  0                  0        209.3975473
          1        934                  0                  0                  0                  0        116298.1996                  0                  0        209.3975473
          1        935                  0                  0                  0                  0        116422.7158                  0                  0        209.3975473
          1        936                  0                  0                  0                  0        116547.2321                  0                  0        209.3975473
          1        937                  0                  0                  0                  0        116671.7484                  0                  0        209.3975473
          1        938                  0                  0                  0                  0        116796.2647                  0                  0        209.3975473
          1        939                  0                  0                  0                  0        116920.7809                  0                  0        209.3975473
          1        940                  0                  0                  0                  0        117045.2972                  0                  0        209.3975473
          1        941                  0                  0                  0                  0        117169.8135                  0                  0        209.3975473
          1        942                  0                  0                  0                  0        117294.3298                  0                  0        209.3975473
          1        943                  0                  0                  0                  0         117418.846                  0                  0        209.3975473
          1        944                  0                  0                  0                  0        117543.3623                  0                  0        209.3975473
          1        945                  0                  0                  0                  0        117667.8786                  0                  0        209.3975473
          1        946                  0                  0                  0                  0        117792.3948                  0                  0        209.3975473
          1        947                  0                  0                  0                  0        117916.9111                  0                  0        209.3975473
          1        948                  0                  0                  0                  0        118041.4274                  0                  0        209.3975473
          1        949                  0                  0                  0                  0        118165.9437                  0                  0        209.3975473
          1        950                  0                  0                  0                  0        118290.4599                  0                  0        209.3975473
          1        951                  0                  0                  0                  0        118414.9762                  0                  0        209.3975473
          1        952                  0                  0                  0                  0        118539.4925                  0                  0        209.3975473
          1        953                  0                  0                  0                  0        118664.0088                  0                  0        209.3975473
          1        954                  0                  0                  0                  0         118788.525                  0                  0        209.3975473
          1        955                  0                  0                  0                  0        118913.0413                  0                  0        209.3975473
          1        956                  0                  0                  0                  0        119037.5576                  0                  0        209.3975473
          1        957                  0                  0                  0                  0        119162.0739                  0                  0        209.3975473
          1        958                  0                  0                  0                  0        119286.5901                  0                  0        209.3975473
          1        959                  0                  0                  0                  0        119411.1064                  0                  0        209.3975473
          1        960                  0                  0                  0                  0        119535.6227                  0                  0        209.3975473
          1        961                  0                  0                  0                  0         119660.139                  0                  0        209.3975473
          1        962                  0                  0                  0                  0        119784.6552                  0                  0        209.3975473
          1        963                  0                  0                  0                  0        119909.1715                  0                  0        209.3975473
          1        964                  0                  0                  0                  0        120033.6878                  0                  0        209.3975473
          1        965                  0                  0                  0                  0         120158.204                  0                  0        209.3975473
          1        966                  0                  0                  0                  0        120282.7203                  0                  0        209.3975473
          1        967                  0                  0                  0                  0        120407.2366                  0                  0        209.3975473
          1        968                  0                  0                  0                  0        120531.7529                  0                  0        209.3975473
          1        969                  0                  0                  0                  0        120656.2691                  0                  0        209.3975473
          1        970                  0                  0                  0                  0        120780.7854                  0                  0        209.3975473
          1        971                  0                  0                  0                  0        120905.3017                  0                  0        209.3975473
          1        972                  0                  0                  0                  0         121029.818                  0                  0        209.3975473
          1        973                  0                  0                  0                  0        121154.3342                  0                  0        209.3975473
          1        974                  0                  0                  0                  0        121278.8505                  0                  0        209.3975473
          1        975                  0                  0                  0                  0        121403.3668                  0                  0        209.3975473
          1        976                  0                  0                  0                  0        121527.8831                  0                  0        209.3975473
          1        977                  0                  0                  0                  0        121652.3993                  0                  0        209.3975473
          1        978                  0                  0                  0                  0        121776.9156                  0                  0        209.3975473
          1        979                  0                  0                  0                  0        121901.4319                  0                  0        209.3975473
          1        980                  0                  0                  0                  0        122025.9482                  0                  0        209.3975473
          1        981                  0                  0                  0                  0        122150.4644                  0                  0        209.3975473
          1        982                  0                  0                  0                  0        122274.9807                  0                  0        209.3975473
          1        983                  0                  0                  0                  0         122399.497                  0                  0        209.3975473
          1        984                  0                  0                  0                  0        122524.0132                  0                  0        209.3975473
          1        985                  0                  0                  0                  0        122648.5295                  0                  0        209.3975473
          1        986                  0                  0                  0                  0        122773.0458                  0                  0        209.3975473
          1        987                  0                  0                  0                  0        122897.5621                  0                  0        209.3975473
          1        988                  0                  0                  0                  0        123022.0783                  0                  0        209.3975473
          1        989                  0                  0                  0                  0        123146.5946                  0                  0        209.3975473
          1        990                  0                  0                  0                  0        123271.1109                  0                  0        209.3975473
          1        991                  0                  0                  0                  0        123395.6272                  0                  0        209.3975473
          1        992                  0                  0                  0                  0        123520.1434                  0                  0        209.3975473
          1        993                  0                  0                  0                  0        123644.6597                  0                  0        209.3975473
          1        994                  0                  0                  0                  0         123769.176                  0                  0        209.3975473
          1        995                  0                  0                  0                  0        123893.6923                  0                  0        209.3975473
          1        996                  0                  0                  0                  0        124018.2085                  0                  0        209.3975473
          1        997                  0                  0                  0                  0        124142.7248                  0                  0        209.3975473
          1        998                  0                  0                  0                  0        124267.2411                  0                  0        209.3975473
          1        999                  0                  0                  0                  0        124391.7574                  0                  0        209.3975473
          1       1000                  0                  0                  0                  0        124516.2736                  0                  0        209.3975473
          1       1001                  0                  0                  0                  0        124640.7899                  0                  0        209.3975473
          1       1002                  0                  0                  0                  0        124765.3062                  0                  0        209.3975473
          1       1003                  0                  0                  0                  0        124889.8224                  0                  0        209.3975473
          1       1004                  0                  0                  0                  0        125014.3387                  0                  0        209.3975473
          1       1005                  0                  0                  0                  0         125138.855                  0                  0        209.3975473
          1       1006                  0                  0                  0                  0        125263.3713                  0                  0        209.3975473
          1       1007                  0                  0                  0                  0        125387.8875                  0                  0        209.3975473
          1       1008                  0                  0                  0                  0        125512.4038                  0                  0        209.3975473
          1       1009                  0                  0                  0                  0        125636.9201                  0                  0        209.3975473
          1       1010                  0                  0                  0                  0        125761.4364                  0                  0        209.3975473
          1       1011                  0                  0                  0                  0        125885.9526                  0                  0        209.3975473
          1       1012                  0                  0                  0                  0        126010.4689                  0                  0        209.3975473
          1       1013                  0                  0                  0                  0        126134.9852                  0                  0        209.3975473
          1       1014                  0                  0                  0                  0        126259.5015                  0                  0        209.3975473
          1       1015                  0                  0                  0                  0        126384.0177                  0                  0        209.3975473
          1       1016                  0                  0                  0                  0         126508.534                  0                  0        209.3975473
          1       1017                  0                  0                  0                  0        126633.0503                  0                  0        209.3975473
          1       1018                  0                  0                  0                  0        126757.5665                  0                  0        209.3975473
          1       1019                  0                  0                  0                  0        126882.0828                  0                  0        209.3975473
          1       1020                  0                  0                  0                  0        127006.5991                  0                  0        209.3975473
          1       1021                  0                  0                  0                  0        127131.1154                  0                  0        209.3975473
          1       1022                  0                  0                  0                  0        127255.6316                  0                  0        209.3975473
          1       1023                  0                  0                  0                  0        127380.1479                  0                  0        209.3975473
          1       1024                  0                  0                  0                  0        127504.6642                  0                  0        209.3975473
          1       1025                  0                  0                  0                  0        127629.1805                  0                  0        209.3975473
          1       1026                  0                  0                  0                  0        127753.6967                  0                  0        209.3975473
          1       1027                  0                  0                  0                  0         127878.213                  0                  0        209.3975473
          1       1028                  0                  0                  0                  0        128002.7293                  0                  0        209.3975473
          1       1029                  0                  0                  0                  0        128127.2456                  0                  0        209.3975473
          1       1030                  0                  0                  0                  0        128251.7618                  0                  0        209.3975473
          1       1031                  0                  0                  0                  0        128376.2781                  0                  0        209.3975473
          1       1032                  0                  0                  0                  0        128500.7944                  0                  0        209.3975473
          1       1033                  0                  0                  0                  0        128625.3107                  0                  0        209.3975473
          1       1034                  0                  0                  0                  0        128749.8269                  0                  0        209.3975473
          1       1035                  0                  0                  0                  0        128874.3432                  0                  0        209.3975473
          1       1036                  0                  0                  0                  0        128998.8595                  0                  0        209.3975473
          1       1037                  0                  0                  0                  0        129123.3757                  0                  0        209.3975473
          1       1038                  0                  0                  0                  0         129247.892                  0                  0        209.3975473
          1       1039                  0                  0                  0                  0        129372.4083                  0                  0        209.3975473
          1       1040                  0                  0                  0                  0        129496.9246                  0                  0        209.3975473
          1       1041                  0                  0                  0                  0        129621.4408                  0                  0        209.3975473
          1       1042                  0                  0                  0                  0        129745.9571                  0                  0        209.3975473
          1       1043                  0                  0                  0                  0        129870.4734                  0                  0        209.3975473
          1       1044                  0                  0                  0                  0        129994.9897                  0                  0        209.3975473
          1       1045                  0                  0                  0                  0        130119.5059                  0                  0        209.3975473
          1       1046                  0                  0                  0                  0        130244.0222                  0                  0        209.3975473
          1       1047                  0                  0                  0                  0        130368.5385                  0                  0        209.3975473
          1       1048                  0                  0                  0                  0        130493.0548                  0                  0        209.3975473
          1       1049                  0                  0                  0                  0         130617.571                  0                  0        209.3975473
          1       1050                  0                  0                  0                  0        130742.0873                  0                  0        209.3975473
          1       1051                  0                  0                  0                  0        130866.6036                  0                  0        209.3975473
          1       1052                  0                  0                  0                  0        130991.1199                  0                  0        209.3975473
          1       1053                  0                  0                  0                  0        131115.6361                  0                  0        209.3975473
          1       1054                  0                  0                  0                  0        131240.1524                  0                  0        209.3975473
          1       1055                  0                  0                  0                  0        131364.6687                  0                  0        209.3975473
          1       1056                  0                  0                  0                  0        131489.1849                  0                  0        209.3975473
          1       1057                  0                  0                  0                  0        131613.7012                  0                  0        209.3975473
          1       1058                  0                  0                  0                  0        131738.2175                  0                  0        209.3975473
          1       1059                  0                  0                  0                  0        131862.7338                  0                  0        209.3975473
          1       1060                  0                  0                  0                  0          131987.25                  0                  0        209.3975473
          1       1061                  0                  0                  0                  0        132111.7663                  0                  0        209.3975473
          1       1062                  0                  0                  0                  0        132236.2826                  0                  0        209.3975473
          1       1063                  0                  0                  0                  0        132360.7989                  0                  0        209.3975473
          1       1064                  0                  0                  0                  0        132485.3151                  0                  0        209.3975473
          1       1065                  0                  0                  0                  0        132609.8314                  0                  0        209.3975473
          1       1066                  0                  0                  0                  0        132734.3477                  0                  0        209.3975473
          1       1067                  0                  0                  0                  0         132858.864                  0                  0        209.3975473
          1       1068                  0                  0                  0                  0        132983.3802                  0                  0        209.3975473
          1       1069                  0                  0                  0                  0        133107.8965                  0                  0        209.3975473
          1       1070                  0                  0                  0                  0        133232.4128                  0                  0        209.3975473
          1       1071                  0                  0                  0                  0        133356.9291                  0                  0        209.3975473
          1       1072                  0                  0                  0                  0        133481.4453                  0                  0        209.3975473
          1       1073                  0                  0                  0                  0        133605.9616                  0                  0        209.3975473
          1       1074                  0                  0                  0                  0        133730.4779                  0                  0        209.3975473
          1       1075                  0                  0                  0                  0        133854.9941                  0                  0        209.3975473
          1       1076                  0                  0                  0                  0        133979.5104                  0                  0        209.3975473
          1       1077                  0                  0                  0                  0        134104.0267                  0                  0        209.3975473
          1       1078                  0                  0                  0                  0         134228.543                  0                  0        209.3975473
          1       1079                  0                  0                  0                  0        134353.0592                  0                  0        209.3975473
          1       1080                  0                  0                  0                  0        134477.5755                  0                  0        209.3975473
          1       1081                  0                  0                  0                  0        134602.0918                  0                  0        209.3975473
          1       1082                  0                  0                  0                  0        134726.6081                  0                  0        209.3975473
          1       1083                  0                  0                  0                  0        134851.1243                  0                  0        209.3975473
          1       1084                  0                  0                  0                  0        134975.6406                  0                  0        209.3975473
          1       1085                  0                  0                  0                  0        135100.1569                  0                  0        209.3975473
          1       1086                  0                  0                  0                  0        135224.6732                  0                  0        209.3975473
          1       1087                  0                  0                  0                  0        135349.1894                  0                  0        209.3975473
          1       1088                  0                  0                  0                  0        135473.7057                  0                  0        209.3975473
          1       1089                  0                  0                  0                  0         135598.222                  0                  0        209.3975473
          1       1090                  0                  0                  0                  0        135722.7383                  0                  0        209.3975473
          1       1091                  0                  0                  0                  0        135847.2545                  0                  0        209.3975473
          1       1092                  0                  0                  0                  0        135971.7708                  0                  0        209.3975473
          1       1093                  0                  0                  0                  0        136096.2871                  0                  0        209.3975473
          1       1094                  0                  0                  0                  0        136220.8033                  0                  0        209.3975473
          1       1095                  0                  0                  0                  0        136345.3196                  0                  0        209.3975473
          1       1096                  0                  0                  0                  0        136469.8359                  0                  0        209.3975473
          1       1097                  0                  0                  0                  0        136594.3522                  0                  0        209.3975473
          1       1098                  0                  0                  0                  0        136718.8684                  0                  0        209.3975473
          1       1099                  0                  0                  0                  0        136843.3847                  0                  0        209.3975473
          1       1100                  0                  0                  0                  0         136967.901                  0                  0        209.3975473
          1       1101                  0                  0                  0                  0        137092.4173                  0                  0        209.3975473
          1       1102                  0                  0                  0                  0        137216.9335                  0                  0        209.3975473
          1       1103                  0                  0                  0                  0        137341.4498                  0                  0        209.3975473
          1       1104                  0                  0                  0                  0        137465.9661                  0                  0        209.3975473
          1       1105                  0                  0                  0                  0        137590.4824                  0                  0        209.3975473
          1       1106                  0                  0                  0                  0        137714.9986                  0                  0        209.3975473
          1       1107                  0                  0                  0                  0        137839.5149                  0                  0        209.3975473
          1       1108                  0                  0                  0                  0        137964.0312                  0                  0        209.3975473
          1       1109                  0                  0                  0                  0        138088.5474                  0                  0        209.3975473
          1       1110                  0                  0                  0                  0        138213.0637                  0                  0        209.3975473
          1       1111                  0                  0                  0                  0          138337.58                  0                  0        209.3975473
          1       1112                  0                  0                  0                  0        138462.0963                  0                  0        209.3975473
          1       1113                  0                  0                  0                  0        138586.6125                  0                  0        209.3975473
          1       1114                  0                  0                  0                  0        138711.1288                  0                  0        209.3975473
          1       1115                  0                  0                  0                  0        138835.6451                  0                  0        209.3975473
          1       1116                  0                  0                  0                  0        138960.1614                  0                  0        209.3975473
          1       1117                  0                  0                  0                  0        139084.6776                  0                  0        209.3975473
          1       1118                  0                  0                  0                  0        139209.1939                  0                  0        209.3975473
          1       1119                  0                  0                  0                  0        139333.7102                  0                  0        209.3975473
          1       1120                  0                  0                  0                  0        139458.2265                  0                  0        209.3975473
          1       1121                  0                  0                  0                  0        139582.7427                  0                  0        209.3975473
          1       1122                  0                  0                  0                  0         139707.259                  0                  0        209.3975473
          1       1123                  0                  0                  0                  0        139831.7753                  0                  0        209.3975473
          1       1124                  0                  0                  0                  0        139956.2916                  0                  0        209.3975473
          1       1125                  0                  0                  0                  0        140080.8078                  0                  0        209.3975473
          1       1126                  0                  0                  0                  0        140205.3241                  0                  0        209.3975473
          1       1127                  0                  0                  0                  0        140329.8404                  0                  0        209.3975473
          1       1128                  0                  0                  0                  0        140454.3566                  0                  0        209.3975473
          1       1129                  0                  0                  0                  0        140578.8729                  0                  0        209.3975473
          1       1130                  0                  0                  0                  0        140703.3892                  0                  0        209.3975473
          1       1131                  0                  0                  0                  0        140827.9055                  0                  0        209.3975473
          1       1132                  0                  0                  0                  0        140952.4217                  0                  0        209.3975473
          1       1133                  0                  0                  0                  0         141076.938                  0                  0        209.3975473
          1       1134                  0                  0                  0                  0        141201.4543                  0                  0        209.3975473
          1       1135                  0                  0                  0                  0        141325.9706                  0                  0        209.3975473
          1       1136                  0                  0                  0                  0        141450.4868                  0                  0        209.3975473
          1       1137                  0                  0                  0                  0        141575.0031                  0                  0        209.3975473
          1       1138                  0                  0                  0                  0        141699.5194                  0                  0        209.3975473
          1       1139                  0                  0                  0                  0        141824.0357                  0                  0        209.3975473
          1       1140                  0                  0                  0                  0        141948.5519                  0                  0        209.3975473
          1       1141                  0                  0                  0                  0        142073.0682                  0                  0        209.3975473
          1       1142                  0                  0                  0                  0        142197.5845                  0                  0        209.3975473
          1       1143                  0                  0                  0                  0        142322.1008                  0                  0        209.3975473
          1       1144                  0                  0                  0                  0         142446.617                  0                  0        209.3975473
          1       1145                  0                  0                  0                  0        142571.1333                  0                  0        209.3975473
          1       1146                  0                  0                  0                  0        142695.6496                  0                  0        209.3975473
          1       1147                  0                  0                  0                  0        142820.1658                  0                  0        209.3975473
          1       1148                  0                  0                  0                  0        142944.6821                  0                  0        209.3975473
          1       1149                  0                  0                  0                  0        143069.1984                  0                  0        209.3975473
          1       1150                  0                  0                  0                  0        143193.7147                  0                  0        209.3975473
          1       1151                  0                  0                  0                  0        143318.2309                  0                  0        209.3975473
          1       1152                  0                  0                  0                  0        143442.7472                  0                  0        209.3975473
          1       1153                  0                  0                  0                  0        143567.2635                  0                  0        209.3975473
          1       1154                  0                  0                  0                  0        143691.7798                  0                  0        209.3975473
          1       1155                  0                  0                  0                  0         143816.296                  0                  0        209.3975473
          1       1156                  0                  0                  0                  0        143940.8123                  0                  0        209.3975473
          1       1157                  0                  0                  0                  0        144065.3286                  0                  0        209.3975473
          1       1158                  0                  0                  0                  0        144189.8449                  0                  0        209.3975473
          1       1159                  0                  0                  0                  0        144314.3611                  0                  0        209.3975473
          1       1160                  0                  0                  0                  0        144438.8774                  0                  0        209.3975473
          1       1161                  0                  0                  0                  0        144563.3937                  0                  0        209.3975473
          1       1162                  0                  0                  0                  0          144687.91                  0                  0        209.3975473
          1       1163                  0                  0                  0                  0        144812.4262                  0                  0        209.3975473
          1       1164                  0                  0                  0                  0        144936.9425                  0                  0        209.3975473
          1       1165                  0                  0                  0                  0        145061.4588                  0                  0        209.3975473
          1       1166                  0                  0                  0                  0         145185.975                  0                  0        209.3975473
          1       1167                  0                  0                  0                  0        145310.4913                  0                  0        209.3975473
          1       1168                  0                  0                  0                  0        145435.0076                  0                  0        209.3975473
          1       1169                  0                  0                  0                  0        145559.5239                  0                  0        209.3975473
          1       1170                  0                  0                  0                  0        145684.0401                  0                  0        209.3975473
          1       1171                  0                  0                  0                  0        145808.5564                  0                  0        209.3975473
          1       1172                  0                  0                  0                  0        145933.0727                  0                  0        209.3975473
          1       1173                  0                  0                  0                  0         146057.589                  0                  0        209.3975473
          1       1174                  0                  0                  0                  0        146182.1052                  0                  0        209.3975473
          1       1175                  0                  0                  0                  0        146306.6215                  0                  0        209.3975473
          1       1176                  0                  0                  0                  0        146431.1378                  0                  0        209.3975473
          1       1177                  0                  0                  0                  0        146555.6541                  0                  0        209.3975473
          1       1178                  0                  0                  0                  0        146680.1703                  0                  0        209.3975473
          1       1179                  0                  0                  0                  0        146804.6866                  0                  0        209.3975473
          1       1180                  0                  0                  0                  0        146929.2029                  0                  0        209.3975473
          1       1181                  0                  0                  0                  0        147053.7191                  0                  0        209.3975473
          1       1182                  0                  0                  0                  0        147178.2354                  0                  0        209.3975473
          1       1183                  0                  0                  0                  0        147302.7517                  0                  0        209.3975473
          1       1184                  0                  0                  0                  0         147427.268                  0                  0        209.3975473
          1       1185                  0                  0                  0                  0        147551.7842                  0                  0        209.3975473
          1       1186                  0                  0                  0                  0        147676.3005                  0                  0        209.3975473
          1       1187                  0                  0                  0                  0        147800.8168                  0                  0        209.3975473
          1       1188                  0                  0                  0                  0        147925.3331                  0                  0        209.3975473
          1       1189                  0                  0                  0                  0        148049.8493                  0                  0        209.3975473
          1       1190                  0                  0                  0                  0        148174.3656                  0                  0        209.3975473
          1       1191                  0                  0                  0                  0        148298.8819                  0                  0        209.3975473
          1       1192                  0                  0                  0                  0        148423.3982                  0                  0        209.3975473
          1       1193                  0                  0                  0                  0        148547.9144                  0                  0        209.3975473
          1       1194                  0                  0                  0                  0        148672.4307                  0                  0        209.3975473
          1       1195                  0                  0                  0                  0         148796.947                  0                  0        209.3975473
          1       1196                  0                  0                  0                  0        148921.4633                  0                  0        209.3975473
          1       1197                  0                  0                  0                  0        149045.9795                  0                  0        209.3975473
          1       1198                  0                  0                  0                  0        149170.4958                  0                  0        209.3975473
          1       1199                  0                  0                  0                  0        149295.0121                  0                  0        209.3975473
          1       1200                  0                  0                  0                  0        149419.5283                  0                  0        209.3975473
          1       1201                  0                  0                  0                  0        149544.0446                  0                  0        209.3975473
          1       1202                  0                  0                  0                  0        149668.5609                  0                  0        209.3975473
          1       1203                  0                  0                  0                  0        149793.0772                  0                  0        209.3975473
          1       1204                  0                  0                  0                  0        149917.5934                  0                  0        209.3975473
          1       1205                  0                  0                  0                  0        150042.1097                  0                  0        209.3975473
          1       1206                  0                  0                  0                  0         150166.626                  0                  0        209.3975473
          1       1207                  0                  0                  0                  0        150291.1423                  0                  0        209.3975473
          1       1208                  0                  0                  0                  0        150415.6585                  0                  0        209.3975473
          1       1209                  0                  0                  0                  0        150540.1748                  0                  0        209.3975473
          1       1210                  0                  0                  0                  0        150664.6911                  0                  0        209.3975473
          1       1211                  0                  0                  0                  0        150789.2074                  0                  0        209.3975473
          1       1212                  0                  0                  0                  0        150913.7236                  0                  0        209.3975473
          1       1213                  0                  0                  0                  0        151038.2399                  0                  0        209.3975473
          1       1214                  0                  0                  0                  0        151162.7562                  0                  0        209.3975473
          1       1215                  0                  0                  0                  0        151287.2725                  0                  0        209.3975473
          1       1216                  0                  0                  0                  0        151411.7887                  0                  0        209.3975473
          1       1217                  0                  0                  0                  0         151536.305                  0                  0        209.3975473
          1       1218                  0                  0                  0                  0        151660.8213                  0                  0        209.3975473
          1       1219                  0                  0                  0                  0        151785.3375                  0                  0        209.3975473
          1       1220                  0                  0                  0                  0        151909.8538                  0                  0        209.3975473
          1       1221                  0                  0                  0                  0        152034.3701                  0                  0        209.3975473
          1       1222                  0                  0                  0                  0        152158.8864                  0                  0        209.3975473
          1       1223                  0                  0                  0                  0        152283.4026                  0                  0        209.3975473
          1       1224                  0                  0                  0                  0        152407.9189                  0                  0        209.3975473
          1       1225                  0                  0                  0                  0        152532.4352                  0                  0        209.3975473
          1       1226                  0                  0                  0                  0        152656.9515                  0                  0        209.3975473
          1       1227                  0                  0                  0                  0        152781.4677                  0                  0        209.3975473
          1       1228                  0                  0                  0                  0         152905.984                  0                  0        209.3975473
          1       1229                  0                  0                  0                  0        153030.5003                  0                  0        209.3975473
          1       1230                  0                  0                  0                  0        153155.0166                  0                  0        209.3975473
          1       1231                  0                  0                  0                  0        153279.5328                  0                  0        209.3975473
          1       1232                  0                  0                  0                  0        153404.0491                  0                  0        209.3975473
          1       1233                  0                  0                  0                  0        153528.5654                  0                  0        209.3975473
          1       1234                  0                  0                  0                  0        153653.0817                  0                  0        209.3975473
          1       1235                  0                  0                  0                  0        153777.5979                  0                  0        209.3975473
          1       1236                  0                  0                  0                  0        153902.1142                  0                  0        209.3975473
          1       1237                  0                  0                  0                  0        154026.6305                  0                  0        209.3975473
          1       1238                  0                  0                  0                  0        154151.1467                  0                  0        209.3975473
          1       1239                  0                  0                  0                  0         154275.663                  0                  0        209.3975473
          1       1240                  0                  0                  0                  0        154400.1793                  0                  0        209.3975473
          1       1241                  0                  0                  0                  0        154524.6956                  0                  0        209.3975473
          1       1242                  0                  0                  0                  0        154649.2118                  0                  0        209.3975473
          1       1243                  0                  0                  0                  0        154773.7281                  0                  0        209.3975473
          1       1244                  0                  0                  0                  0        154898.2444                  0                  0        209.3975473
          1       1245                  0                  0                  0                  0        155022.7607                  0                  0        209.3975473
          1       1246                  0                  0                  0                  0        155147.2769                  0                  0        209.3975473
          1       1247                  0                  0                  0                  0        155271.7932                  0                  0        209.3975473
          1       1248                  0                  0                  0                  0        155396.3095                  0                  0        209.3975473
          1       1249                  0                  0                  0                  0        155520.8258                  0                  0        209.3975473
          1       1250                  0                  0                  0                  0         155645.342                  0                  0        209.3975473
          1       1251                  0                  0                  0                  0        155769.8583                  0                  0        209.3975473
          1       1252                  0                  0                  0                  0        155894.3746                  0                  0        209.3975473
          1       1253                  0                  0                  0                  0        156018.8909                  0                  0        209.3975473
          1       1254                  0                  0                  0                  0        156143.4071                  0                  0        209.3975473
          1       1255                  0                  0                  0                  0        156267.9234                  0                  0        209.3975473
          1       1256                  0                  0                  0                  0        156392.4397                  0                  0        209.3975473
          1       1257                  0                  0                  0                  0        156516.9559                  0                  0        209.3975473
          1       1258                  0                  0                  0                  0        156641.4722                  0                  0        209.3975473
          1       1259                  0                  0                  0                  0        156765.9885                  0                  0        209.3975473
          1       1260                  0                  0                  0                  0        156890.5048                  0                  0        209.3975473
          1       1261                  0                  0                  0                  0         157015.021                  0                  0        209.3975473
          1       1262                  0                  0                  0                  0        157139.5373                  0                  0        209.3975473
          1       1263                  0                  0                  0                  0        157264.0536                  0                  0        209.3975473
          1       1264                  0                  0                  0                  0        157388.5699                  0                  0        209.3975473
          1       1265                  0                  0                  0                  0        157513.0861                  0                  0        209.3975473
          1       1266                  0                  0                  0                  0        157637.6024                  0                  0        209.3975473
          1       1267                  0                  0                  0                  0        157762.1187                  0                  0        209.3975473
          1       1268                  0                  0                  0                  0         157886.635                  0                  0        209.3975473
          1       1269                  0                  0                  0                  0        158011.1512                  0                  0        209.3975473
          1       1270                  0                  0                  0                  0        158135.6675                  0                  0        209.3975473
          1       1271                  0                  0                  0                  0        158260.1838                  0                  0        209.3975473
          1       1272                  0                  0                  0                  0           158384.7                  0                  0        209.3975473
          1       1273                  0                  0                  0                  0        158509.2163                  0                  0        209.3975473
          1       1274                  0                  0                  0                  0        158633.7326                  0                  0        209.3975473
          1       1275                  0                  0                  0                  0        158758.2489                  0                  0        209.3975473
          1       1276                  0                  0                  0                  0        158882.7651                  0                  0        209.3975473
          1       1277                  0                  0                  0                  0        159007.2814                  0                  0        209.3975473
          1       1278                  0                  0                  0                  0        159131.7977                  0                  0        209.3975473
          1       1279                  0                  0                  0                  0         159256.314                  0                  0        209.3975473
          1       1280                  0                  0                  0                  0        159380.8302                  0                  0        209.3975473
          1       1281                  0                  0                  0                  0        159505.3465                  0                  0        209.3975473
          1       1282                  0                  0                  0                  0        159629.8628                  0                  0        209.3975473
          1       1283                  0                  0                  0                  0        159754.3791                  0                  0        209.3975473
          1       1284                  0                  0                  0                  0        159878.8953                  0                  0        209.3975473
          1       1285                  0                  0                  0                  0        160003.4116                  0                  0        209.3975473
          1       1286                  0                  0                  0                  0        160127.9279                  0                  0        209.3975473
          1       1287                  0                  0                  0                  0        160252.4442                  0                  0        209.3975473
          1       1288                  0                  0                  0                  0        160376.9604                  0                  0        209.3975473
          1       1289                  0                  0                  0                  0        160501.4767                  0                  0        209.3975473
          1       1290                  0                  0                  0                  0         160625.993                  0                  0        209.3975473
          1       1291                  0                  0                  0                  0        160750.5092                  0                  0        209.3975473
          1       1292                  0                  0                  0                  0        160875.0255                  0                  0        209.3975473
          1       1293                  0                  0                  0                  0        160999.5418                  0                  0        209.3975473
          1       1294                  0                  0                  0                  0        161124.0581                  0                  0        209.3975473
          1       1295                  0                  0                  0                  0        161248.5743                  0                  0        209.3975473
          1       1296                  0                  0                  0                  0        161373.0906                  0                  0        209.3975473
          1       1297                  0                  0                  0                  0        161497.6069                  0                  0        209.3975473
          1       1298                  0                  0                  0                  0        161622.1232                  0                  0        209.3975473
          1       1299                  0                  0                  0                  0        161746.6394                  0                  0        209.3975473
          1       1300                  0                  0                  0                  0        161871.1557                  0                  0        209.3975473
          1       1301                  0                  0                  0                  0         161995.672                  0                  0        209.3975473
          1       1302                  0                  0                  0                  0        162120.1883                  0                  0        209.3975473
          1       1303                  0                  0                  0                  0        162244.7045                  0                  0        209.3975473
          1       1304                  0                  0                  0                  0        162369.2208                  0                  0        209.3975473
          1       1305                  0                  0                  0                  0        162493.7371                  0                  0        209.3975473
          1       1306                  0                  0                  0                  0        162618.2534                  0                  0        209.3975473
          1       1307                  0                  0                  0                  0        162742.7696                  0                  0        209.3975473
          1       1308                  0                  0                  0                  0        162867.2859                  0                  0        209.3975473
          1       1309                  0                  0                  0                  0        162991.8022                  0                  0        209.3975473
          1       1310                  0                  0                  0                  0        163116.3184                  0                  0        209.3975473
          1       1311                  0                  0                  0                  0        163240.8347                  0                  0        209.3975473
          1       1312                  0                  0                  0                  0         163365.351                  0                  0        209.3975473
          1       1313                  0                  0                  0                  0        163489.8673                  0                  0        209.3975473
          1       1314                  0                  0                  0                  0        163614.3835                  0                  0        209.3975473
          1       1315                  0                  0                  0                  0        163738.8998                  0                  0        209.3975473
          1       1316                  0                  0                  0                  0        163863.4161                  0                  0        209.3975473
          1       1317                  0                  0                  0                  0        163987.9324                  0                  0        209.3975473
          1       1318                  0                  0                  0                  0        164112.4486                  0                  0        209.3975473
          1       1319                  0                  0                  0                  0        164236.9649                  0                  0        209.3975473
          1       1320                  0                  0                  0                  0        164361.4812                  0                  0        209.3975473
          1       1321                  0                  0                  0                  0        164485.9975                  0                  0        209.3975473
          1       1322                  0                  0                  0                  0        164610.5137                  0                  0        209.3975473
          1       1323                  0                  0                  0                  0          164735.03                  0                  0        209.3975473
          1       1324                  0                  0                  0                  0        164859.5463                  0                  0        209.3975473
          1       1325                  0                  0                  0                  0        164984.0626                  0                  0        209.3975473
          1       1326                  0                  0                  0                  0        165108.5788                  0                  0        209.3975473
          1       1327                  0                  0                  0                  0        165233.0951                  0                  0        209.3975473
          1       1328                  0                  0                  0                  0        165357.6114                  0                  0        209.3975473
          1       1329                  0                  0                  0                  0        165482.1276                  0                  0        209.3975473
          1       1330                  0                  0                  0                  0        165606.6439                  0                  0        209.3975473
          1       1331                  0                  0                  0                  0        165731.1602                  0                  0        209.3975473
          1       1332                  0                  0                  0                  0        165855.6765                  0                  0        209.3975473
          1       1333                  0                  0                  0                  0        165980.1927                  0                  0        209.3975473
          1       1334                  0                  0                  0                  0         166104.709                  0                  0        209.3975473
          1       1335                  0                  0                  0                  0        166229.2253                  0                  0        209.3975473
          1       1336                  0                  0                  0                  0        166353.7416                  0                  0        209.3975473
          1       1337                  0                  0                  0                  0        166478.2578                  0                  0        209.3975473
          1       1338                  0                  0                  0                  0        166602.7741                  0                  0        209.3975473
          1       1339                  0                  0                  0                  0        166727.2904                  0                  0        209.3975473
          1       1340                  0                  0                  0                  0        166851.8067                  0                  0        209.3975473
          1       1341                  0                  0                  0                  0        166976.3229                  0                  0        209.3975473
          1       1342                  0                  0                  0                  0        167100.8392                  0                  0        209.3975473
          1       1343                  0                  0                  0                  0        167225.3555                  0                  0        209.3975473
          1       1344                  0                  0                  0                  0        167349.8718                  0                  0        209.3975473
          1       1345                  0                  0                  0                  0         167474.388                  0                  0        209.3975473
          1       1346                  0                  0                  0                  0        167598.9043                  0                  0        209.3975473
          1       1347                  0                  0                  0                  0        167723.4206                  0                  0        209.3975473
          1       1348                  0                  0                  0                  0        167847.9368                  0                  0        209.3975473
          1       1349                  0                  0                  0                  0        167972.4531                  0                  0        209.3975473
          1       1350                  0                  0                  0                  0        168096.9694                  0                  0        209.3975473
          1       1351                  0                  0                  0                  0        168221.4857                  0                  0        209.3975473
          1       1352                  0                  0                  0                  0        168346.0019                  0                  0        209.3975473
          1       1353                  0                  0                  0                  0        168470.5182                  0                  0        209.3975473
          1       1354                  0                  0                  0                  0        168595.0345                  0                  0        209.3975473
          1       1355                  0                  0                  0                  0        168719.5508                  0                  0        209.3975473
          1       1356                  0                  0                  0                  0         168844.067                  0                  0        209.3975473
          1       1357                  0                  0                  0                  0        168968.5833                  0                  0        209.3975473
          1       1358                  0                  0                  0                  0        169093.0996                  0                  0        209.3975473
          1       1359                  0                  0                  0                  0        169217.6159                  0                  0        209.3975473
          1       1360                  0                  0                  0                  0        169342.1321                  0                  0        209.3975473
          1       1361                  0                  0                  0                  0        169466.6484                  0                  0        209.3975473
          1       1362                  0                  0                  0                  0        169591.1647                  0                  0        209.3975473
          1       1363                  0                  0                  0                  0        169715.6809                  0                  0        209.3975473
          1       1364                  0                  0                  0                  0        169840.1972                  0                  0        209.3975473
          1       1365                  0                  0                  0                  0        169964.7135                  0                  0        209.3975473
          1       1366                  0                  0                  0                  0        170089.2298                  0                  0        209.3975473
          1       1367                  0                  0                  0                  0         170213.746                  0                  0        209.3975473
          1       1368                  0                  0                  0                  0        170338.2623                  0                  0        209.3975473
          1       1369                  0                  0                  0                  0        170462.7786                  0                  0        209.3975473
          1       1370                  0                  0                  0                  0        170587.2949                  0                  0        209.3975473
          1       1371                  0                  0                  0                  0        170711.8111                  0                  0        209.3975473
          1       1372                  0                  0                  0                  0        170836.3274                  0                  0        209.3975473
          1       1373                  0                  0                  0                  0        170960.8437                  0                  0        209.3975473
          1       1374                  0                  0                  0                  0          171085.36                  0                  0        209.3975473
          1       1375                  0                  0                  0                  0        171209.8762                  0                  0        209.3975473
          1       1376                  0                  0                  0                  0        171334.3925                  0                  0        209.3975473
          1       1377                  0                  0                  0                  0        171458.9088                  0                  0        209.3975473
          1       1378                  0                  0                  0                  0        171583.4251                  0                  0        209.3975473
          1       1379                  0                  0                  0                  0        171707.9413                  0                  0        209.3975473
          1       1380                  0                  0                  0                  0        171832.4576                  0                  0        209.3975473
          1       1381                  0                  0                  0                  0        171956.9739                  0                  0        209.3975473
          1       1382                  0                  0                  0                  0        172081.4901                  0                  0        209.3975473
          1       1383                  0                  0                  0                  0        172206.0064                  0                  0        209.3975473
          1       1384                  0                  0                  0                  0        172330.5227                  0                  0        209.3975473
          1       1385                  0                  0                  0                  0         172455.039                  0                  0        209.3975473
          1       1386                  0                  0                  0                  0        172579.5552                  0                  0        209.3975473
          1       1387                  0                  0                  0                  0        172704.0715                  0                  0        209.3975473
          1       1388                  0                  0                  0                  0        172828.5878                  0                  0        209.3975473
          1       1389                  0                  0                  0                  0        172953.1041                  0                  0        209.3975473
          1       1390                  0                  0                  0                  0        173077.6203                  0                  0        209.3975473
          1       1391                  0                  0                  0                  0        173202.1366                  0                  0        209.3975473
          1       1392                  0                  0                  0                  0        173326.6529                  0                  0        209.3975473
          1       1393                  0                  0                  0                  0        173451.1692                  0                  0        209.3975473
          1       1394                  0                  0                  0                  0        173575.6854                  0                  0        209.3975473
          1       1395                  0                  0                  0                  0        173700.2017                  0                  0        209.3975473
          1       1396                  0                  0                  0                  0         173824.718                  0                  0        209.3975473
          1       1397                  0                  0                  0                  0        173949.2343                  0                  0        209.3975473
          1       1398                  0                  0                  0                  0        174073.7505                  0                  0        209.3975473
          1       1399                  0                  0                  0                  0        174198.2668                  0                  0        209.3975473
          1       1400                  0                  0                  0                  0        174322.7831                  0                  0        209.3975473
          1       1401                  0                  0                  0                  0        174447.2993                  0                  0        209.3975473
          1       1402                  0                  0                  0                  0        174571.8156                  0                  0        209.3975473
          1       1403                  0                  0                  0                  0        174696.3319                  0                  0        209.3975473
          1       1404                  0                  0                  0                  0        174820.8482                  0                  0        209.3975473
          1       1405                  0                  0                  0                  0        174945.3644                  0                  0        209.3975473
          1       1406                  0                  0                  0                  0        175069.8807                  0                  0        209.3975473
          1       1407                  0                  0                  0                  0         175194.397                  0                  0        209.3975473
          1       1408                  0                  0                  0                  0        175318.9133                  0                  0        209.3975473
          1       1409                  0                  0                  0                  0        175443.4295                  0                  0        209.3975473
          1       1410                  0                  0                  0                  0        175567.9458                  0                  0        209.3975473
          1       1411                  0                  0                  0                  0        175692.4621                  0                  0        209.3975473
          1       1412                  0                  0                  0                  0        175816.9784                  0                  0        209.3975473
          1       1413                  0                  0                  0                  0        175941.4946                  0                  0        209.3975473
          1       1414                  0                  0                  0                  0        176066.0109                  0                  0        209.3975473
          1       1415                  0                  0                  0                  0        176190.5272                  0                  0        209.3975473
          1       1416                  0                  0                  0                  0        176315.0435                  0                  0        209.3975473
          1       1417                  0                  0                  0                  0        176439.5597                  0                  0        209.3975473
          1       1418                  0                  0                  0                  0         176564.076                  0                  0        209.3975473
          1       1419                  0                  0                  0                  0        176688.5923                  0                  0        209.3975473
          1       1420                  0                  0                  0                  0        176813.1085                  0                  0        209.3975473
          1       1421                  0                  0                  0                  0        176937.6248                  0                  0        209.3975473
          1       1422                  0                  0                  0                  0        177062.1411                  0                  0        209.3975473
          1       1423                  0                  0                  0                  0        177186.6574                  0                  0        209.3975473
          1       1424                  0                  0                  0                  0        177311.1736                  0                  0        209.3975473
          1       1425                  0                  0                  0                  0        177435.6899                  0                  0        209.3975473
          1       1426                  0                  0                  0                  0        177560.2062                  0                  0        209.3975473
          1       1427                  0                  0                  0                  0        177684.7225                  0                  0        209.3975473
          1       1428                  0                  0                  0                  0        177809.2387                  0                  0        209.3975473
          1       1429                  0                  0                  0                  0         177933.755                  0                  0        209.3975473
          1       1430                  0                  0                  0                  0        178058.2713                  0                  0        209.3975473
          1       1431                  0                  0                  0                  0        178182.7876                  0                  0        209.3975473
          1       1432                  0                  0                  0                  0        178307.3038                  0                  0        209.3975473
          1       1433                  0                  0                  0                  0        178431.8201                  0                  0        209.3975473
          1       1434                  0                  0                  0                  0        178556.3364                  0                  0        209.3975473
          1       1435                  0                  0                  0                  0        178680.8527                  0                  0        209.3975473
          1       1436                  0                  0                  0                  0        178805.3689                  0                  0        209.3975473
          1       1437                  0                  0                  0                  0        178929.8852                  0                  0        209.3975473
          1       1438                  0                  0                  0                  0        179054.4015                  0                  0        209.3975473
          1       1439                  0                  0                  0                  0        179178.9177                  0                  0        209.3975473
          1       1440                  0                  0                  0                  0         179303.434                  0                  0        209.3975473
          1       1441                  0                  0                  0                  0        179427.9503                  0                  0        209.3975473
          1       1442                  0                  0                  0                  0        179552.4666                  0                  0        209.3975473
          1       1443                  0                  0                  0                  0        179676.9828                  0                  0        209.3975473
          1       1444                  0                  0                  0                  0        179801.4991                  0                  0        209.3975473
          1       1445                  0                  0                  0                  0        179926.0154                  0                  0        209.3975473
          1       1446                  0                  0                  0                  0        180050.5317                  0                  0        209.3975473
          1       1447                  0                  0                  0                  0        180175.0479                  0                  0        209.3975473
          1       1448                  0                  0                  0                  0        180299.5642                  0                  0        209.3975473
          1       1449                  0                  0                  0                  0        180424.0805                  0                  0        209.3975473
          1       1450                  0                  0                  0                  0        180548.5968                  0                  0        209.3975473
          1       1451                  0                  0                  0                  0         180673.113                  0                  0        209.3975473
          1       1452                  0                  0                  0                  0        180797.6293                  0                  0        209.3975473
          1       1453                  0                  0                  0                  0        180922.1456                  0                  0        209.3975473
          1       1454                  0                  0                  0                  0        181046.6618                  0                  0        209.3975473
          1       1455                  0                  0                  0                  0        181171.1781                  0                  0        209.3975473
          1       1456                  0                  0                  0                  0        181295.6944                  0                  0        209.3975473
          1       1457                  0                  0                  0                  0        181420.2107                  0                  0        209.3975473
          1       1458                  0                  0                  0                  0        181544.7269                  0                  0        209.3975473
          1       1459                  0                  0                  0                  0        181669.2432                  0                  0        209.3975473
          1       1460                  0                  0                  0                  0        181793.7595                  0                  0        209.3975473
          1       1461                  0                  0                  0                  0        181918.2758                  0                  0        209.3975473
          1       1462                  0                  0                  0                  0         182042.792                  0                  0        209.3975473
          1       1463                  0                  0                  0                  0        182167.3083                  0                  0        209.3975473
          1       1464                  0                  0                  0                  0        182291.8246                  0                  0        209.3975473
          1       1465                  0                  0                  0                  0        182416.3409                  0                  0        209.3975473
          1       1466                  0                  0                  0                  0        182540.8571                  0                  0        209.3975473
          1       1467                  0                  0                  0                  0        182665.3734                  0                  0        209.3975473
          1       1468                  0                  0                  0                  0        182789.8897                  0                  0        209.3975473
          1       1469                  0                  0                  0                  0         182914.406                  0                  0        209.3975473
          1       1470                  0                  0                  0                  0        183038.9222                  0                  0        209.3975473
          1       1471                  0                  0                  0                  0        183163.4385                  0                  0        209.3975473
          1       1472                  0                  0                  0                  0        183287.9548                  0                  0        209.3975473
          1       1473                  0                  0                  0                  0         183412.471                  0                  0        209.3975473
          1       1474                  0                  0                  0                  0        183536.9873                  0                  0        209.3975473
          1       1475                  0                  0                  0                  0        183661.5036                  0                  0        209.3975473
          1       1476                  0                  0                  0                  0        183786.0199                  0                  0        209.3975473
          1       1477                  0                  0                  0                  0        183910.5361                  0                  0        209.3975473
          1       1478                  0                  0                  0                  0        184035.0524                  0                  0        209.3975473
          1       1479                  0                  0                  0                  0        184159.5687                  0                  0        209.3975473
          1       1480                  0                  0                  0                  0         184284.085                  0                  0        209.3975473
          1       1481                  0                  0                  0                  0        184408.6012                  0                  0        209.3975473
          1       1482                  0                  0                  0                  0        184533.1175                  0                  0        209.3975473
          1       1483                  0                  0                  0                  0        184657.6338                  0                  0        209.3975473
          1       1484                  0                  0                  0                  0        184782.1501                  0                  0        209.3975473
          1       1485                  0                  0                  0                  0        184906.6663                  0                  0        209.3975473
          1       1486                  0                  0                  0                  0        185031.1826                  0                  0        209.3975473
          1       1487                  0                  0                  0                  0        185155.6989                  0                  0        209.3975473
          1       1488                  0                  0                  0                  0        185280.2152                  0                  0        209.3975473
          1       1489                  0                  0                  0                  0        185404.7314                  0                  0        209.3975473
          1       1490                  0                  0                  0                  0        185529.2477                  0                  0        209.3975473
          1       1491                  0                  0                  0                  0         185653.764                  0                  0        209.3975473
          1       1492                  0                  0                  0                  0        185778.2802                  0                  0        209.3975473
          1       1493                  0                  0                  0                  0        185902.7965                  0                  0        209.3975473
          1       1494                  0                  0                  0                  0        186027.3128                  0                  0        209.3975473
          1       1495                  0                  0                  0                  0        186151.8291                  0                  0        209.3975473
          1       1496                  0                  0                  0                  0        186276.3453                  0                  0        209.3975473
          1       1497                  0                  0                  0                  0        186400.8616                  0                  0        209.3975473
          1       1498                  0                  0                  0                  0        186525.3779                  0                  0        209.3975473
          1       1499                  0                  0                  0                  0        186649.8942                  0                  0        209.3975473
          1       1500                  0                  0                  0                  0        186774.4104                  0                  0        209.3975473
          1       1501                  0                  0                  0                  0        186898.9267                  0                  0        209.3975473
          1       1502                  0                  0                  0                  0         187023.443                  0                  0        209.3975473
          1       1503                  0                  0                  0                  0        187147.9593                  0                  0        209.3975473
          1       1504                  0                  0                  0                  0        187272.4755                  0                  0        209.3975473
          1       1505                  0                  0                  0                  0        187396.9918                  0                  0        209.3975473
          1       1506                  0                  0                  0                  0        187521.5081                  0                  0        209.3975473
          1       1507                  0                  0                  0                  0        187646.0244                  0                  0        209.3975473
          1       1508                  0                  0                  0                  0        187770.5406                  0                  0        209.3975473
          1       1509                  0                  0                  0                  0        187895.0569                  0                  0        209.3975473
          1       1510                  0                  0                  0                  0        188019.5732                  0                  0        209.3975473
          1       1511                  0                  0                  0                  0        188144.0894                  0                  0        209.3975473
          1       1512                  0                  0                  0                  0        188268.6057                  0                  0        209.3975473
          1       1513                  0                  0                  0                  0         188393.122                  0                  0        209.3975473
          1       1514                  0                  0                  0                  0        188517.6383                  0                  0        209.3975473
          1       1515                  0                  0                  0                  0        188642.1545                  0                  0        209.3975473
          1       1516                  0                  0                  0                  0        188766.6708                  0                  0        209.3975473
          1       1517                  0                  0                  0                  0        188891.1871                  0                  0        209.3975473
          1       1518                  0                  0                  0                  0        189015.7034                  0                  0        209.3975473
          1       1519                  0                  0                  0                  0        189140.2196                  0                  0        209.3975473
          1       1520                  0                  0                  0                  0        189264.7359                  0                  0        209.3975473
          1       1521                  0                  0                  0                  0        189389.2522                  0                  0        209.3975473
          1       1522                  0                  0                  0                  0        189513.7685                  0                  0        209.3975473
          1       1523                  0                  0                  0                  0        189638.2847                  0                  0        209.3975473
          1       1524                  0                  0                  0                  0         189762.801                  0                  0        209.3975473
          1       1525                  0                  0                  0                  0        189887.3173                  0                  0        209.3975473
          1       1526                  0                  0                  0                  0        190011.8336                  0                  0        209.3975473
          1       1527                  0                  0                  0                  0        190136.3498                  0                  0        209.3975473
          1       1528                  0                  0                  0                  0        190260.8661                  0                  0        209.3975473
          1       1529                  0                  0                  0                  0        190385.3824                  0                  0        209.3975473
          1       1530                  0                  0                  0                  0        190509.8986                  0                  0        209.3975473
          1       1531                  0                  0                  0                  0        190634.4149                  0                  0        209.3975473
          1       1532                  0                  0                  0                  0        190758.9312                  0                  0        209.3975473
          1       1533                  0                  0                  0                  0        190883.4475                  0                  0        209.3975473
          1       1534                  0                  0                  0                  0        191007.9637                  0                  0        209.3975473
          1       1535                  0                  0                  0                  0          191132.48                  0                  0        209.3975473
          1       1536                  0                  0                  0                  0        191256.9963                  0                  0        209.3975473
          1       1537                  0                  0                  0                  0        191381.5126                  0                  0        209.3975473
          1       1538                  0                  0                  0                  0        191506.0288                  0                  0        209.3975473
          1       1539                  0                  0                  0                  0        191630.5451                  0                  0        209.3975473
          1       1540                  0                  0                  0                  0        191755.0614                  0                  0        209.3975473
          1       1541                  0                  0                  0                  0        191879.5777                  0                  0        209.3975473
          1       1542                  0                  0                  0                  0        192004.0939                  0                  0        209.3975473
          1       1543                  0                  0                  0                  0        192128.6102                  0                  0        209.3975473
          1       1544                  0                  0                  0                  0        192253.1265                  0                  0        209.3975473
          1       1545                  0                  0                  0                  0        192377.6427                  0                  0        209.3975473
          1       1546                  0                  0                  0                  0         192502.159                  0                  0        209.3975473
          1       1547                  0                  0                  0                  0        192626.6753                  0                  0        209.3975473
          1       1548                  0                  0                  0                  0        192751.1916                  0                  0        209.3975473
          1       1549                  0                  0                  0                  0        192875.7078                  0                  0        209.3975473
          1       1550                  0                  0                  0                  0        193000.2241                  0                  0        209.3975473
          1       1551                  0                  0                  0                  0        193124.7404                  0                  0        209.3975473
          1       1552                  0                  0                  0                  0        193249.2567                  0                  0        209.3975473
          1       1553                  0                  0                  0                  0        193373.7729                  0                  0        209.3975473
          1       1554                  0                  0                  0                  0        193498.2892                  0                  0        209.3975473
          1       1555                  0                  0                  0                  0        193622.8055                  0                  0        209.3975473
          1       1556                  0                  0                  0                  0        193747.3218                  0                  0        209.3975473
          1       1557                  0                  0                  0                  0         193871.838                  0                  0        209.3975473
          1       1558                  0                  0                  0                  0        193996.3543                  0                  0        209.3975473
          1       1559                  0                  0                  0                  0        194120.8706                  0                  0        209.3975473
          1       1560                  0                  0                  0                  0        194245.3869                  0                  0        209.3975473
          1       1561                  0                  0                  0                  0        194369.9031                  0                  0        209.3975473
          1       1562                  0                  0                  0                  0        194494.4194                  0                  0        209.3975473
          1       1563                  0                  0                  0                  0        194618.9357                  0                  0        209.3975473
          1       1564                  0                  0                  0                  0        194743.4519                  0                  0        209.3975473
          1       1565                  0                  0                  0                  0        194867.9682                  0                  0        209.3975473
          1       1566                  0                  0                  0                  0        194992.4845                  0                  0        209.3975473
          1       1567                  0                  0                  0                  0        195117.0008                  0                  0        209.3975473
          1       1568                  0                  0                  0                  0         195241.517                  0                  0        209.3975473
          1       1569                  0                  0                  0                  0        195366.0333                  0                  0        209.3975473
          1       1570                  0                  0                  0                  0        195490.5496                  0                  0        209.3975473
          1       1571                  0                  0                  0                  0        195615.0659                  0                  0        209.3975473
          1       1572                  0                  0                  0                  0        195739.5821                  0                  0        209.3975473
          1       1573                  0                  0                  0                  0        195864.0984                  0                  0        209.3975473
          1       1574                  0                  0                  0                  0        195988.6147                  0                  0        209.3975473
          1       1575                  0                  0                  0                  0         196113.131                  0                  0        209.3975473
          1       1576                  0                  0                  0                  0        196237.6472                  0                  0        209.3975473
          1       1577                  0                  0                  0                  0        196362.1635                  0                  0        209.3975473
          1       1578                  0                  0                  0                  0        196486.6798                  0                  0        209.3975473
          1       1579                  0                  0                  0                  0        196611.1961                  0                  0        209.3975473
          1       1580                  0                  0                  0                  0        196735.7123                  0                  0        209.3975473
          1       1581                  0                  0                  0                  0        196860.2286                  0                  0        209.3975473
          1       1582                  0                  0                  0                  0        196984.7449                  0                  0        209.3975473
          1       1583                  0                  0                  0                  0        197109.2611                  0                  0        209.3975473
          1       1584                  0                  0                  0                  0        197233.7774                  0                  0        209.3975473
          1       1585                  0                  0                  0                  0        197358.2937                  0                  0        209.3975473
          1       1586                  0                  0                  0                  0          197482.81                  0                  0        209.3975473
          1       1587                  0                  0                  0                  0        197607.3262                  0                  0        209.3975473
          1       1588                  0                  0                  0                  0        197731.8425                  0                  0        209.3975473
          1       1589                  0                  0                  0                  0        197856.3588                  0                  0        209.3975473
          1       1590                  0                  0                  0                  0        197980.8751                  0                  0        209.3975473
          1       1591                  0                  0                  0                  0        198105.3913                  0                  0        209.3975473
          1       1592                  0                  0                  0                  0        198229.9076                  0                  0        209.3975473
          1       1593                  0                  0                  0                  0        198354.4239                  0                  0        209.3975473
          1       1594                  0                  0                  0                  0        198478.9402                  0                  0        209.3975473
          1       1595                  0                  0                  0                  0        198603.4564                  0                  0        209.3975473
          1       1596                  0                  0                  0                  0        198727.9727                  0                  0        209.3975473
          1       1597                  0                  0                  0                  0         198852.489                  0                  0        209.3975473
          1       1598                  0                  0                  0                  0        198977.0053                  0                  0        209.3975473
          1       1599                  0                  0                  0                  0        199101.5215                  0                  0        209.3975473
          1       1600                  0                  0                  0                  0        199226.0378                  0                  0        209.3975473
          1       1601                  0                  0                  0                  0        199350.5541                  0                  0        209.3975473
          1       1602                  0                  0                  0                  0        199475.0703                  0                  0        209.3975473
          1       1603                  0                  0                  0                  0        199599.5866                  0                  0        209.3975473
          1       1604                  0                  0                  0                  0        199724.1029                  0                  0        209.3975473
          1       1605                  0                  0                  0                  0        199848.6192                  0                  0        209.3975473
          1       1606                  0                  0                  0                  0        199973.1354                  0                  0        209.3975473
          1       1607                  0                  0                  0                  0        200097.6517                  0                  0        209.3975473
          1       1608                  0                  0                  0                  0         200222.168                  0                  0        209.3975473
          1       1609                  0                  0                  0                  0        200346.6843                  0                  0        209.3975473
          1       1610                  0                  0                  0                  0        200471.2005                  0                  0        209.3975473
          1       1611                  0                  0                  0                  0        200595.7168                  0                  0        209.3975473
          1       1612                  0                  0                  0                  0        200720.2331                  0                  0        209.3975473
          1       1613                  0                  0                  0                  0        200844.7494                  0                  0        209.3975473
          1       1614                  0                  0                  0                  0        200969.2656                  0                  0        209.3975473
          1       1615                  0                  0                  0                  0        201093.7819                  0                  0        209.3975473
          1       1616                  0                  0                  0                  0        201218.2982                  0                  0        209.3975473
          1       1617                  0                  0                  0                  0        201342.8145                  0                  0        209.3975473
          1       1618                  0                  0                  0                  0        201467.3307                  0                  0        209.3975473
          1       1619                  0                  0                  0                  0         201591.847                  0                  0        209.3975473
          1       1620                  0                  0                  0                  0        201716.3633                  0                  0        209.3975473
          1       1621                  0                  0                  0                  0        201840.8795                  0                  0        209.3975473
          1       1622                  0                  0                  0                  0        201965.3958                  0                  0        209.3975473
          1       1623                  0                  0                  0                  0        202089.9121                  0                  0        209.3975473
          1       1624                  0                  0                  0                  0        202214.4284                  0                  0        209.3975473
          1       1625                  0                  0                  0                  0        202338.9446                  0                  0        209.3975473
          1       1626                  0                  0                  0                  0        202463.4609                  0                  0        209.3975473
          1       1627                  0                  0                  0                  0        202587.9772                  0                  0        209.3975473
          1       1628                  0                  0                  0                  0        202712.4935                  0                  0        209.3975473
          1       1629                  0                  0                  0                  0        202837.0097                  0                  0        209.3975473
          1       1630                  0                  0                  0                  0         202961.526                  0                  0        209.3975473
          1       1631                  0                  0                  0                  0        203086.0423                  0                  0        209.3975473
          1       1632                  0                  0                  0                  0        203210.5586                  0                  0        209.3975473
          1       1633                  0                  0                  0                  0        203335.0748                  0                  0        209.3975473
          1       1634                  0                  0                  0                  0        203459.5911                  0                  0        209.3975473
          1       1635                  0                  0                  0                  0        203584.1074                  0                  0        209.3975473
          1       1636                  0                  0                  0                  0        203708.6236                  0                  0        209.3975473
          1       1637                  0                  0                  0                  0        203833.1399                  0                  0        209.3975473
          1       1638                  0                  0                  0                  0        203957.6562                  0                  0        209.3975473
          1       1639                  0                  0                  0                  0        204082.1725                  0                  0        209.3975473
          1       1640                  0                  0                  0                  0        204206.6887                  0                  0        209.3975473
          1       1641                  0                  0                  0                  0         204331.205                  0                  0        209.3975473
          1       1642                  0                  0                  0                  0        204455.7213                  0                  0        209.3975473
          1       1643                  0                  0                  0                  0        204580.2376                  0                  0        209.3975473
          1       1644                  0                  0                  0                  0        204704.7538                  0                  0        209.3975473
          1       1645                  0                  0                  0                  0        204829.2701                  0                  0        209.3975473
          1       1646                  0                  0                  0                  0        204953.7864                  0                  0        209.3975473
          1       1647                  0                  0                  0                  0        205078.3027                  0                  0        209.3975473
          1       1648                  0                  0                  0                  0        205202.8189                  0                  0        209.3975473
          1       1649                  0                  0                  0                  0        205327.3352                  0                  0        209.3975473
          1       1650                  0                  0                  0                  0        205451.8515                  0                  0        209.3975473
          1       1651                  0                  0                  0                  0        205576.3678                  0                  0        209.3975473
          1       1652                  0                  0                  0                  0         205700.884                  0                  0        209.3975473
          1       1653                  0                  0                  0                  0        205825.4003                  0                  0        209.3975473
          1       1654                  0                  0                  0                  0        205949.9166                  0                  0        209.3975473
          1       1655                  0                  0                  0                  0        206074.4328                  0                  0        209.3975473
          1       1656                  0                  0                  0                  0        206198.9491                  0                  0        209.3975473
          1       1657                  0                  0                  0                  0        206323.4654                  0                  0        209.3975473
          1       1658                  0                  0                  0                  0        206447.9817                  0                  0        209.3975473
          1       1659                  0                  0                  0                  0        206572.4979                  0                  0        209.3975473
          1       1660                  0                  0                  0                  0        206697.0142                  0                  0        209.3975473
          1       1661                  0                  0                  0                  0        206821.5305                  0                  0        209.3975473
          1       1662                  0                  0                  0                  0        206946.0468                  0                  0        209.3975473
          1       1663                  0                  0                  0                  0         207070.563                  0                  0        209.3975473
          1       1664                  0                  0                  0                  0        207195.0793                  0                  0        209.3975473
          1       1665                  0                  0                  0                  0        207319.5956                  0                  0        209.3975473
          1       1666                  0                  0                  0                  0        207444.1119                  0                  0        209.3975473
          1       1667                  0                  0                  0                  0        207568.6281                  0                  0        209.3975473
          1       1668                  0                  0                  0                  0        207693.1444                  0                  0        209.3975473
          1       1669                  0                  0                  0                  0        207817.6607                  0                  0        209.3975473
          1       1670                  0                  0                  0                  0         207942.177                  0                  0        209.3975473
          1       1671                  0                  0                  0                  0        208066.6932                  0                  0        209.3975473
          1       1672                  0                  0                  0                  0        208191.2095                  0                  0        209.3975473
          1       1673                  0                  0                  0                  0        208315.7258                  0                  0        209.3975473
          1       1674                  0                  0                  0                  0         208440.242                  0                  0        209.3975473
          1       1675                  0                  0                  0                  0        208564.7583                  0                  0        209.3975473
          1       1676                  0                  0                  0                  0        208689.2746                  0                  0        209.3975473
          1       1677                  0                  0                  0                  0        208813.7909                  0                  0        209.3975473
          1       1678                  0                  0                  0                  0        208938.3071                  0                  0        209.3975473
          1       1679                  0                  0                  0                  0        209062.8234                  0                  0        209.3975473
          1       1680                  0                  0                  0                  0        209187.3397                  0                  0        209.3975473
          1       1681                  0                  0                  0                  0         209311.856                  0                  0        209.3975473
          1       1682                  0                  0                  0                  0        209436.3722                  0                  0        209.3975473
          1       1683                  0                  0                  0                  0        209560.8885                  0                  0        209.3975473
          1       1684                  0                  0                  0                  0        209685.4048                  0                  0        209.3975473
          1       1685                  0                  0                  0                  0        209809.9211                  0                  0        209.3975473
          1       1686                  0                  0                  0                  0        209934.4373                  0                  0        209.3975473
          1       1687                  0                  0                  0                  0        210058.9536                  0                  0        209.3975473
          1       1688                  0                  0                  0                  0        210183.4699                  0                  0        209.3975473
          1       1689                  0                  0                  0                  0        210307.9862                  0                  0        209.3975473
          1       1690                  0                  0                  0                  0        210432.5024                  0                  0        209.3975473
          1       1691                  0                  0                  0                  0        210557.0187                  0                  0        209.3975473
          1       1692                  0                  0                  0                  0         210681.535                  0                  0        209.3975473
          1       1693                  0                  0                  0                  0        210806.0512                  0                  0        209.3975473
          1       1694                  0                  0                  0                  0        210930.5675                  0                  0        209.3975473
          1       1695                  0                  0                  0                  0        211055.0838                  0                  0        209.3975473
          1       1696                  0                  0                  0                  0        211179.6001                  0                  0        209.3975473
          1       1697                  0                  0                  0                  0        211304.1163                  0                  0        209.3975473
          1       1698                  0                  0                  0                  0        211428.6326                  0                  0        209.3975473
          1       1699                  0                  0                  0                  0        211553.1489                  0                  0        209.3975473
          1       1700                  0                  0                  0                  0        211677.6652                  0                  0        209.3975473
          1       1701                  0                  0                  0                  0        211802.1814                  0                  0        209.3975473
          1       1702                  0                  0                  0                  0        211926.6977                  0                  0        209.3975473
          1       1703                  0                  0                  0                  0         212051.214                  0                  0        209.3975473
          1       1704                  0                  0                  0                  0        212175.7303                  0                  0        209.3975473
          1       1705                  0                  0                  0                  0        212300.2465                  0                  0        209.3975473
          1       1706                  0                  0                  0                  0        212424.7628                  0                  0        209.3975473
          1       1707                  0                  0                  0                  0        212549.2791                  0                  0        209.3975473
          1       1708                  0                  0                  0                  0        212673.7953                  0                  0        209.3975473
          1       1709                  0                  0                  0                  0        212798.3116                  0                  0        209.3975473
          1       1710                  0                  0                  0                  0        212922.8279                  0                  0        209.3975473
          1       1711                  0                  0                  0                  0        213047.3442                  0                  0        209.3975473
          1       1712                  0                  0                  0                  0        213171.8604                  0                  0        209.3975473
          1       1713                  0                  0                  0                  0        213296.3767                  0                  0        209.3975473
          1       1714                  0                  0                  0                  0         213420.893                  0                  0        209.3975473
          1       1715                  0                  0                  0                  0        213545.4093                  0                  0        209.3975473
          1       1716                  0                  0                  0                  0        213669.9255                  0                  0        209.3975473
          1       1717                  0                  0                  0                  0        213794.4418                  0                  0        209.3975473
          1       1718                  0                  0                  0                  0        213918.9581                  0                  0        209.3975473
          1       1719                  0                  0                  0                  0        214043.4744                  0                  0        209.3975473
          1       1720                  0                  0                  0                  0        214167.9906                  0                  0        209.3975473
          1       1721                  0                  0                  0                  0        214292.5069                  0                  0        209.3975473
          1       1722                  0                  0                  0                  0        214417.0232                  0                  0        209.3975473
          1       1723                  0                  0                  0                  0        214541.5395                  0                  0        209.3975473
          1       1724                  0                  0                  0                  0        214666.0557                  0                  0        209.3975473
          1       1725                  0                  0                  0                  0         214790.572                  0                  0        209.3975473
          1       1726                  0                  0                  0                  0        214915.0883                  0                  0        209.3975473
          1       1727                  0                  0                  0                  0        215039.6045                  0                  0        209.3975473
          1       1728                  0                  0                  0                  0        215164.1208                  0                  0        209.3975473
          1       1729                  0                  0                  0                  0        215288.6371                  0                  0        209.3975473
          1       1730                  0                  0                  0                  0        215413.1534                  0                  0        209.3975473
          1       1731                  0                  0                  0                  0        215537.6696                  0                  0        209.3975473
          1       1732                  0                  0                  0                  0        215662.1859                  0                  0        209.3975473
          1       1733                  0                  0                  0                  0        215786.7022                  0                  0        209.3975473
          1       1734                  0                  0                  0                  0        215911.2185                  0                  0        209.3975473
          1       1735                  0                  0                  0                  0        216035.7347                  0                  0        209.3975473
          1       1736                  0                  0                  0                  0         216160.251                  0                  0        209.3975473
          1       1737                  0                  0                  0                  0        216284.7673                  0                  0        209.3975473
          1       1738                  0                  0                  0                  0        216409.2836                  0                  0        209.3975473
          1       1739                  0                  0                  0                  0        216533.7998                  0                  0        209.3975473
          1       1740                  0                  0                  0                  0        216658.3161                  0                  0        209.3975473
          1       1741                  0                  0                  0                  0        216782.8324                  0                  0        209.3975473
          1       1742                  0                  0                  0                  0        216907.3487                  0                  0        209.3975473
          1       1743                  0                  0                  0                  0        217031.8649                  0                  0        209.3975473
          1       1744                  0                  0                  0                  0        217156.3812                  0                  0        209.3975473
          1       1745                  0                  0                  0                  0        217280.8975                  0                  0        209.3975473
          1       1746                  0                  0                  0                  0        217405.4137                  0                  0        209.3975473
          1       1747                  0                  0                  0                  0          217529.93                  0                  0        209.3975473
          1       1748                  0                  0                  0                  0        217654.4463                  0                  0        209.3975473
          1       1749                  0                  0                  0                  0        217778.9626                  0                  0        209.3975473
          1       1750                  0                  0                  0                  0        217903.4788                  0                  0        209.3975473
          1       1751                  0                  0                  0                  0        218027.9951                  0                  0        209.3975473
          1       1752                  0                  0                  0                  0        218152.5114                  0                  0        209.3975473
          1       1753                  0                  0                  0                  0        218277.0277                  0                  0        209.3975473
          1       1754                  0                  0                  0                  0        218401.5439                  0                  0        209.3975473
          1       1755                  0                  0                  0                  0        218526.0602                  0                  0        209.3975473
          1       1756                  0                  0                  0                  0        218650.5765                  0                  0        209.3975473
          1       1757                  0                  0                  0                  0        218775.0928                  0                  0        209.3975473
          1       1758                  0                  0                  0                  0         218899.609                  0                  0        209.3975473
          1       1759                  0                  0                  0                  0        219024.1253                  0                  0        209.3975473
          1       1760                  0                  0                  0                  0        219148.6416                  0                  0        209.3975473
          1       1761                  0                  0                  0                  0        219273.1579                  0                  0        209.3975473
          1       1762                  0                  0                  0                  0        219397.6741                  0                  0        209.3975473
          1       1763                  0                  0                  0                  0        219522.1904                  0                  0        209.3975473
          1       1764                  0                  0                  0                  0        219646.7067                  0                  0        209.3975473
          1       1765                  0                  0                  0                  0        219771.2229                  0                  0        209.3975473
          1       1766                  0                  0                  0                  0        219895.7392                  0                  0        209.3975473
          1       1767                  0                  0                  0                  0        220020.2555                  0                  0        209.3975473
          1       1768                  0                  0                  0                  0        220144.7718                  0                  0        209.3975473
          1       1769                  0                  0                  0                  0         220269.288                  0                  0        209.3975473
          1       1770                  0                  0                  0                  0        220393.8043                  0                  0        209.3975473
          1       1771                  0                  0                  0                  0        220518.3206                  0                  0        209.3975473
          1       1772                  0                  0                  0                  0        220642.8369                  0                  0        209.3975473
          1       1773                  0                  0                  0                  0        220767.3531                  0                  0        209.3975473
          1       1774                  0                  0                  0                  0        220891.8694                  0                  0        209.3975473
          1       1775                  0                  0                  0                  0        221016.3857                  0                  0        209.3975473
          1       1776                  0                  0                  0                  0         221140.902                  0                  0        209.3975473
          1       1777                  0                  0                  0                  0        221265.4182                  0                  0        209.3975473
          1       1778                  0                  0                  0                  0        221389.9345                  0                  0        209.3975473
          1       1779                  0                  0                  0                  0        221514.4508                  0                  0        209.3975473
          1       1780                  0                  0                  0                  0        221638.9671                  0                  0        209.3975473
          1       1781                  0                  0                  0                  0        221763.4833                  0                  0        209.3975473
          1       1782                  0                  0                  0                  0        221887.9996                  0                  0        209.3975473
          1       1783                  0                  0                  0                  0        222012.5159                  0                  0        209.3975473
          1       1784                  0                  0                  0                  0        222137.0321                  0                  0        209.3975473
          1       1785                  0                  0                  0                  0        222261.5484                  0                  0        209.3975473
          1       1786                  0                  0                  0                  0        222386.0647                  0                  0        209.3975473
          1       1787                  0                  0                  0                  0         222510.581                  0                  0        209.3975473
          1       1788                  0                  0                  0                  0        222635.0972                  0                  0        209.3975473
          1       1789                  0                  0                  0                  0        222759.6135                  0                  0        209.3975473
          1       1790                  0                  0                  0                  0        222884.1298                  0                  0        209.3975473
          1       1791                  0                  0                  0                  0        223008.6461                  0                  0        209.3975473
          1       1792                  0                  0                  0                  0        223133.1623                  0                  0        209.3975473
          1       1793                  0                  0                  0                  0        223257.6786                  0                  0        209.3975473
          1       1794                  0                  0                  0                  0        223382.1949                  0                  0        209.3975473
          1       1795                  0                  0                  0                  0        223506.7112                  0                  0        209.3975473
          1       1796                  0                  0                  0                  0        223631.2274                  0                  0        209.3975473
          1       1797                  0                  0                  0                  0        223755.7437                  0                  0        209.3975473
          1       1798                  0                  0                  0                  0          223880.26                  0                  0        209.3975473
          1       1799                  0                  0                  0                  0        224004.7762                  0                  0        209.3975473
          1       1800                  0                  0                  0                  0        224129.2925                  0                  0        209.3975473
          1       1801                  0                  0                  0                  0        224253.8088                  0                  0        209.3975473
          1       1802                  0                  0                  0                  0        224378.3251                  0                  0        209.3975473
          1       1803                  0                  0                  0                  0        224502.8413                  0                  0        209.3975473
          1       1804                  0                  0                  0                  0        224627.3576                  0                  0        209.3975473
          1       1805                  0                  0                  0                  0        224751.8739                  0                  0        209.3975473
          1       1806                  0                  0                  0                  0        224876.3902                  0                  0        209.3975473
          1       1807                  0                  0                  0                  0        225000.9064                  0                  0        209.3975473
          1       1808                  0                  0                  0                  0        225125.4227                  0                  0        209.3975473
          1       1809                  0                  0                  0                  0         225249.939                  0                  0        209.3975473
          1       1810                  0                  0                  0                  0        225374.4553                  0                  0        209.3975473
          1       1811                  0                  0                  0                  0        225498.9715                  0                  0        209.3975473
          1       1812                  0                  0                  0                  0        225623.4878                  0                  0        209.3975473
          1       1813                  0                  0                  0                  0        225748.0041                  0                  0        209.3975473
          1       1814                  0                  0                  0                  0        225872.5204                  0                  0        209.3975473
          1       1815                  0                  0                  0                  0        225997.0366                  0                  0        209.3975473
          1       1816                  0                  0                  0                  0        226121.5529                  0                  0        209.3975473
          1       1817                  0                  0                  0                  0        226246.0692                  0                  0        209.3975473
          1       1818                  0                  0                  0                  0        226370.5854                  0                  0        209.3975473
          1       1819                  0                  0                  0                  0        226495.1017                  0                  0        209.3975473
          1       1820                  0                  0                  0                  0         226619.618                  0                  0        209.3975473
          1       1821                  0                  0                  0                  0        226744.1343                  0                  0        209.3975473
          1       1822                  0                  0                  0                  0        226868.6505                  0                  0        209.3975473
          1       1823                  0                  0                  0                  0        226993.1668                  0                  0        209.3975473
          1       1824                  0                  0                  0                  0        227117.6831                  0                  0        209.3975473
          1       1825                  0                  0                  0                  0        227242.1994                  0                  0        209.3975473
          1       1826                  0                  0                  0                  0        227366.7156                  0                  0        209.3975473
          1       1827                  0                  0                  0                  0        227491.2319                  0                  0        209.3975473
          1       1828                  0                  0                  0                  0        227615.7482                  0                  0        209.3975473
          1       1829                  0                  0                  0                  0        227740.2645                  0                  0        209.3975473
          1       1830                  0                  0                  0                  0        227864.7807                  0                  0        209.3975473
          1       1831                  0                  0                  0                  0         227989.297                  0                  0        209.3975473
          1       1832                  0                  0                  0                  0        228113.8133                  0                  0        209.3975473
          1       1833                  0                  0                  0                  0        228238.3296                  0                  0        209.3975473
          1       1834                  0                  0                  0                  0        228362.8458                  0                  0        209.3975473
          1       1835                  0                  0                  0                  0        228487.3621                  0                  0        209.3975473
          1       1836                  0                  0                  0                  0        228611.8784                  0                  0        209.3975473
          1       1837                  0                  0                  0                  0        228736.3946                  0                  0        209.3975473
          1       1838                  0                  0                  0                  0        228860.9109                  0                  0        209.3975473
          1       1839                  0                  0                  0                  0        228985.4272                  0                  0        209.3975473
          1       1840                  0                  0                  0                  0        229109.9435                  0                  0        209.3975473
          1       1841                  0                  0                  0                  0        229234.4597                  0                  0        209.3975473
          1       1842                  0                  0                  0                  0         229358.976                  0                  0        209.3975473
          1       1843                  0                  0                  0                  0        229483.4923                  0                  0        209.3975473
          1       1844                  0                  0                  0                  0        229608.0086                  0                  0        209.3975473
          1       1845                  0                  0                  0                  0        229732.5248                  0                  0        209.3975473
          1       1846                  0                  0                  0                  0        229857.0411                  0                  0        209.3975473
          1       1847                  0                  0                  0                  0        229981.5574                  0                  0        209.3975473
          1       1848                  0                  0                  0                  0        230106.0737                  0                  0        209.3975473
          1       1849                  0                  0                  0                  0        230230.5899                  0                  0        209.3975473
          1       1850                  0                  0                  0                  0        230355.1062                  0                  0        209.3975473
          1       1851                  0                  0                  0                  0        230479.6225                  0                  0        209.3975473
          1       1852                  0                  0                  0                  0        230604.1388                  0                  0        209.3975473
          1       1853                  0                  0                  0                  0         230728.655                  0                  0        209.3975473
          1       1854                  0                  0                  0                  0        230853.1713                  0                  0        209.3975473
          1       1855                  0                  0                  0                  0        230977.6876                  0                  0        209.3975473
          1       1856                  0                  0                  0                  0        231102.2038                  0                  0        209.3975473
          1       1857                  0                  0                  0                  0        231226.7201                  0                  0        209.3975473
          1       1858                  0                  0                  0                  0        231351.2364                  0                  0        209.3975473
          1       1859                  0                  0                  0                  0        231475.7527                  0                  0        209.3975473
          1       1860                  0                  0                  0                  0        231600.2689                  0                  0        209.3975473
          1       1861                  0                  0                  0                  0        231724.7852                  0                  0        209.3975473
          1       1862                  0                  0                  0                  0        231849.3015                  0                  0        209.3975473
          1       1863                  0                  0                  0                  0        231973.8178                  0                  0        209.3975473
          1       1864                  0                  0                  0                  0         232098.334                  0                  0        209.3975473
          1       1865                  0                  0                  0                  0        232222.8503                  0                  0        209.3975473
          1       1866                  0                  0                  0                  0        232347.3666                  0                  0        209.3975473
          1       1867                  0                  0                  0                  0        232471.8829                  0                  0        209.3975473
          1       1868                  0                  0                  0                  0        232596.3991                  0                  0        209.3975473
          1       1869                  0                  0                  0                  0        232720.9154                  0                  0        209.3975473
          1       1870                  0                  0                  0                  0        232845.4317                  0                  0        209.3975473
          1       1871                  0                  0                  0                  0         232969.948                  0                  0        209.3975473
          1       1872                  0                  0                  0                  0        233094.4642                  0                  0        209.3975473
          1       1873                  0                  0                  0                  0        233218.9805                  0                  0        209.3975473
          1       1874                  0                  0                  0                  0        233343.4968                  0                  0        209.3975473
          1       1875                  0                  0                  0                  0         233468.013                  0                  0        209.3975473
          1       1876                  0                  0                  0                  0        233592.5293                  0                  0        209.3975473
          1       1877                  0                  0                  0                  0        233717.0456                  0                  0        209.3975473
          1       1878                  0                  0                  0                  0        233841.5619                  0                  0        209.3975473
          1       1879                  0                  0                  0                  0        233966.0781                  0                  0        209.3975473
          1       1880                  0                  0                  0                  0        234090.5944                  0                  0        209.3975473
          1       1881                  0                  0                  0                  0        234215.1107                  0                  0        209.3975473
          1       1882                  0                  0                  0                  0         234339.627                  0                  0        209.3975473
          1       1883                  0                  0                  0                  0        234464.1432                  0                  0        209.3975473
          1       1884                  0                  0                  0                  0        234588.6595                  0                  0        209.3975473
          1       1885                  0                  0                  0                  0        234713.1758                  0                  0        209.3975473
          1       1886                  0                  0                  0                  0        234837.6921                  0                  0        209.3975473
          1       1887                  0                  0                  0                  0        234962.2083                  0                  0        209.3975473
          1       1888                  0                  0                  0                  0        235086.7246                  0                  0        209.3975473
          1       1889                  0                  0                  0                  0        235211.2409                  0                  0        209.3975473
          1       1890                  0                  0                  0                  0        235335.7571                  0                  0        209.3975473
          1       1891                  0                  0                  0                  0        235460.2734                  0                  0        209.3975473
          1       1892                  0                  0                  0                  0        235584.7897                  0                  0        209.3975473
          1       1893                  0                  0                  0                  0         235709.306                  0                  0        209.3975473
          1       1894                  0                  0                  0                  0        235833.8222                  0                  0        209.3975473
          1       1895                  0                  0                  0                  0        235958.3385                  0                  0        209.3975473
          1       1896                  0                  0                  0                  0        236082.8548                  0                  0        209.3975473
          1       1897                  0                  0                  0                  0        236207.3711                  0                  0        209.3975473
          1       1898                  0                  0                  0                  0        236331.8873                  0                  0        209.3975473
          1       1899                  0                  0                  0                  0        236456.4036                  0                  0        209.3975473
          1       1900                  0                  0                  0                  0        236580.9199                  0                  0        209.3975473
          1       1901                  0                  0                  0                  0        236705.4362                  0                  0        209.3975473
          1       1902                  0                  0                  0                  0        236829.9524                  0                  0        209.3975473
          1       1903                  0                  0                  0                  0        236954.4687                  0                  0        209.3975473
          1       1904                  0                  0                  0                  0         237078.985                  0                  0        209.3975473
          1       1905                  0                  0                  0                  0        237203.5013                  0                  0        209.3975473
          1       1906                  0                  0                  0                  0        237328.0175                  0                  0        209.3975473
          1       1907                  0                  0                  0                  0        237452.5338                  0                  0        209.3975473
          1       1908                  0                  0                  0                  0        237577.0501                  0                  0        209.3975473
          1       1909                  0                  0                  0                  0        237701.5663                  0                  0        209.3975473
          1       1910                  0                  0                  0                  0        237826.0826                  0                  0        209.3975473
          1       1911                  0                  0                  0                  0        237950.5989                  0                  0        209.3975473
          1       1912                  0                  0                  0                  0        238075.1152                  0                  0        209.3975473
          1       1913                  0                  0                  0                  0        238199.6314                  0                  0        209.3975473
          1       1914                  0                  0                  0                  0        238324.1477                  0                  0        209.3975473
          1       1915                  0                  0                  0                  0         238448.664                  0                  0        209.3975473
          1       1916                  0                  0                  0                  0        238573.1803                  0                  0        209.3975473
          1       1917                  0                  0                  0                  0        238697.6965                  0                  0        209.3975473
          1       1918                  0                  0                  0                  0        238822.2128                  0                  0        209.3975473
          1       1919                  0                  0                  0                  0        238946.7291                  0                  0        209.3975473
          1       1920                  0                  0                  0                  0        239071.2454                  0                  0        209.3975473
          1       1921                  0                  0                  0                  0        239195.7616                  0                  0        209.3975473
          1       1922                  0                  0                  0                  0        239320.2779                  0                  0        209.3975473
          1       1923                  0                  0                  0                  0        239444.7942                  0                  0        209.3975473
          1       1924                  0                  0                  0                  0        239569.3105                  0                  0        209.3975473
          1       1925                  0                  0                  0                  0        239693.8267                  0                  0        209.3975473
          1       1926                  0                  0                  0                  0         239818.343                  0                  0        209.3975473
          1       1927                  0                  0                  0                  0        239942.8593                  0                  0        209.3975473
          1       1928                  0                  0                  0                  0        240067.3755                  0                  0        209.3975473
          1       1929                  0                  0                  0                  0        240191.8918                  0                  0        209.3975473
          1       1930                  0                  0                  0                  0        240316.4081                  0                  0        209.3975473
          1       1931                  0                  0                  0                  0        240440.9244                  0                  0        209.3975473
          1       1932                  0                  0                  0                  0        240565.4406                  0                  0        209.3975473
          1       1933                  0                  0                  0                  0        240689.9569                  0                  0        209.3975473
          1       1934                  0                  0                  0                  0        240814.4732                  0                  0        209.3975473
          1       1935                  0                  0                  0                  0        240938.9895                  0                  0        209.3975473
          1       1936                  0                  0                  0                  0        241063.5057                  0                  0        209.3975473
          1       1937                  0                  0                  0                  0         241188.022                  0                  0        209.3975473
          1       1938                  0                  0                  0                  0        241312.5383                  0                  0        209.3975473
          1       1939                  0                  0                  0                  0        241437.0546                  0                  0        209.3975473
          1       1940                  0                  0                  0                  0        241561.5708                  0                  0        209.3975473
          1       1941                  0                  0                  0                  0        241686.0871                  0                  0        209.3975473
          1       1942                  0                  0                  0                  0        241810.6034                  0                  0        209.3975473
          1       1943                  0                  0                  0                  0        241935.1197                  0                  0        209.3975473
          1       1944                  0                  0                  0                  0        242059.6359                  0                  0        209.3975473
          1       1945                  0                  0                  0                  0        242184.1522                  0                  0        209.3975473
          1       1946                  0                  0                  0                  0        242308.6685                  0                  0        209.3975473
          1       1947                  0                  0                  0                  0        242433.1847                  0                  0        209.3975473
          1       1948                  0                  0                  0                  0         242557.701                  0                  0        209.3975473
          1       1949                  0                  0                  0                  0        242682.2173                  0                  0        209.3975473
          1       1950                  0                  0                  0                  0        242806.7336                  0                  0        209.3975473
          1       1951                  0                  0                  0                  0        242931.2498                  0                  0        209.3975473
          1       1952                  0                  0                  0                  0        243055.7661                  0                  0        209.3975473
          1       1953                  0                  0                  0                  0        243180.2824                  0                  0        209.3975473
          1       1954                  0                  0                  0                  0        243304.7987                  0                  0        209.3975473
          1       1955                  0                  0                  0                  0        243429.3149                  0                  0        209.3975473
          1       1956                  0                  0                  0                  0        243553.8312                  0                  0        209.3975473
          1       1957                  0                  0                  0                  0        243678.3475                  0                  0        209.3975473
          1       1958                  0                  0                  0                  0        243802.8638                  0                  0        209.3975473
          1       1959                  0                  0                  0                  0          243927.38                  0                  0        209.3975473
          1       1960                  0                  0                  0                  0        244051.8963                  0                  0        209.3975473
          1       1961                  0                  0                  0                  0        244176.4126                  0                  0        209.3975473
          1       1962                  0                  0                  0                  0        244300.9289                  0                  0        209.3975473
          1       1963                  0                  0                  0                  0        244425.4451                  0                  0        209.3975473
          1       1964                  0                  0                  0                  0        244549.9614                  0                  0        209.3975473
          1       1965                  0                  0                  0                  0        244674.4777                  0                  0        209.3975473
          1       1966                  0                  0                  0                  0        244798.9939                  0                  0        209.3975473
          1       1967                  0                  0                  0                  0        244923.5102                  0                  0        209.3975473
          1       1968                  0                  0                  0                  0        245048.0265                  0                  0        209.3975473
          1       1969                  0                  0                  0                  0        245172.5428                  0                  0        209.3975473
          1       1970                  0                  0                  0                  0         245297.059                  0                  0        209.3975473
          1       1971                  0                  0                  0                  0        245421.5753                  0                  0        209.3975473
          1       1972                  0                  0                  0                  0        245546.0916                  0                  0        209.3975473
          1       1973                  0                  0                  0                  0        245670.6079                  0                  0        209.3975473
          1       1974                  0                  0                  0                  0        245795.1241                  0                  0        209.3975473
          1       1975                  0                  0                  0                  0        245919.6404                  0                  0        209.3975473
          1       1976                  0                  0                  0                  0        246044.1567                  0                  0        209.3975473
          1       1977                  0                  0                  0                  0         246168.673                  0                  0        209.3975473
          1       1978                  0                  0                  0                  0        246293.1892                  0                  0        209.3975473
          1       1979                  0                  0                  0                  0        246417.7055                  0                  0        209.3975473
          1       1980                  0                  0                  0                  0        246542.2218                  0                  0        209.3975473
          1       1981                  0                  0                  0                  0         246666.738                  0                  0        209.3975473
          1       1982                  0                  0                  0                  0        246791.2543                  0                  0        209.3975473
          1       1983                  0                  0                  0                  0        246915.7706                  0                  0        209.3975473
          1       1984                  0                  0                  0                  0        247040.2869                  0                  0        209.3975473
          1       1985                  0                  0                  0                  0        247164.8031                  0                  0        209.3975473
          1       1986                  0                  0                  0                  0        247289.3194                  0                  0        209.3975473
          1       1987                  0                  0                  0                  0        247413.8357                  0                  0        209.3975473
          1       1988                  0                  0                  0                  0         247538.352                  0                  0        209.3975473
          1       1989                  0                  0                  0                  0        247662.8682                  0                  0        209.3975473
          1       1990                  0                  0                  0                  0        247787.3845                  0                  0        209.3975473
          1       1991                  0                  0                  0                  0        247911.9008                  0                  0        209.3975473
          1       1992                  0                  0                  0                  0        248036.4171                  0                  0        209.3975473
          1       1993                  0                  0                  0                  0        248160.9333                  0                  0        209.3975473
          1       1994                  0                  0                  0                  0        248285.4496                  0                  0        209.3975473
          1       1995                  0                  0                  0                  0        248409.9659                  0                  0        209.3975473
          1       1996                  0                  0                  0                  0        248534.4822                  0                  0        209.3975473
          1       1997                  0                  0                  0                  0        248658.9984                  0                  0        209.3975473
          1       1998                  0                  0                  0                  0        248783.5147                  0                  0        209.3975473
          1       1999                  0                  0                  0                  0         248908.031                  0                  0        209.3975473
          1       2000                  0                  0                  0                  0        249032.5472                  0                  0        209.3975473
