@ NAME             %19s "TRACK.OBS0002.P0001"
@ TYPE             %08s "TRACKOBS"
@ TITLE            %15s "ESR ring optics"
@ ORIGIN           %18s "5.09.03 Windows 64"
@ DATE             %08s "10/01/25"
@ TIME             %08s "18.55.24"
*     NUMBER       TURN                  X                 PX                  Y                 PY                  T                 PT                  S                  E 
$         %d         %d                %le                %le                %le                %le                %le                %le                %le                %le 
          1          1                  0                  0                  0                  0        39.95042775                  0         34.7526808        209.3975473
          1          2                  0                  0                  0                  0        164.4667014                  0         34.7526808        209.3975473
          1          3                  0                  0                  0                  0         288.982975                  0         34.7526808        209.3975473
          1          4                  0                  0                  0                  0        413.4992486                  0         34.7526808        209.3975473
          1          5                  0                  0                  0                  0        538.0155222                  0         34.7526808        209.3975473
          1          6                  0                  0                  0                  0        662.5317959                  0         34.7526808        209.3975473
          1          7                  0                  0                  0                  0        787.0480695                  0         34.7526808        209.3975473
          1          8                  0                  0                  0                  0        911.5643431                  0         34.7526808        209.3975473
          1          9                  0                  0                  0                  0        1036.080617                  0         34.7526808        209.3975473
          1         10                  0                  0                  0                  0         1160.59689                  0         34.7526808        209.3975473
          1         11                  0                  0                  0                  0        1285.113164                  0         34.7526808        209.3975473
          1         12                  0                  0                  0                  0        1409.629438                  0         34.7526808        209.3975473
          1         13                  0                  0                  0                  0        1534.145711                  0         34.7526808        209.3975473
          1         14                  0                  0                  0                  0        1658.661985                  0         34.7526808        209.3975473
          1         15                  0                  0                  0                  0        1783.178258                  0         34.7526808        209.3975473
          1         16                  0                  0                  0                  0        1907.694532                  0         34.7526808        209.3975473
          1         17                  0                  0                  0                  0        2032.210806                  0         34.7526808        209.3975473
          1         18                  0                  0                  0                  0        2156.727079                  0         34.7526808        209.3975473
          1         19                  0                  0                  0                  0        2281.243353                  0         34.7526808        209.3975473
          1         20                  0                  0                  0                  0        2405.759627                  0         34.7526808        209.3975473
          1         21                  0                  0                  0                  0          2530.2759                  0         34.7526808        209.3975473
          1         22                  0                  0                  0                  0        2654.792174                  0         34.7526808        209.3975473
          1         23                  0                  0                  0                  0        2779.308447                  0         34.7526808        209.3975473
          1         24                  0                  0                  0                  0        2903.824721                  0         34.7526808        209.3975473
          1         25                  0                  0                  0                  0        3028.340995                  0         34.7526808        209.3975473
          1         26                  0                  0                  0                  0        3152.857268                  0         34.7526808        209.3975473
          1         27                  0                  0                  0                  0        3277.373542                  0         34.7526808        209.3975473
          1         28                  0                  0                  0                  0        3401.889816                  0         34.7526808        209.3975473
          1         29                  0                  0                  0                  0        3526.406089                  0         34.7526808        209.3975473
          1         30                  0                  0                  0                  0        3650.922363                  0         34.7526808        209.3975473
          1         31                  0                  0                  0                  0        3775.438636                  0         34.7526808        209.3975473
          1         32                  0                  0                  0                  0         3899.95491                  0         34.7526808        209.3975473
          1         33                  0                  0                  0                  0        4024.471184                  0         34.7526808        209.3975473
          1         34                  0                  0                  0                  0        4148.987457                  0         34.7526808        209.3975473
          1         35                  0                  0                  0                  0        4273.503731                  0         34.7526808        209.3975473
          1         36                  0                  0                  0                  0        4398.020005                  0         34.7526808        209.3975473
          1         37                  0                  0                  0                  0        4522.536278                  0         34.7526808        209.3975473
          1         38                  0                  0                  0                  0        4647.052552                  0         34.7526808        209.3975473
          1         39                  0                  0                  0                  0        4771.568825                  0         34.7526808        209.3975473
          1         40                  0                  0                  0                  0        4896.085099                  0         34.7526808        209.3975473
          1         41                  0                  0                  0                  0        5020.601373                  0         34.7526808        209.3975473
          1         42                  0                  0                  0                  0        5145.117646                  0         34.7526808        209.3975473
          1         43                  0                  0                  0                  0         5269.63392                  0         34.7526808        209.3975473
          1         44                  0                  0                  0                  0        5394.150194                  0         34.7526808        209.3975473
          1         45                  0                  0                  0                  0        5518.666467                  0         34.7526808        209.3975473
          1         46                  0                  0                  0                  0        5643.182741                  0         34.7526808        209.3975473
          1         47                  0                  0                  0                  0        5767.699014                  0         34.7526808        209.3975473
          1         48                  0                  0                  0                  0        5892.215288                  0         34.7526808        209.3975473
          1         49                  0                  0                  0                  0        6016.731562                  0         34.7526808        209.3975473
          1         50                  0                  0                  0                  0        6141.247835                  0         34.7526808        209.3975473
          1         51                  0                  0                  0                  0        6265.764109                  0         34.7526808        209.3975473
          1         52                  0                  0                  0                  0        6390.280383                  0         34.7526808        209.3975473
          1         53                  0                  0                  0                  0        6514.796656                  0         34.7526808        209.3975473
          1         54                  0                  0                  0                  0         6639.31293                  0         34.7526808        209.3975473
          1         55                  0                  0                  0                  0        6763.829203                  0         34.7526808        209.3975473
          1         56                  0                  0                  0                  0        6888.345477                  0         34.7526808        209.3975473
          1         57                  0                  0                  0                  0        7012.861751                  0         34.7526808        209.3975473
          1         58                  0                  0                  0                  0        7137.378024                  0         34.7526808        209.3975473
          1         59                  0                  0                  0                  0        7261.894298                  0         34.7526808        209.3975473
          1         60                  0                  0                  0                  0        7386.410572                  0         34.7526808        209.3975473
          1         61                  0                  0                  0                  0        7510.926845                  0         34.7526808        209.3975473
          1         62                  0                  0                  0                  0        7635.443119                  0         34.7526808        209.3975473
          1         63                  0                  0                  0                  0        7759.959392                  0         34.7526808        209.3975473
          1         64                  0                  0                  0                  0        7884.475666                  0         34.7526808        209.3975473
          1         65                  0                  0                  0                  0         8008.99194                  0         34.7526808        209.3975473
          1         66                  0                  0                  0                  0        8133.508213                  0         34.7526808        209.3975473
          1         67                  0                  0                  0                  0        8258.024487                  0         34.7526808        209.3975473
          1         68                  0                  0                  0                  0        8382.540761                  0         34.7526808        209.3975473
          1         69                  0                  0                  0                  0        8507.057034                  0         34.7526808        209.3975473
          1         70                  0                  0                  0                  0        8631.573308                  0         34.7526808        209.3975473
          1         71                  0                  0                  0                  0        8756.089581                  0         34.7526808        209.3975473
          1         72                  0                  0                  0                  0        8880.605855                  0         34.7526808        209.3975473
          1         73                  0                  0                  0                  0        9005.122129                  0         34.7526808        209.3975473
          1         74                  0                  0                  0                  0        9129.638402                  0         34.7526808        209.3975473
          1         75                  0                  0                  0                  0        9254.154676                  0         34.7526808        209.3975473
          1         76                  0                  0                  0                  0         9378.67095                  0         34.7526808        209.3975473
          1         77                  0                  0                  0                  0        9503.187223                  0         34.7526808        209.3975473
          1         78                  0                  0                  0                  0        9627.703497                  0         34.7526808        209.3975473
          1         79                  0                  0                  0                  0         9752.21977                  0         34.7526808        209.3975473
          1         80                  0                  0                  0                  0        9876.736044                  0         34.7526808        209.3975473
          1         81                  0                  0                  0                  0        10001.25232                  0         34.7526808        209.3975473
          1         82                  0                  0                  0                  0        10125.76859                  0         34.7526808        209.3975473
          1         83                  0                  0                  0                  0        10250.28486                  0         34.7526808        209.3975473
          1         84                  0                  0                  0                  0        10374.80114                  0         34.7526808        209.3975473
          1         85                  0                  0                  0                  0        10499.31741                  0         34.7526808        209.3975473
          1         86                  0                  0                  0                  0        10623.83369                  0         34.7526808        209.3975473
          1         87                  0                  0                  0                  0        10748.34996                  0         34.7526808        209.3975473
          1         88                  0                  0                  0                  0        10872.86623                  0         34.7526808        209.3975473
          1         89                  0                  0                  0                  0        10997.38251                  0         34.7526808        209.3975473
          1         90                  0                  0                  0                  0        11121.89878                  0         34.7526808        209.3975473
          1         91                  0                  0                  0                  0        11246.41505                  0         34.7526808        209.3975473
          1         92                  0                  0                  0                  0        11370.93133                  0         34.7526808        209.3975473
          1         93                  0                  0                  0                  0         11495.4476                  0         34.7526808        209.3975473
          1         94                  0                  0                  0                  0        11619.96387                  0         34.7526808        209.3975473
          1         95                  0                  0                  0                  0        11744.48015                  0         34.7526808        209.3975473
          1         96                  0                  0                  0                  0        11868.99642                  0         34.7526808        209.3975473
          1         97                  0                  0                  0                  0         11993.5127                  0         34.7526808        209.3975473
          1         98                  0                  0                  0                  0        12118.02897                  0         34.7526808        209.3975473
          1         99                  0                  0                  0                  0        12242.54524                  0         34.7526808        209.3975473
          1        100                  0                  0                  0                  0        12367.06152                  0         34.7526808        209.3975473
          1        101                  0                  0                  0                  0        12491.57779                  0         34.7526808        209.3975473
          1        102                  0                  0                  0                  0        12616.09406                  0         34.7526808        209.3975473
          1        103                  0                  0                  0                  0        12740.61034                  0         34.7526808        209.3975473
          1        104                  0                  0                  0                  0        12865.12661                  0         34.7526808        209.3975473
          1        105                  0                  0                  0                  0        12989.64288                  0         34.7526808        209.3975473
          1        106                  0                  0                  0                  0        13114.15916                  0         34.7526808        209.3975473
          1        107                  0                  0                  0                  0        13238.67543                  0         34.7526808        209.3975473
          1        108                  0                  0                  0                  0        13363.19171                  0         34.7526808        209.3975473
          1        109                  0                  0                  0                  0        13487.70798                  0         34.7526808        209.3975473
          1        110                  0                  0                  0                  0        13612.22425                  0         34.7526808        209.3975473
          1        111                  0                  0                  0                  0        13736.74053                  0         34.7526808        209.3975473
          1        112                  0                  0                  0                  0         13861.2568                  0         34.7526808        209.3975473
          1        113                  0                  0                  0                  0        13985.77307                  0         34.7526808        209.3975473
          1        114                  0                  0                  0                  0        14110.28935                  0         34.7526808        209.3975473
          1        115                  0                  0                  0                  0        14234.80562                  0         34.7526808        209.3975473
          1        116                  0                  0                  0                  0        14359.32189                  0         34.7526808        209.3975473
          1        117                  0                  0                  0                  0        14483.83817                  0         34.7526808        209.3975473
          1        118                  0                  0                  0                  0        14608.35444                  0         34.7526808        209.3975473
          1        119                  0                  0                  0                  0        14732.87072                  0         34.7526808        209.3975473
          1        120                  0                  0                  0                  0        14857.38699                  0         34.7526808        209.3975473
          1        121                  0                  0                  0                  0        14981.90326                  0         34.7526808        209.3975473
          1        122                  0                  0                  0                  0        15106.41954                  0         34.7526808        209.3975473
          1        123                  0                  0                  0                  0        15230.93581                  0         34.7526808        209.3975473
          1        124                  0                  0                  0                  0        15355.45208                  0         34.7526808        209.3975473
          1        125                  0                  0                  0                  0        15479.96836                  0         34.7526808        209.3975473
          1        126                  0                  0                  0                  0        15604.48463                  0         34.7526808        209.3975473
          1        127                  0                  0                  0                  0         15729.0009                  0         34.7526808        209.3975473
          1        128                  0                  0                  0                  0        15853.51718                  0         34.7526808        209.3975473
          1        129                  0                  0                  0                  0        15978.03345                  0         34.7526808        209.3975473
          1        130                  0                  0                  0                  0        16102.54973                  0         34.7526808        209.3975473
          1        131                  0                  0                  0                  0          16227.066                  0         34.7526808        209.3975473
          1        132                  0                  0                  0                  0        16351.58227                  0         34.7526808        209.3975473
          1        133                  0                  0                  0                  0        16476.09855                  0         34.7526808        209.3975473
          1        134                  0                  0                  0                  0        16600.61482                  0         34.7526808        209.3975473
          1        135                  0                  0                  0                  0        16725.13109                  0         34.7526808        209.3975473
          1        136                  0                  0                  0                  0        16849.64737                  0         34.7526808        209.3975473
          1        137                  0                  0                  0                  0        16974.16364                  0         34.7526808        209.3975473
          1        138                  0                  0                  0                  0        17098.67991                  0         34.7526808        209.3975473
          1        139                  0                  0                  0                  0        17223.19619                  0         34.7526808        209.3975473
          1        140                  0                  0                  0                  0        17347.71246                  0         34.7526808        209.3975473
          1        141                  0                  0                  0                  0        17472.22874                  0         34.7526808        209.3975473
          1        142                  0                  0                  0                  0        17596.74501                  0         34.7526808        209.3975473
          1        143                  0                  0                  0                  0        17721.26128                  0         34.7526808        209.3975473
          1        144                  0                  0                  0                  0        17845.77756                  0         34.7526808        209.3975473
          1        145                  0                  0                  0                  0        17970.29383                  0         34.7526808        209.3975473
          1        146                  0                  0                  0                  0         18094.8101                  0         34.7526808        209.3975473
          1        147                  0                  0                  0                  0        18219.32638                  0         34.7526808        209.3975473
          1        148                  0                  0                  0                  0        18343.84265                  0         34.7526808        209.3975473
          1        149                  0                  0                  0                  0        18468.35892                  0         34.7526808        209.3975473
          1        150                  0                  0                  0                  0         18592.8752                  0         34.7526808        209.3975473
          1        151                  0                  0                  0                  0        18717.39147                  0         34.7526808        209.3975473
          1        152                  0                  0                  0                  0        18841.90774                  0         34.7526808        209.3975473
          1        153                  0                  0                  0                  0        18966.42402                  0         34.7526808        209.3975473
          1        154                  0                  0                  0                  0        19090.94029                  0         34.7526808        209.3975473
          1        155                  0                  0                  0                  0        19215.45657                  0         34.7526808        209.3975473
          1        156                  0                  0                  0                  0        19339.97284                  0         34.7526808        209.3975473
          1        157                  0                  0                  0                  0        19464.48911                  0         34.7526808        209.3975473
          1        158                  0                  0                  0                  0        19589.00539                  0         34.7526808        209.3975473
          1        159                  0                  0                  0                  0        19713.52166                  0         34.7526808        209.3975473
          1        160                  0                  0                  0                  0        19838.03793                  0         34.7526808        209.3975473
          1        161                  0                  0                  0                  0        19962.55421                  0         34.7526808        209.3975473
          1        162                  0                  0                  0                  0        20087.07048                  0         34.7526808        209.3975473
          1        163                  0                  0                  0                  0        20211.58675                  0         34.7526808        209.3975473
          1        164                  0                  0                  0                  0        20336.10303                  0         34.7526808        209.3975473
          1        165                  0                  0                  0                  0         20460.6193                  0         34.7526808        209.3975473
          1        166                  0                  0                  0                  0        20585.13558                  0         34.7526808        209.3975473
          1        167                  0                  0                  0                  0        20709.65185                  0         34.7526808        209.3975473
          1        168                  0                  0                  0                  0        20834.16812                  0         34.7526808        209.3975473
          1        169                  0                  0                  0                  0         20958.6844                  0         34.7526808        209.3975473
          1        170                  0                  0                  0                  0        21083.20067                  0         34.7526808        209.3975473
          1        171                  0                  0                  0                  0        21207.71694                  0         34.7526808        209.3975473
          1        172                  0                  0                  0                  0        21332.23322                  0         34.7526808        209.3975473
          1        173                  0                  0                  0                  0        21456.74949                  0         34.7526808        209.3975473
          1        174                  0                  0                  0                  0        21581.26576                  0         34.7526808        209.3975473
          1        175                  0                  0                  0                  0        21705.78204                  0         34.7526808        209.3975473
          1        176                  0                  0                  0                  0        21830.29831                  0         34.7526808        209.3975473
          1        177                  0                  0                  0                  0        21954.81459                  0         34.7526808        209.3975473
          1        178                  0                  0                  0                  0        22079.33086                  0         34.7526808        209.3975473
          1        179                  0                  0                  0                  0        22203.84713                  0         34.7526808        209.3975473
          1        180                  0                  0                  0                  0        22328.36341                  0         34.7526808        209.3975473
          1        181                  0                  0                  0                  0        22452.87968                  0         34.7526808        209.3975473
          1        182                  0                  0                  0                  0        22577.39595                  0         34.7526808        209.3975473
          1        183                  0                  0                  0                  0        22701.91223                  0         34.7526808        209.3975473
          1        184                  0                  0                  0                  0         22826.4285                  0         34.7526808        209.3975473
          1        185                  0                  0                  0                  0        22950.94477                  0         34.7526808        209.3975473
          1        186                  0                  0                  0                  0        23075.46105                  0         34.7526808        209.3975473
          1        187                  0                  0                  0                  0        23199.97732                  0         34.7526808        209.3975473
          1        188                  0                  0                  0                  0         23324.4936                  0         34.7526808        209.3975473
          1        189                  0                  0                  0                  0        23449.00987                  0         34.7526808        209.3975473
          1        190                  0                  0                  0                  0        23573.52614                  0         34.7526808        209.3975473
          1        191                  0                  0                  0                  0        23698.04242                  0         34.7526808        209.3975473
          1        192                  0                  0                  0                  0        23822.55869                  0         34.7526808        209.3975473
          1        193                  0                  0                  0                  0        23947.07496                  0         34.7526808        209.3975473
          1        194                  0                  0                  0                  0        24071.59124                  0         34.7526808        209.3975473
          1        195                  0                  0                  0                  0        24196.10751                  0         34.7526808        209.3975473
          1        196                  0                  0                  0                  0        24320.62378                  0         34.7526808        209.3975473
          1        197                  0                  0                  0                  0        24445.14006                  0         34.7526808        209.3975473
          1        198                  0                  0                  0                  0        24569.65633                  0         34.7526808        209.3975473
          1        199                  0                  0                  0                  0        24694.17261                  0         34.7526808        209.3975473
          1        200                  0                  0                  0                  0        24818.68888                  0         34.7526808        209.3975473
          1        201                  0                  0                  0                  0        24943.20515                  0         34.7526808        209.3975473
          1        202                  0                  0                  0                  0        25067.72143                  0         34.7526808        209.3975473
          1        203                  0                  0                  0                  0         25192.2377                  0         34.7526808        209.3975473
          1        204                  0                  0                  0                  0        25316.75397                  0         34.7526808        209.3975473
          1        205                  0                  0                  0                  0        25441.27025                  0         34.7526808        209.3975473
          1        206                  0                  0                  0                  0        25565.78652                  0         34.7526808        209.3975473
          1        207                  0                  0                  0                  0        25690.30279                  0         34.7526808        209.3975473
          1        208                  0                  0                  0                  0        25814.81907                  0         34.7526808        209.3975473
          1        209                  0                  0                  0                  0        25939.33534                  0         34.7526808        209.3975473
          1        210                  0                  0                  0                  0        26063.85162                  0         34.7526808        209.3975473
          1        211                  0                  0                  0                  0        26188.36789                  0         34.7526808        209.3975473
          1        212                  0                  0                  0                  0        26312.88416                  0         34.7526808        209.3975473
          1        213                  0                  0                  0                  0        26437.40044                  0         34.7526808        209.3975473
          1        214                  0                  0                  0                  0        26561.91671                  0         34.7526808        209.3975473
          1        215                  0                  0                  0                  0        26686.43298                  0         34.7526808        209.3975473
          1        216                  0                  0                  0                  0        26810.94926                  0         34.7526808        209.3975473
          1        217                  0                  0                  0                  0        26935.46553                  0         34.7526808        209.3975473
          1        218                  0                  0                  0                  0         27059.9818                  0         34.7526808        209.3975473
          1        219                  0                  0                  0                  0        27184.49808                  0         34.7526808        209.3975473
          1        220                  0                  0                  0                  0        27309.01435                  0         34.7526808        209.3975473
          1        221                  0                  0                  0                  0        27433.53063                  0         34.7526808        209.3975473
          1        222                  0                  0                  0                  0         27558.0469                  0         34.7526808        209.3975473
          1        223                  0                  0                  0                  0        27682.56317                  0         34.7526808        209.3975473
          1        224                  0                  0                  0                  0        27807.07945                  0         34.7526808        209.3975473
          1        225                  0                  0                  0                  0        27931.59572                  0         34.7526808        209.3975473
          1        226                  0                  0                  0                  0        28056.11199                  0         34.7526808        209.3975473
          1        227                  0                  0                  0                  0        28180.62827                  0         34.7526808        209.3975473
          1        228                  0                  0                  0                  0        28305.14454                  0         34.7526808        209.3975473
          1        229                  0                  0                  0                  0        28429.66081                  0         34.7526808        209.3975473
          1        230                  0                  0                  0                  0        28554.17709                  0         34.7526808        209.3975473
          1        231                  0                  0                  0                  0        28678.69336                  0         34.7526808        209.3975473
          1        232                  0                  0                  0                  0        28803.20963                  0         34.7526808        209.3975473
          1        233                  0                  0                  0                  0        28927.72591                  0         34.7526808        209.3975473
          1        234                  0                  0                  0                  0        29052.24218                  0         34.7526808        209.3975473
          1        235                  0                  0                  0                  0        29176.75846                  0         34.7526808        209.3975473
          1        236                  0                  0                  0                  0        29301.27473                  0         34.7526808        209.3975473
          1        237                  0                  0                  0                  0          29425.791                  0         34.7526808        209.3975473
          1        238                  0                  0                  0                  0        29550.30728                  0         34.7526808        209.3975473
          1        239                  0                  0                  0                  0        29674.82355                  0         34.7526808        209.3975473
          1        240                  0                  0                  0                  0        29799.33982                  0         34.7526808        209.3975473
          1        241                  0                  0                  0                  0         29923.8561                  0         34.7526808        209.3975473
          1        242                  0                  0                  0                  0        30048.37237                  0         34.7526808        209.3975473
          1        243                  0                  0                  0                  0        30172.88864                  0         34.7526808        209.3975473
          1        244                  0                  0                  0                  0        30297.40492                  0         34.7526808        209.3975473
          1        245                  0                  0                  0                  0        30421.92119                  0         34.7526808        209.3975473
          1        246                  0                  0                  0                  0        30546.43747                  0         34.7526808        209.3975473
          1        247                  0                  0                  0                  0        30670.95374                  0         34.7526808        209.3975473
          1        248                  0                  0                  0                  0        30795.47001                  0         34.7526808        209.3975473
          1        249                  0                  0                  0                  0        30919.98629                  0         34.7526808        209.3975473
          1        250                  0                  0                  0                  0        31044.50256                  0         34.7526808        209.3975473
          1        251                  0                  0                  0                  0        31169.01883                  0         34.7526808        209.3975473
          1        252                  0                  0                  0                  0        31293.53511                  0         34.7526808        209.3975473
          1        253                  0                  0                  0                  0        31418.05138                  0         34.7526808        209.3975473
          1        254                  0                  0                  0                  0        31542.56765                  0         34.7526808        209.3975473
          1        255                  0                  0                  0                  0        31667.08393                  0         34.7526808        209.3975473
          1        256                  0                  0                  0                  0         31791.6002                  0         34.7526808        209.3975473
          1        257                  0                  0                  0                  0        31916.11648                  0         34.7526808        209.3975473
          1        258                  0                  0                  0                  0        32040.63275                  0         34.7526808        209.3975473
          1        259                  0                  0                  0                  0        32165.14902                  0         34.7526808        209.3975473
          1        260                  0                  0                  0                  0         32289.6653                  0         34.7526808        209.3975473
          1        261                  0                  0                  0                  0        32414.18157                  0         34.7526808        209.3975473
          1        262                  0                  0                  0                  0        32538.69784                  0         34.7526808        209.3975473
          1        263                  0                  0                  0                  0        32663.21412                  0         34.7526808        209.3975473
          1        264                  0                  0                  0                  0        32787.73039                  0         34.7526808        209.3975473
          1        265                  0                  0                  0                  0        32912.24666                  0         34.7526808        209.3975473
          1        266                  0                  0                  0                  0        33036.76294                  0         34.7526808        209.3975473
          1        267                  0                  0                  0                  0        33161.27921                  0         34.7526808        209.3975473
          1        268                  0                  0                  0                  0        33285.79549                  0         34.7526808        209.3975473
          1        269                  0                  0                  0                  0        33410.31176                  0         34.7526808        209.3975473
          1        270                  0                  0                  0                  0        33534.82803                  0         34.7526808        209.3975473
          1        271                  0                  0                  0                  0        33659.34431                  0         34.7526808        209.3975473
          1        272                  0                  0                  0                  0        33783.86058                  0         34.7526808        209.3975473
          1        273                  0                  0                  0                  0        33908.37685                  0         34.7526808        209.3975473
          1        274                  0                  0                  0                  0        34032.89313                  0         34.7526808        209.3975473
          1        275                  0                  0                  0                  0         34157.4094                  0         34.7526808        209.3975473
          1        276                  0                  0                  0                  0        34281.92567                  0         34.7526808        209.3975473
          1        277                  0                  0                  0                  0        34406.44195                  0         34.7526808        209.3975473
          1        278                  0                  0                  0                  0        34530.95822                  0         34.7526808        209.3975473
          1        279                  0                  0                  0                  0         34655.4745                  0         34.7526808        209.3975473
          1        280                  0                  0                  0                  0        34779.99077                  0         34.7526808        209.3975473
          1        281                  0                  0                  0                  0        34904.50704                  0         34.7526808        209.3975473
          1        282                  0                  0                  0                  0        35029.02332                  0         34.7526808        209.3975473
          1        283                  0                  0                  0                  0        35153.53959                  0         34.7526808        209.3975473
          1        284                  0                  0                  0                  0        35278.05586                  0         34.7526808        209.3975473
          1        285                  0                  0                  0                  0        35402.57214                  0         34.7526808        209.3975473
          1        286                  0                  0                  0                  0        35527.08841                  0         34.7526808        209.3975473
          1        287                  0                  0                  0                  0        35651.60468                  0         34.7526808        209.3975473
          1        288                  0                  0                  0                  0        35776.12096                  0         34.7526808        209.3975473
          1        289                  0                  0                  0                  0        35900.63723                  0         34.7526808        209.3975473
          1        290                  0                  0                  0                  0        36025.15351                  0         34.7526808        209.3975473
          1        291                  0                  0                  0                  0        36149.66978                  0         34.7526808        209.3975473
          1        292                  0                  0                  0                  0        36274.18605                  0         34.7526808        209.3975473
          1        293                  0                  0                  0                  0        36398.70233                  0         34.7526808        209.3975473
          1        294                  0                  0                  0                  0         36523.2186                  0         34.7526808        209.3975473
          1        295                  0                  0                  0                  0        36647.73487                  0         34.7526808        209.3975473
          1        296                  0                  0                  0                  0        36772.25115                  0         34.7526808        209.3975473
          1        297                  0                  0                  0                  0        36896.76742                  0         34.7526808        209.3975473
          1        298                  0                  0                  0                  0        37021.28369                  0         34.7526808        209.3975473
          1        299                  0                  0                  0                  0        37145.79997                  0         34.7526808        209.3975473
          1        300                  0                  0                  0                  0        37270.31624                  0         34.7526808        209.3975473
          1        301                  0                  0                  0                  0        37394.83251                  0         34.7526808        209.3975473
          1        302                  0                  0                  0                  0        37519.34879                  0         34.7526808        209.3975473
          1        303                  0                  0                  0                  0        37643.86506                  0         34.7526808        209.3975473
          1        304                  0                  0                  0                  0        37768.38134                  0         34.7526808        209.3975473
          1        305                  0                  0                  0                  0        37892.89761                  0         34.7526808        209.3975473
          1        306                  0                  0                  0                  0        38017.41388                  0         34.7526808        209.3975473
          1        307                  0                  0                  0                  0        38141.93016                  0         34.7526808        209.3975473
          1        308                  0                  0                  0                  0        38266.44643                  0         34.7526808        209.3975473
          1        309                  0                  0                  0                  0         38390.9627                  0         34.7526808        209.3975473
          1        310                  0                  0                  0                  0        38515.47898                  0         34.7526808        209.3975473
          1        311                  0                  0                  0                  0        38639.99525                  0         34.7526808        209.3975473
          1        312                  0                  0                  0                  0        38764.51152                  0         34.7526808        209.3975473
          1        313                  0                  0                  0                  0         38889.0278                  0         34.7526808        209.3975473
          1        314                  0                  0                  0                  0        39013.54407                  0         34.7526808        209.3975473
          1        315                  0                  0                  0                  0        39138.06035                  0         34.7526808        209.3975473
          1        316                  0                  0                  0                  0        39262.57662                  0         34.7526808        209.3975473
          1        317                  0                  0                  0                  0        39387.09289                  0         34.7526808        209.3975473
          1        318                  0                  0                  0                  0        39511.60917                  0         34.7526808        209.3975473
          1        319                  0                  0                  0                  0        39636.12544                  0         34.7526808        209.3975473
          1        320                  0                  0                  0                  0        39760.64171                  0         34.7526808        209.3975473
          1        321                  0                  0                  0                  0        39885.15799                  0         34.7526808        209.3975473
          1        322                  0                  0                  0                  0        40009.67426                  0         34.7526808        209.3975473
          1        323                  0                  0                  0                  0        40134.19053                  0         34.7526808        209.3975473
          1        324                  0                  0                  0                  0        40258.70681                  0         34.7526808        209.3975473
          1        325                  0                  0                  0                  0        40383.22308                  0         34.7526808        209.3975473
          1        326                  0                  0                  0                  0        40507.73936                  0         34.7526808        209.3975473
          1        327                  0                  0                  0                  0        40632.25563                  0         34.7526808        209.3975473
          1        328                  0                  0                  0                  0         40756.7719                  0         34.7526808        209.3975473
          1        329                  0                  0                  0                  0        40881.28818                  0         34.7526808        209.3975473
          1        330                  0                  0                  0                  0        41005.80445                  0         34.7526808        209.3975473
          1        331                  0                  0                  0                  0        41130.32072                  0         34.7526808        209.3975473
          1        332                  0                  0                  0                  0          41254.837                  0         34.7526808        209.3975473
          1        333                  0                  0                  0                  0        41379.35327                  0         34.7526808        209.3975473
          1        334                  0                  0                  0                  0        41503.86954                  0         34.7526808        209.3975473
          1        335                  0                  0                  0                  0        41628.38582                  0         34.7526808        209.3975473
          1        336                  0                  0                  0                  0        41752.90209                  0         34.7526808        209.3975473
          1        337                  0                  0                  0                  0        41877.41837                  0         34.7526808        209.3975473
          1        338                  0                  0                  0                  0        42001.93464                  0         34.7526808        209.3975473
          1        339                  0                  0                  0                  0        42126.45091                  0         34.7526808        209.3975473
          1        340                  0                  0                  0                  0        42250.96719                  0         34.7526808        209.3975473
          1        341                  0                  0                  0                  0        42375.48346                  0         34.7526808        209.3975473
          1        342                  0                  0                  0                  0        42499.99973                  0         34.7526808        209.3975473
          1        343                  0                  0                  0                  0        42624.51601                  0         34.7526808        209.3975473
          1        344                  0                  0                  0                  0        42749.03228                  0         34.7526808        209.3975473
          1        345                  0                  0                  0                  0        42873.54855                  0         34.7526808        209.3975473
          1        346                  0                  0                  0                  0        42998.06483                  0         34.7526808        209.3975473
          1        347                  0                  0                  0                  0         43122.5811                  0         34.7526808        209.3975473
          1        348                  0                  0                  0                  0        43247.09738                  0         34.7526808        209.3975473
          1        349                  0                  0                  0                  0        43371.61365                  0         34.7526808        209.3975473
          1        350                  0                  0                  0                  0        43496.12992                  0         34.7526808        209.3975473
          1        351                  0                  0                  0                  0         43620.6462                  0         34.7526808        209.3975473
          1        352                  0                  0                  0                  0        43745.16247                  0         34.7526808        209.3975473
          1        353                  0                  0                  0                  0        43869.67874                  0         34.7526808        209.3975473
          1        354                  0                  0                  0                  0        43994.19502                  0         34.7526808        209.3975473
          1        355                  0                  0                  0                  0        44118.71129                  0         34.7526808        209.3975473
          1        356                  0                  0                  0                  0        44243.22756                  0         34.7526808        209.3975473
          1        357                  0                  0                  0                  0        44367.74384                  0         34.7526808        209.3975473
          1        358                  0                  0                  0                  0        44492.26011                  0         34.7526808        209.3975473
          1        359                  0                  0                  0                  0        44616.77639                  0         34.7526808        209.3975473
          1        360                  0                  0                  0                  0        44741.29266                  0         34.7526808        209.3975473
          1        361                  0                  0                  0                  0        44865.80893                  0         34.7526808        209.3975473
          1        362                  0                  0                  0                  0        44990.32521                  0         34.7526808        209.3975473
          1        363                  0                  0                  0                  0        45114.84148                  0         34.7526808        209.3975473
          1        364                  0                  0                  0                  0        45239.35775                  0         34.7526808        209.3975473
          1        365                  0                  0                  0                  0        45363.87403                  0         34.7526808        209.3975473
          1        366                  0                  0                  0                  0         45488.3903                  0         34.7526808        209.3975473
          1        367                  0                  0                  0                  0        45612.90657                  0         34.7526808        209.3975473
          1        368                  0                  0                  0                  0        45737.42285                  0         34.7526808        209.3975473
          1        369                  0                  0                  0                  0        45861.93912                  0         34.7526808        209.3975473
          1        370                  0                  0                  0                  0         45986.4554                  0         34.7526808        209.3975473
          1        371                  0                  0                  0                  0        46110.97167                  0         34.7526808        209.3975473
          1        372                  0                  0                  0                  0        46235.48794                  0         34.7526808        209.3975473
          1        373                  0                  0                  0                  0        46360.00422                  0         34.7526808        209.3975473
          1        374                  0                  0                  0                  0        46484.52049                  0         34.7526808        209.3975473
          1        375                  0                  0                  0                  0        46609.03676                  0         34.7526808        209.3975473
          1        376                  0                  0                  0                  0        46733.55304                  0         34.7526808        209.3975473
          1        377                  0                  0                  0                  0        46858.06931                  0         34.7526808        209.3975473
          1        378                  0                  0                  0                  0        46982.58558                  0         34.7526808        209.3975473
          1        379                  0                  0                  0                  0        47107.10186                  0         34.7526808        209.3975473
          1        380                  0                  0                  0                  0        47231.61813                  0         34.7526808        209.3975473
          1        381                  0                  0                  0                  0         47356.1344                  0         34.7526808        209.3975473
          1        382                  0                  0                  0                  0        47480.65068                  0         34.7526808        209.3975473
          1        383                  0                  0                  0                  0        47605.16695                  0         34.7526808        209.3975473
          1        384                  0                  0                  0                  0        47729.68323                  0         34.7526808        209.3975473
          1        385                  0                  0                  0                  0         47854.1995                  0         34.7526808        209.3975473
          1        386                  0                  0                  0                  0        47978.71577                  0         34.7526808        209.3975473
          1        387                  0                  0                  0                  0        48103.23205                  0         34.7526808        209.3975473
          1        388                  0                  0                  0                  0        48227.74832                  0         34.7526808        209.3975473
          1        389                  0                  0                  0                  0        48352.26459                  0         34.7526808        209.3975473
          1        390                  0                  0                  0                  0        48476.78087                  0         34.7526808        209.3975473
          1        391                  0                  0                  0                  0        48601.29714                  0         34.7526808        209.3975473
          1        392                  0                  0                  0                  0        48725.81341                  0         34.7526808        209.3975473
          1        393                  0                  0                  0                  0        48850.32969                  0         34.7526808        209.3975473
          1        394                  0                  0                  0                  0        48974.84596                  0         34.7526808        209.3975473
          1        395                  0                  0                  0                  0        49099.36224                  0         34.7526808        209.3975473
          1        396                  0                  0                  0                  0        49223.87851                  0         34.7526808        209.3975473
          1        397                  0                  0                  0                  0        49348.39478                  0         34.7526808        209.3975473
          1        398                  0                  0                  0                  0        49472.91106                  0         34.7526808        209.3975473
          1        399                  0                  0                  0                  0        49597.42733                  0         34.7526808        209.3975473
          1        400                  0                  0                  0                  0         49721.9436                  0         34.7526808        209.3975473
          1        401                  0                  0                  0                  0        49846.45988                  0         34.7526808        209.3975473
          1        402                  0                  0                  0                  0        49970.97615                  0         34.7526808        209.3975473
          1        403                  0                  0                  0                  0        50095.49242                  0         34.7526808        209.3975473
          1        404                  0                  0                  0                  0         50220.0087                  0         34.7526808        209.3975473
          1        405                  0                  0                  0                  0        50344.52497                  0         34.7526808        209.3975473
          1        406                  0                  0                  0                  0        50469.04125                  0         34.7526808        209.3975473
          1        407                  0                  0                  0                  0        50593.55752                  0         34.7526808        209.3975473
          1        408                  0                  0                  0                  0        50718.07379                  0         34.7526808        209.3975473
          1        409                  0                  0                  0                  0        50842.59007                  0         34.7526808        209.3975473
          1        410                  0                  0                  0                  0        50967.10634                  0         34.7526808        209.3975473
          1        411                  0                  0                  0                  0        51091.62261                  0         34.7526808        209.3975473
          1        412                  0                  0                  0                  0        51216.13889                  0         34.7526808        209.3975473
          1        413                  0                  0                  0                  0        51340.65516                  0         34.7526808        209.3975473
          1        414                  0                  0                  0                  0        51465.17143                  0         34.7526808        209.3975473
          1        415                  0                  0                  0                  0        51589.68771                  0         34.7526808        209.3975473
          1        416                  0                  0                  0                  0        51714.20398                  0         34.7526808        209.3975473
          1        417                  0                  0                  0                  0        51838.72026                  0         34.7526808        209.3975473
          1        418                  0                  0                  0                  0        51963.23653                  0         34.7526808        209.3975473
          1        419                  0                  0                  0                  0         52087.7528                  0         34.7526808        209.3975473
          1        420                  0                  0                  0                  0        52212.26908                  0         34.7526808        209.3975473
          1        421                  0                  0                  0                  0        52336.78535                  0         34.7526808        209.3975473
          1        422                  0                  0                  0                  0        52461.30162                  0         34.7526808        209.3975473
          1        423                  0                  0                  0                  0         52585.8179                  0         34.7526808        209.3975473
          1        424                  0                  0                  0                  0        52710.33417                  0         34.7526808        209.3975473
          1        425                  0                  0                  0                  0        52834.85044                  0         34.7526808        209.3975473
          1        426                  0                  0                  0                  0        52959.36672                  0         34.7526808        209.3975473
          1        427                  0                  0                  0                  0        53083.88299                  0         34.7526808        209.3975473
          1        428                  0                  0                  0                  0        53208.39927                  0         34.7526808        209.3975473
          1        429                  0                  0                  0                  0        53332.91554                  0         34.7526808        209.3975473
          1        430                  0                  0                  0                  0        53457.43181                  0         34.7526808        209.3975473
          1        431                  0                  0                  0                  0        53581.94809                  0         34.7526808        209.3975473
          1        432                  0                  0                  0                  0        53706.46436                  0         34.7526808        209.3975473
          1        433                  0                  0                  0                  0        53830.98063                  0         34.7526808        209.3975473
          1        434                  0                  0                  0                  0        53955.49691                  0         34.7526808        209.3975473
          1        435                  0                  0                  0                  0        54080.01318                  0         34.7526808        209.3975473
          1        436                  0                  0                  0                  0        54204.52945                  0         34.7526808        209.3975473
          1        437                  0                  0                  0                  0        54329.04573                  0         34.7526808        209.3975473
          1        438                  0                  0                  0                  0          54453.562                  0         34.7526808        209.3975473
          1        439                  0                  0                  0                  0        54578.07828                  0         34.7526808        209.3975473
          1        440                  0                  0                  0                  0        54702.59455                  0         34.7526808        209.3975473
          1        441                  0                  0                  0                  0        54827.11082                  0         34.7526808        209.3975473
          1        442                  0                  0                  0                  0         54951.6271                  0         34.7526808        209.3975473
          1        443                  0                  0                  0                  0        55076.14337                  0         34.7526808        209.3975473
          1        444                  0                  0                  0                  0        55200.65964                  0         34.7526808        209.3975473
          1        445                  0                  0                  0                  0        55325.17592                  0         34.7526808        209.3975473
          1        446                  0                  0                  0                  0        55449.69219                  0         34.7526808        209.3975473
          1        447                  0                  0                  0                  0        55574.20846                  0         34.7526808        209.3975473
          1        448                  0                  0                  0                  0        55698.72474                  0         34.7526808        209.3975473
          1        449                  0                  0                  0                  0        55823.24101                  0         34.7526808        209.3975473
          1        450                  0                  0                  0                  0        55947.75728                  0         34.7526808        209.3975473
          1        451                  0                  0                  0                  0        56072.27356                  0         34.7526808        209.3975473
          1        452                  0                  0                  0                  0        56196.78983                  0         34.7526808        209.3975473
          1        453                  0                  0                  0                  0        56321.30611                  0         34.7526808        209.3975473
          1        454                  0                  0                  0                  0        56445.82238                  0         34.7526808        209.3975473
          1        455                  0                  0                  0                  0        56570.33865                  0         34.7526808        209.3975473
          1        456                  0                  0                  0                  0        56694.85493                  0         34.7526808        209.3975473
          1        457                  0                  0                  0                  0         56819.3712                  0         34.7526808        209.3975473
          1        458                  0                  0                  0                  0        56943.88747                  0         34.7526808        209.3975473
          1        459                  0                  0                  0                  0        57068.40375                  0         34.7526808        209.3975473
          1        460                  0                  0                  0                  0        57192.92002                  0         34.7526808        209.3975473
          1        461                  0                  0                  0                  0        57317.43629                  0         34.7526808        209.3975473
          1        462                  0                  0                  0                  0        57441.95257                  0         34.7526808        209.3975473
          1        463                  0                  0                  0                  0        57566.46884                  0         34.7526808        209.3975473
          1        464                  0                  0                  0                  0        57690.98512                  0         34.7526808        209.3975473
          1        465                  0                  0                  0                  0        57815.50139                  0         34.7526808        209.3975473
          1        466                  0                  0                  0                  0        57940.01766                  0         34.7526808        209.3975473
          1        467                  0                  0                  0                  0        58064.53394                  0         34.7526808        209.3975473
          1        468                  0                  0                  0                  0        58189.05021                  0         34.7526808        209.3975473
          1        469                  0                  0                  0                  0        58313.56648                  0         34.7526808        209.3975473
          1        470                  0                  0                  0                  0        58438.08276                  0         34.7526808        209.3975473
          1        471                  0                  0                  0                  0        58562.59903                  0         34.7526808        209.3975473
          1        472                  0                  0                  0                  0         58687.1153                  0         34.7526808        209.3975473
          1        473                  0                  0                  0                  0        58811.63158                  0         34.7526808        209.3975473
          1        474                  0                  0                  0                  0        58936.14785                  0         34.7526808        209.3975473
          1        475                  0                  0                  0                  0        59060.66413                  0         34.7526808        209.3975473
          1        476                  0                  0                  0                  0         59185.1804                  0         34.7526808        209.3975473
          1        477                  0                  0                  0                  0        59309.69667                  0         34.7526808        209.3975473
          1        478                  0                  0                  0                  0        59434.21295                  0         34.7526808        209.3975473
          1        479                  0                  0                  0                  0        59558.72922                  0         34.7526808        209.3975473
          1        480                  0                  0                  0                  0        59683.24549                  0         34.7526808        209.3975473
          1        481                  0                  0                  0                  0        59807.76177                  0         34.7526808        209.3975473
          1        482                  0                  0                  0                  0        59932.27804                  0         34.7526808        209.3975473
          1        483                  0                  0                  0                  0        60056.79431                  0         34.7526808        209.3975473
          1        484                  0                  0                  0                  0        60181.31059                  0         34.7526808        209.3975473
          1        485                  0                  0                  0                  0        60305.82686                  0         34.7526808        209.3975473
          1        486                  0                  0                  0                  0        60430.34314                  0         34.7526808        209.3975473
          1        487                  0                  0                  0                  0        60554.85941                  0         34.7526808        209.3975473
          1        488                  0                  0                  0                  0        60679.37568                  0         34.7526808        209.3975473
          1        489                  0                  0                  0                  0        60803.89196                  0         34.7526808        209.3975473
          1        490                  0                  0                  0                  0        60928.40823                  0         34.7526808        209.3975473
          1        491                  0                  0                  0                  0         61052.9245                  0         34.7526808        209.3975473
          1        492                  0                  0                  0                  0        61177.44078                  0         34.7526808        209.3975473
          1        493                  0                  0                  0                  0        61301.95705                  0         34.7526808        209.3975473
          1        494                  0                  0                  0                  0        61426.47332                  0         34.7526808        209.3975473
          1        495                  0                  0                  0                  0         61550.9896                  0         34.7526808        209.3975473
          1        496                  0                  0                  0                  0        61675.50587                  0         34.7526808        209.3975473
          1        497                  0                  0                  0                  0        61800.02215                  0         34.7526808        209.3975473
          1        498                  0                  0                  0                  0        61924.53842                  0         34.7526808        209.3975473
          1        499                  0                  0                  0                  0        62049.05469                  0         34.7526808        209.3975473
          1        500                  0                  0                  0                  0        62173.57097                  0         34.7526808        209.3975473
          1        501                  0                  0                  0                  0        62298.08724                  0         34.7526808        209.3975473
          1        502                  0                  0                  0                  0        62422.60351                  0         34.7526808        209.3975473
          1        503                  0                  0                  0                  0        62547.11979                  0         34.7526808        209.3975473
          1        504                  0                  0                  0                  0        62671.63606                  0         34.7526808        209.3975473
          1        505                  0                  0                  0                  0        62796.15233                  0         34.7526808        209.3975473
          1        506                  0                  0                  0                  0        62920.66861                  0         34.7526808        209.3975473
          1        507                  0                  0                  0                  0        63045.18488                  0         34.7526808        209.3975473
          1        508                  0                  0                  0                  0        63169.70116                  0         34.7526808        209.3975473
          1        509                  0                  0                  0                  0        63294.21743                  0         34.7526808        209.3975473
          1        510                  0                  0                  0                  0         63418.7337                  0         34.7526808        209.3975473
          1        511                  0                  0                  0                  0        63543.24998                  0         34.7526808        209.3975473
          1        512                  0                  0                  0                  0        63667.76625                  0         34.7526808        209.3975473
          1        513                  0                  0                  0                  0        63792.28252                  0         34.7526808        209.3975473
          1        514                  0                  0                  0                  0         63916.7988                  0         34.7526808        209.3975473
          1        515                  0                  0                  0                  0        64041.31507                  0         34.7526808        209.3975473
          1        516                  0                  0                  0                  0        64165.83134                  0         34.7526808        209.3975473
          1        517                  0                  0                  0                  0        64290.34762                  0         34.7526808        209.3975473
          1        518                  0                  0                  0                  0        64414.86389                  0         34.7526808        209.3975473
          1        519                  0                  0                  0                  0        64539.38016                  0         34.7526808        209.3975473
          1        520                  0                  0                  0                  0        64663.89644                  0         34.7526808        209.3975473
          1        521                  0                  0                  0                  0        64788.41271                  0         34.7526808        209.3975473
          1        522                  0                  0                  0                  0        64912.92899                  0         34.7526808        209.3975473
          1        523                  0                  0                  0                  0        65037.44526                  0         34.7526808        209.3975473
          1        524                  0                  0                  0                  0        65161.96153                  0         34.7526808        209.3975473
          1        525                  0                  0                  0                  0        65286.47781                  0         34.7526808        209.3975473
          1        526                  0                  0                  0                  0        65410.99408                  0         34.7526808        209.3975473
          1        527                  0                  0                  0                  0        65535.51035                  0         34.7526808        209.3975473
          1        528                  0                  0                  0                  0        65660.02663                  0         34.7526808        209.3975473
          1        529                  0                  0                  0                  0         65784.5429                  0         34.7526808        209.3975473
          1        530                  0                  0                  0                  0        65909.05917                  0         34.7526808        209.3975473
          1        531                  0                  0                  0                  0        66033.57545                  0         34.7526808        209.3975473
          1        532                  0                  0                  0                  0        66158.09172                  0         34.7526808        209.3975473
          1        533                  0                  0                  0                  0          66282.608                  0         34.7526808        209.3975473
          1        534                  0                  0                  0                  0        66407.12427                  0         34.7526808        209.3975473
          1        535                  0                  0                  0                  0        66531.64054                  0         34.7526808        209.3975473
          1        536                  0                  0                  0                  0        66656.15682                  0         34.7526808        209.3975473
          1        537                  0                  0                  0                  0        66780.67309                  0         34.7526808        209.3975473
          1        538                  0                  0                  0                  0        66905.18936                  0         34.7526808        209.3975473
          1        539                  0                  0                  0                  0        67029.70564                  0         34.7526808        209.3975473
          1        540                  0                  0                  0                  0        67154.22191                  0         34.7526808        209.3975473
          1        541                  0                  0                  0                  0        67278.73818                  0         34.7526808        209.3975473
          1        542                  0                  0                  0                  0        67403.25446                  0         34.7526808        209.3975473
          1        543                  0                  0                  0                  0        67527.77073                  0         34.7526808        209.3975473
          1        544                  0                  0                  0                  0        67652.28701                  0         34.7526808        209.3975473
          1        545                  0                  0                  0                  0        67776.80328                  0         34.7526808        209.3975473
          1        546                  0                  0                  0                  0        67901.31955                  0         34.7526808        209.3975473
          1        547                  0                  0                  0                  0        68025.83583                  0         34.7526808        209.3975473
          1        548                  0                  0                  0                  0         68150.3521                  0         34.7526808        209.3975473
          1        549                  0                  0                  0                  0        68274.86837                  0         34.7526808        209.3975473
          1        550                  0                  0                  0                  0        68399.38465                  0         34.7526808        209.3975473
          1        551                  0                  0                  0                  0        68523.90092                  0         34.7526808        209.3975473
          1        552                  0                  0                  0                  0        68648.41719                  0         34.7526808        209.3975473
          1        553                  0                  0                  0                  0        68772.93347                  0         34.7526808        209.3975473
          1        554                  0                  0                  0                  0        68897.44974                  0         34.7526808        209.3975473
          1        555                  0                  0                  0                  0        69021.96602                  0         34.7526808        209.3975473
          1        556                  0                  0                  0                  0        69146.48229                  0         34.7526808        209.3975473
          1        557                  0                  0                  0                  0        69270.99856                  0         34.7526808        209.3975473
          1        558                  0                  0                  0                  0        69395.51484                  0         34.7526808        209.3975473
          1        559                  0                  0                  0                  0        69520.03111                  0         34.7526808        209.3975473
          1        560                  0                  0                  0                  0        69644.54738                  0         34.7526808        209.3975473
          1        561                  0                  0                  0                  0        69769.06366                  0         34.7526808        209.3975473
          1        562                  0                  0                  0                  0        69893.57993                  0         34.7526808        209.3975473
          1        563                  0                  0                  0                  0         70018.0962                  0         34.7526808        209.3975473
          1        564                  0                  0                  0                  0        70142.61248                  0         34.7526808        209.3975473
          1        565                  0                  0                  0                  0        70267.12875                  0         34.7526808        209.3975473
          1        566                  0                  0                  0                  0        70391.64503                  0         34.7526808        209.3975473
          1        567                  0                  0                  0                  0         70516.1613                  0         34.7526808        209.3975473
          1        568                  0                  0                  0                  0        70640.67757                  0         34.7526808        209.3975473
          1        569                  0                  0                  0                  0        70765.19385                  0         34.7526808        209.3975473
          1        570                  0                  0                  0                  0        70889.71012                  0         34.7526808        209.3975473
          1        571                  0                  0                  0                  0        71014.22639                  0         34.7526808        209.3975473
          1        572                  0                  0                  0                  0        71138.74267                  0         34.7526808        209.3975473
          1        573                  0                  0                  0                  0        71263.25894                  0         34.7526808        209.3975473
          1        574                  0                  0                  0                  0        71387.77521                  0         34.7526808        209.3975473
          1        575                  0                  0                  0                  0        71512.29149                  0         34.7526808        209.3975473
          1        576                  0                  0                  0                  0        71636.80776                  0         34.7526808        209.3975473
          1        577                  0                  0                  0                  0        71761.32404                  0         34.7526808        209.3975473
          1        578                  0                  0                  0                  0        71885.84031                  0         34.7526808        209.3975473
          1        579                  0                  0                  0                  0        72010.35658                  0         34.7526808        209.3975473
          1        580                  0                  0                  0                  0        72134.87286                  0         34.7526808        209.3975473
          1        581                  0                  0                  0                  0        72259.38913                  0         34.7526808        209.3975473
          1        582                  0                  0                  0                  0         72383.9054                  0         34.7526808        209.3975473
          1        583                  0                  0                  0                  0        72508.42168                  0         34.7526808        209.3975473
          1        584                  0                  0                  0                  0        72632.93795                  0         34.7526808        209.3975473
          1        585                  0                  0                  0                  0        72757.45422                  0         34.7526808        209.3975473
          1        586                  0                  0                  0                  0         72881.9705                  0         34.7526808        209.3975473
          1        587                  0                  0                  0                  0        73006.48677                  0         34.7526808        209.3975473
          1        588                  0                  0                  0                  0        73131.00305                  0         34.7526808        209.3975473
          1        589                  0                  0                  0                  0        73255.51932                  0         34.7526808        209.3975473
          1        590                  0                  0                  0                  0        73380.03559                  0         34.7526808        209.3975473
          1        591                  0                  0                  0                  0        73504.55187                  0         34.7526808        209.3975473
          1        592                  0                  0                  0                  0        73629.06814                  0         34.7526808        209.3975473
          1        593                  0                  0                  0                  0        73753.58441                  0         34.7526808        209.3975473
          1        594                  0                  0                  0                  0        73878.10069                  0         34.7526808        209.3975473
          1        595                  0                  0                  0                  0        74002.61696                  0         34.7526808        209.3975473
          1        596                  0                  0                  0                  0        74127.13323                  0         34.7526808        209.3975473
          1        597                  0                  0                  0                  0        74251.64951                  0         34.7526808        209.3975473
          1        598                  0                  0                  0                  0        74376.16578                  0         34.7526808        209.3975473
          1        599                  0                  0                  0                  0        74500.68205                  0         34.7526808        209.3975473
          1        600                  0                  0                  0                  0        74625.19833                  0         34.7526808        209.3975473
          1        601                  0                  0                  0                  0         74749.7146                  0         34.7526808        209.3975473
          1        602                  0                  0                  0                  0        74874.23088                  0         34.7526808        209.3975473
          1        603                  0                  0                  0                  0        74998.74715                  0         34.7526808        209.3975473
          1        604                  0                  0                  0                  0        75123.26342                  0         34.7526808        209.3975473
          1        605                  0                  0                  0                  0         75247.7797                  0         34.7526808        209.3975473
          1        606                  0                  0                  0                  0        75372.29597                  0         34.7526808        209.3975473
          1        607                  0                  0                  0                  0        75496.81224                  0         34.7526808        209.3975473
          1        608                  0                  0                  0                  0        75621.32852                  0         34.7526808        209.3975473
          1        609                  0                  0                  0                  0        75745.84479                  0         34.7526808        209.3975473
          1        610                  0                  0                  0                  0        75870.36106                  0         34.7526808        209.3975473
          1        611                  0                  0                  0                  0        75994.87734                  0         34.7526808        209.3975473
          1        612                  0                  0                  0                  0        76119.39361                  0         34.7526808        209.3975473
          1        613                  0                  0                  0                  0        76243.90989                  0         34.7526808        209.3975473
          1        614                  0                  0                  0                  0        76368.42616                  0         34.7526808        209.3975473
          1        615                  0                  0                  0                  0        76492.94243                  0         34.7526808        209.3975473
          1        616                  0                  0                  0                  0        76617.45871                  0         34.7526808        209.3975473
          1        617                  0                  0                  0                  0        76741.97498                  0         34.7526808        209.3975473
          1        618                  0                  0                  0                  0        76866.49125                  0         34.7526808        209.3975473
          1        619                  0                  0                  0                  0        76991.00753                  0         34.7526808        209.3975473
          1        620                  0                  0                  0                  0         77115.5238                  0         34.7526808        209.3975473
          1        621                  0                  0                  0                  0        77240.04007                  0         34.7526808        209.3975473
          1        622                  0                  0                  0                  0        77364.55635                  0         34.7526808        209.3975473
          1        623                  0                  0                  0                  0        77489.07262                  0         34.7526808        209.3975473
          1        624                  0                  0                  0                  0         77613.5889                  0         34.7526808        209.3975473
          1        625                  0                  0                  0                  0        77738.10517                  0         34.7526808        209.3975473
          1        626                  0                  0                  0                  0        77862.62144                  0         34.7526808        209.3975473
          1        627                  0                  0                  0                  0        77987.13772                  0         34.7526808        209.3975473
          1        628                  0                  0                  0                  0        78111.65399                  0         34.7526808        209.3975473
          1        629                  0                  0                  0                  0        78236.17026                  0         34.7526808        209.3975473
          1        630                  0                  0                  0                  0        78360.68654                  0         34.7526808        209.3975473
          1        631                  0                  0                  0                  0        78485.20281                  0         34.7526808        209.3975473
          1        632                  0                  0                  0                  0        78609.71908                  0         34.7526808        209.3975473
          1        633                  0                  0                  0                  0        78734.23536                  0         34.7526808        209.3975473
          1        634                  0                  0                  0                  0        78858.75163                  0         34.7526808        209.3975473
          1        635                  0                  0                  0                  0        78983.26791                  0         34.7526808        209.3975473
          1        636                  0                  0                  0                  0        79107.78418                  0         34.7526808        209.3975473
          1        637                  0                  0                  0                  0        79232.30045                  0         34.7526808        209.3975473
          1        638                  0                  0                  0                  0        79356.81673                  0         34.7526808        209.3975473
          1        639                  0                  0                  0                  0          79481.333                  0         34.7526808        209.3975473
          1        640                  0                  0                  0                  0        79605.84927                  0         34.7526808        209.3975473
          1        641                  0                  0                  0                  0        79730.36555                  0         34.7526808        209.3975473
          1        642                  0                  0                  0                  0        79854.88182                  0         34.7526808        209.3975473
          1        643                  0                  0                  0                  0        79979.39809                  0         34.7526808        209.3975473
          1        644                  0                  0                  0                  0        80103.91437                  0         34.7526808        209.3975473
          1        645                  0                  0                  0                  0        80228.43064                  0         34.7526808        209.3975473
          1        646                  0                  0                  0                  0        80352.94692                  0         34.7526808        209.3975473
          1        647                  0                  0                  0                  0        80477.46319                  0         34.7526808        209.3975473
          1        648                  0                  0                  0                  0        80601.97946                  0         34.7526808        209.3975473
          1        649                  0                  0                  0                  0        80726.49574                  0         34.7526808        209.3975473
          1        650                  0                  0                  0                  0        80851.01201                  0         34.7526808        209.3975473
          1        651                  0                  0                  0                  0        80975.52828                  0         34.7526808        209.3975473
          1        652                  0                  0                  0                  0        81100.04456                  0         34.7526808        209.3975473
          1        653                  0                  0                  0                  0        81224.56083                  0         34.7526808        209.3975473
          1        654                  0                  0                  0                  0         81349.0771                  0         34.7526808        209.3975473
          1        655                  0                  0                  0                  0        81473.59338                  0         34.7526808        209.3975473
          1        656                  0                  0                  0                  0        81598.10965                  0         34.7526808        209.3975473
          1        657                  0                  0                  0                  0        81722.62593                  0         34.7526808        209.3975473
          1        658                  0                  0                  0                  0         81847.1422                  0         34.7526808        209.3975473
          1        659                  0                  0                  0                  0        81971.65847                  0         34.7526808        209.3975473
          1        660                  0                  0                  0                  0        82096.17475                  0         34.7526808        209.3975473
          1        661                  0                  0                  0                  0        82220.69102                  0         34.7526808        209.3975473
          1        662                  0                  0                  0                  0        82345.20729                  0         34.7526808        209.3975473
          1        663                  0                  0                  0                  0        82469.72357                  0         34.7526808        209.3975473
          1        664                  0                  0                  0                  0        82594.23984                  0         34.7526808        209.3975473
          1        665                  0                  0                  0                  0        82718.75611                  0         34.7526808        209.3975473
          1        666                  0                  0                  0                  0        82843.27239                  0         34.7526808        209.3975473
          1        667                  0                  0                  0                  0        82967.78866                  0         34.7526808        209.3975473
          1        668                  0                  0                  0                  0        83092.30493                  0         34.7526808        209.3975473
          1        669                  0                  0                  0                  0        83216.82121                  0         34.7526808        209.3975473
          1        670                  0                  0                  0                  0        83341.33748                  0         34.7526808        209.3975473
          1        671                  0                  0                  0                  0        83465.85376                  0         34.7526808        209.3975473
          1        672                  0                  0                  0                  0        83590.37003                  0         34.7526808        209.3975473
          1        673                  0                  0                  0                  0         83714.8863                  0         34.7526808        209.3975473
          1        674                  0                  0                  0                  0        83839.40258                  0         34.7526808        209.3975473
          1        675                  0                  0                  0                  0        83963.91885                  0         34.7526808        209.3975473
          1        676                  0                  0                  0                  0        84088.43512                  0         34.7526808        209.3975473
          1        677                  0                  0                  0                  0         84212.9514                  0         34.7526808        209.3975473
          1        678                  0                  0                  0                  0        84337.46767                  0         34.7526808        209.3975473
          1        679                  0                  0                  0                  0        84461.98394                  0         34.7526808        209.3975473
          1        680                  0                  0                  0                  0        84586.50022                  0         34.7526808        209.3975473
          1        681                  0                  0                  0                  0        84711.01649                  0         34.7526808        209.3975473
          1        682                  0                  0                  0                  0        84835.53277                  0         34.7526808        209.3975473
          1        683                  0                  0                  0                  0        84960.04904                  0         34.7526808        209.3975473
          1        684                  0                  0                  0                  0        85084.56531                  0         34.7526808        209.3975473
          1        685                  0                  0                  0                  0        85209.08159                  0         34.7526808        209.3975473
          1        686                  0                  0                  0                  0        85333.59786                  0         34.7526808        209.3975473
          1        687                  0                  0                  0                  0        85458.11413                  0         34.7526808        209.3975473
          1        688                  0                  0                  0                  0        85582.63041                  0         34.7526808        209.3975473
          1        689                  0                  0                  0                  0        85707.14668                  0         34.7526808        209.3975473
          1        690                  0                  0                  0                  0        85831.66295                  0         34.7526808        209.3975473
          1        691                  0                  0                  0                  0        85956.17923                  0         34.7526808        209.3975473
          1        692                  0                  0                  0                  0         86080.6955                  0         34.7526808        209.3975473
          1        693                  0                  0                  0                  0        86205.21178                  0         34.7526808        209.3975473
          1        694                  0                  0                  0                  0        86329.72805                  0         34.7526808        209.3975473
          1        695                  0                  0                  0                  0        86454.24432                  0         34.7526808        209.3975473
          1        696                  0                  0                  0                  0         86578.7606                  0         34.7526808        209.3975473
          1        697                  0                  0                  0                  0        86703.27687                  0         34.7526808        209.3975473
          1        698                  0                  0                  0                  0        86827.79314                  0         34.7526808        209.3975473
          1        699                  0                  0                  0                  0        86952.30942                  0         34.7526808        209.3975473
          1        700                  0                  0                  0                  0        87076.82569                  0         34.7526808        209.3975473
          1        701                  0                  0                  0                  0        87201.34196                  0         34.7526808        209.3975473
          1        702                  0                  0                  0                  0        87325.85824                  0         34.7526808        209.3975473
          1        703                  0                  0                  0                  0        87450.37451                  0         34.7526808        209.3975473
          1        704                  0                  0                  0                  0        87574.89079                  0         34.7526808        209.3975473
          1        705                  0                  0                  0                  0        87699.40706                  0         34.7526808        209.3975473
          1        706                  0                  0                  0                  0        87823.92333                  0         34.7526808        209.3975473
          1        707                  0                  0                  0                  0        87948.43961                  0         34.7526808        209.3975473
          1        708                  0                  0                  0                  0        88072.95588                  0         34.7526808        209.3975473
          1        709                  0                  0                  0                  0        88197.47215                  0         34.7526808        209.3975473
          1        710                  0                  0                  0                  0        88321.98843                  0         34.7526808        209.3975473
          1        711                  0                  0                  0                  0         88446.5047                  0         34.7526808        209.3975473
          1        712                  0                  0                  0                  0        88571.02097                  0         34.7526808        209.3975473
          1        713                  0                  0                  0                  0        88695.53725                  0         34.7526808        209.3975473
          1        714                  0                  0                  0                  0        88820.05352                  0         34.7526808        209.3975473
          1        715                  0                  0                  0                  0         88944.5698                  0         34.7526808        209.3975473
          1        716                  0                  0                  0                  0        89069.08607                  0         34.7526808        209.3975473
          1        717                  0                  0                  0                  0        89193.60234                  0         34.7526808        209.3975473
          1        718                  0                  0                  0                  0        89318.11862                  0         34.7526808        209.3975473
          1        719                  0                  0                  0                  0        89442.63489                  0         34.7526808        209.3975473
          1        720                  0                  0                  0                  0        89567.15116                  0         34.7526808        209.3975473
          1        721                  0                  0                  0                  0        89691.66744                  0         34.7526808        209.3975473
          1        722                  0                  0                  0                  0        89816.18371                  0         34.7526808        209.3975473
          1        723                  0                  0                  0                  0        89940.69998                  0         34.7526808        209.3975473
          1        724                  0                  0                  0                  0        90065.21626                  0         34.7526808        209.3975473
          1        725                  0                  0                  0                  0        90189.73253                  0         34.7526808        209.3975473
          1        726                  0                  0                  0                  0        90314.24881                  0         34.7526808        209.3975473
          1        727                  0                  0                  0                  0        90438.76508                  0         34.7526808        209.3975473
          1        728                  0                  0                  0                  0        90563.28135                  0         34.7526808        209.3975473
          1        729                  0                  0                  0                  0        90687.79763                  0         34.7526808        209.3975473
          1        730                  0                  0                  0                  0         90812.3139                  0         34.7526808        209.3975473
          1        731                  0                  0                  0                  0        90936.83017                  0         34.7526808        209.3975473
          1        732                  0                  0                  0                  0        91061.34645                  0         34.7526808        209.3975473
          1        733                  0                  0                  0                  0        91185.86272                  0         34.7526808        209.3975473
          1        734                  0                  0                  0                  0        91310.37899                  0         34.7526808        209.3975473
          1        735                  0                  0                  0                  0        91434.89527                  0         34.7526808        209.3975473
          1        736                  0                  0                  0                  0        91559.41154                  0         34.7526808        209.3975473
          1        737                  0                  0                  0                  0        91683.92782                  0         34.7526808        209.3975473
          1        738                  0                  0                  0                  0        91808.44409                  0         34.7526808        209.3975473
          1        739                  0                  0                  0                  0        91932.96036                  0         34.7526808        209.3975473
          1        740                  0                  0                  0                  0        92057.47664                  0         34.7526808        209.3975473
          1        741                  0                  0                  0                  0        92181.99291                  0         34.7526808        209.3975473
          1        742                  0                  0                  0                  0        92306.50918                  0         34.7526808        209.3975473
          1        743                  0                  0                  0                  0        92431.02546                  0         34.7526808        209.3975473
          1        744                  0                  0                  0                  0        92555.54173                  0         34.7526808        209.3975473
          1        745                  0                  0                  0                  0          92680.058                  0         34.7526808        209.3975473
          1        746                  0                  0                  0                  0        92804.57428                  0         34.7526808        209.3975473
          1        747                  0                  0                  0                  0        92929.09055                  0         34.7526808        209.3975473
          1        748                  0                  0                  0                  0        93053.60682                  0         34.7526808        209.3975473
          1        749                  0                  0                  0                  0         93178.1231                  0         34.7526808        209.3975473
          1        750                  0                  0                  0                  0        93302.63937                  0         34.7526808        209.3975473
          1        751                  0                  0                  0                  0        93427.15565                  0         34.7526808        209.3975473
          1        752                  0                  0                  0                  0        93551.67192                  0         34.7526808        209.3975473
          1        753                  0                  0                  0                  0        93676.18819                  0         34.7526808        209.3975473
          1        754                  0                  0                  0                  0        93800.70447                  0         34.7526808        209.3975473
          1        755                  0                  0                  0                  0        93925.22074                  0         34.7526808        209.3975473
          1        756                  0                  0                  0                  0        94049.73701                  0         34.7526808        209.3975473
          1        757                  0                  0                  0                  0        94174.25329                  0         34.7526808        209.3975473
          1        758                  0                  0                  0                  0        94298.76956                  0         34.7526808        209.3975473
          1        759                  0                  0                  0                  0        94423.28583                  0         34.7526808        209.3975473
          1        760                  0                  0                  0                  0        94547.80211                  0         34.7526808        209.3975473
          1        761                  0                  0                  0                  0        94672.31838                  0         34.7526808        209.3975473
          1        762                  0                  0                  0                  0        94796.83466                  0         34.7526808        209.3975473
          1        763                  0                  0                  0                  0        94921.35093                  0         34.7526808        209.3975473
          1        764                  0                  0                  0                  0         95045.8672                  0         34.7526808        209.3975473
          1        765                  0                  0                  0                  0        95170.38348                  0         34.7526808        209.3975473
          1        766                  0                  0                  0                  0        95294.89975                  0         34.7526808        209.3975473
          1        767                  0                  0                  0                  0        95419.41602                  0         34.7526808        209.3975473
          1        768                  0                  0                  0                  0         95543.9323                  0         34.7526808        209.3975473
          1        769                  0                  0                  0                  0        95668.44857                  0         34.7526808        209.3975473
          1        770                  0                  0                  0                  0        95792.96484                  0         34.7526808        209.3975473
          1        771                  0                  0                  0                  0        95917.48112                  0         34.7526808        209.3975473
          1        772                  0                  0                  0                  0        96041.99739                  0         34.7526808        209.3975473
          1        773                  0                  0                  0                  0        96166.51367                  0         34.7526808        209.3975473
          1        774                  0                  0                  0                  0        96291.02994                  0         34.7526808        209.3975473
          1        775                  0                  0                  0                  0        96415.54621                  0         34.7526808        209.3975473
          1        776                  0                  0                  0                  0        96540.06249                  0         34.7526808        209.3975473
          1        777                  0                  0                  0                  0        96664.57876                  0         34.7526808        209.3975473
          1        778                  0                  0                  0                  0        96789.09503                  0         34.7526808        209.3975473
          1        779                  0                  0                  0                  0        96913.61131                  0         34.7526808        209.3975473
          1        780                  0                  0                  0                  0        97038.12758                  0         34.7526808        209.3975473
          1        781                  0                  0                  0                  0        97162.64385                  0         34.7526808        209.3975473
          1        782                  0                  0                  0                  0        97287.16013                  0         34.7526808        209.3975473
          1        783                  0                  0                  0                  0         97411.6764                  0         34.7526808        209.3975473
          1        784                  0                  0                  0                  0        97536.19268                  0         34.7526808        209.3975473
          1        785                  0                  0                  0                  0        97660.70895                  0         34.7526808        209.3975473
          1        786                  0                  0                  0                  0        97785.22522                  0         34.7526808        209.3975473
          1        787                  0                  0                  0                  0         97909.7415                  0         34.7526808        209.3975473
          1        788                  0                  0                  0                  0        98034.25777                  0         34.7526808        209.3975473
          1        789                  0                  0                  0                  0        98158.77404                  0         34.7526808        209.3975473
          1        790                  0                  0                  0                  0        98283.29032                  0         34.7526808        209.3975473
          1        791                  0                  0                  0                  0        98407.80659                  0         34.7526808        209.3975473
          1        792                  0                  0                  0                  0        98532.32286                  0         34.7526808        209.3975473
          1        793                  0                  0                  0                  0        98656.83914                  0         34.7526808        209.3975473
          1        794                  0                  0                  0                  0        98781.35541                  0         34.7526808        209.3975473
          1        795                  0                  0                  0                  0        98905.87169                  0         34.7526808        209.3975473
          1        796                  0                  0                  0                  0        99030.38796                  0         34.7526808        209.3975473
          1        797                  0                  0                  0                  0        99154.90423                  0         34.7526808        209.3975473
          1        798                  0                  0                  0                  0        99279.42051                  0         34.7526808        209.3975473
          1        799                  0                  0                  0                  0        99403.93678                  0         34.7526808        209.3975473
          1        800                  0                  0                  0                  0        99528.45305                  0         34.7526808        209.3975473
          1        801                  0                  0                  0                  0        99652.96933                  0         34.7526808        209.3975473
          1        802                  0                  0                  0                  0         99777.4856                  0         34.7526808        209.3975473
          1        803                  0                  0                  0                  0        99902.00187                  0         34.7526808        209.3975473
          1        804                  0                  0                  0                  0        100026.5181                  0         34.7526808        209.3975473
          1        805                  0                  0                  0                  0        100151.0344                  0         34.7526808        209.3975473
          1        806                  0                  0                  0                  0        100275.5507                  0         34.7526808        209.3975473
          1        807                  0                  0                  0                  0         100400.067                  0         34.7526808        209.3975473
          1        808                  0                  0                  0                  0        100524.5832                  0         34.7526808        209.3975473
          1        809                  0                  0                  0                  0        100649.0995                  0         34.7526808        209.3975473
          1        810                  0                  0                  0                  0        100773.6158                  0         34.7526808        209.3975473
          1        811                  0                  0                  0                  0        100898.1321                  0         34.7526808        209.3975473
          1        812                  0                  0                  0                  0        101022.6483                  0         34.7526808        209.3975473
          1        813                  0                  0                  0                  0        101147.1646                  0         34.7526808        209.3975473
          1        814                  0                  0                  0                  0        101271.6809                  0         34.7526808        209.3975473
          1        815                  0                  0                  0                  0        101396.1972                  0         34.7526808        209.3975473
          1        816                  0                  0                  0                  0        101520.7134                  0         34.7526808        209.3975473
          1        817                  0                  0                  0                  0        101645.2297                  0         34.7526808        209.3975473
          1        818                  0                  0                  0                  0         101769.746                  0         34.7526808        209.3975473
          1        819                  0                  0                  0                  0        101894.2623                  0         34.7526808        209.3975473
          1        820                  0                  0                  0                  0        102018.7785                  0         34.7526808        209.3975473
          1        821                  0                  0                  0                  0        102143.2948                  0         34.7526808        209.3975473
          1        822                  0                  0                  0                  0        102267.8111                  0         34.7526808        209.3975473
          1        823                  0                  0                  0                  0        102392.3273                  0         34.7526808        209.3975473
          1        824                  0                  0                  0                  0        102516.8436                  0         34.7526808        209.3975473
          1        825                  0                  0                  0                  0        102641.3599                  0         34.7526808        209.3975473
          1        826                  0                  0                  0                  0        102765.8762                  0         34.7526808        209.3975473
          1        827                  0                  0                  0                  0        102890.3924                  0         34.7526808        209.3975473
          1        828                  0                  0                  0                  0        103014.9087                  0         34.7526808        209.3975473
          1        829                  0                  0                  0                  0         103139.425                  0         34.7526808        209.3975473
          1        830                  0                  0                  0                  0        103263.9413                  0         34.7526808        209.3975473
          1        831                  0                  0                  0                  0        103388.4575                  0         34.7526808        209.3975473
          1        832                  0                  0                  0                  0        103512.9738                  0         34.7526808        209.3975473
          1        833                  0                  0                  0                  0        103637.4901                  0         34.7526808        209.3975473
          1        834                  0                  0                  0                  0        103762.0064                  0         34.7526808        209.3975473
          1        835                  0                  0                  0                  0        103886.5226                  0         34.7526808        209.3975473
          1        836                  0                  0                  0                  0        104011.0389                  0         34.7526808        209.3975473
          1        837                  0                  0                  0                  0        104135.5552                  0         34.7526808        209.3975473
          1        838                  0                  0                  0                  0        104260.0715                  0         34.7526808        209.3975473
          1        839                  0                  0                  0                  0        104384.5877                  0         34.7526808        209.3975473
          1        840                  0                  0                  0                  0         104509.104                  0         34.7526808        209.3975473
          1        841                  0                  0                  0                  0        104633.6203                  0         34.7526808        209.3975473
          1        842                  0                  0                  0                  0        104758.1365                  0         34.7526808        209.3975473
          1        843                  0                  0                  0                  0        104882.6528                  0         34.7526808        209.3975473
          1        844                  0                  0                  0                  0        105007.1691                  0         34.7526808        209.3975473
          1        845                  0                  0                  0                  0        105131.6854                  0         34.7526808        209.3975473
          1        846                  0                  0                  0                  0        105256.2016                  0         34.7526808        209.3975473
          1        847                  0                  0                  0                  0        105380.7179                  0         34.7526808        209.3975473
          1        848                  0                  0                  0                  0        105505.2342                  0         34.7526808        209.3975473
          1        849                  0                  0                  0                  0        105629.7505                  0         34.7526808        209.3975473
          1        850                  0                  0                  0                  0        105754.2667                  0         34.7526808        209.3975473
          1        851                  0                  0                  0                  0         105878.783                  0         34.7526808        209.3975473
          1        852                  0                  0                  0                  0        106003.2993                  0         34.7526808        209.3975473
          1        853                  0                  0                  0                  0        106127.8156                  0         34.7526808        209.3975473
          1        854                  0                  0                  0                  0        106252.3318                  0         34.7526808        209.3975473
          1        855                  0                  0                  0                  0        106376.8481                  0         34.7526808        209.3975473
          1        856                  0                  0                  0                  0        106501.3644                  0         34.7526808        209.3975473
          1        857                  0                  0                  0                  0        106625.8806                  0         34.7526808        209.3975473
          1        858                  0                  0                  0                  0        106750.3969                  0         34.7526808        209.3975473
          1        859                  0                  0                  0                  0        106874.9132                  0         34.7526808        209.3975473
          1        860                  0                  0                  0                  0        106999.4295                  0         34.7526808        209.3975473
          1        861                  0                  0                  0                  0        107123.9457                  0         34.7526808        209.3975473
          1        862                  0                  0                  0                  0         107248.462                  0         34.7526808        209.3975473
          1        863                  0                  0                  0                  0        107372.9783                  0         34.7526808        209.3975473
          1        864                  0                  0                  0                  0        107497.4946                  0         34.7526808        209.3975473
          1        865                  0                  0                  0                  0        107622.0108                  0         34.7526808        209.3975473
          1        866                  0                  0                  0                  0        107746.5271                  0         34.7526808        209.3975473
          1        867                  0                  0                  0                  0        107871.0434                  0         34.7526808        209.3975473
          1        868                  0                  0                  0                  0        107995.5597                  0         34.7526808        209.3975473
          1        869                  0                  0                  0                  0        108120.0759                  0         34.7526808        209.3975473
          1        870                  0                  0                  0                  0        108244.5922                  0         34.7526808        209.3975473
          1        871                  0                  0                  0                  0        108369.1085                  0         34.7526808        209.3975473
          1        872                  0                  0                  0                  0        108493.6248                  0         34.7526808        209.3975473
          1        873                  0                  0                  0                  0         108618.141                  0         34.7526808        209.3975473
          1        874                  0                  0                  0                  0        108742.6573                  0         34.7526808        209.3975473
          1        875                  0                  0                  0                  0        108867.1736                  0         34.7526808        209.3975473
          1        876                  0                  0                  0                  0        108991.6898                  0         34.7526808        209.3975473
          1        877                  0                  0                  0                  0        109116.2061                  0         34.7526808        209.3975473
          1        878                  0                  0                  0                  0        109240.7224                  0         34.7526808        209.3975473
          1        879                  0                  0                  0                  0        109365.2387                  0         34.7526808        209.3975473
          1        880                  0                  0                  0                  0        109489.7549                  0         34.7526808        209.3975473
          1        881                  0                  0                  0                  0        109614.2712                  0         34.7526808        209.3975473
          1        882                  0                  0                  0                  0        109738.7875                  0         34.7526808        209.3975473
          1        883                  0                  0                  0                  0        109863.3038                  0         34.7526808        209.3975473
          1        884                  0                  0                  0                  0          109987.82                  0         34.7526808        209.3975473
          1        885                  0                  0                  0                  0        110112.3363                  0         34.7526808        209.3975473
          1        886                  0                  0                  0                  0        110236.8526                  0         34.7526808        209.3975473
          1        887                  0                  0                  0                  0        110361.3689                  0         34.7526808        209.3975473
          1        888                  0                  0                  0                  0        110485.8851                  0         34.7526808        209.3975473
          1        889                  0                  0                  0                  0        110610.4014                  0         34.7526808        209.3975473
          1        890                  0                  0                  0                  0        110734.9177                  0         34.7526808        209.3975473
          1        891                  0                  0                  0                  0         110859.434                  0         34.7526808        209.3975473
          1        892                  0                  0                  0                  0        110983.9502                  0         34.7526808        209.3975473
          1        893                  0                  0                  0                  0        111108.4665                  0         34.7526808        209.3975473
          1        894                  0                  0                  0                  0        111232.9828                  0         34.7526808        209.3975473
          1        895                  0                  0                  0                  0         111357.499                  0         34.7526808        209.3975473
          1        896                  0                  0                  0                  0        111482.0153                  0         34.7526808        209.3975473
          1        897                  0                  0                  0                  0        111606.5316                  0         34.7526808        209.3975473
          1        898                  0                  0                  0                  0        111731.0479                  0         34.7526808        209.3975473
          1        899                  0                  0                  0                  0        111855.5641                  0         34.7526808        209.3975473
          1        900                  0                  0                  0                  0        111980.0804                  0         34.7526808        209.3975473
          1        901                  0                  0                  0                  0        112104.5967                  0         34.7526808        209.3975473
          1        902                  0                  0                  0                  0         112229.113                  0         34.7526808        209.3975473
          1        903                  0                  0                  0                  0        112353.6292                  0         34.7526808        209.3975473
          1        904                  0                  0                  0                  0        112478.1455                  0         34.7526808        209.3975473
          1        905                  0                  0                  0                  0        112602.6618                  0         34.7526808        209.3975473
          1        906                  0                  0                  0                  0        112727.1781                  0         34.7526808        209.3975473
          1        907                  0                  0                  0                  0        112851.6943                  0         34.7526808        209.3975473
          1        908                  0                  0                  0                  0        112976.2106                  0         34.7526808        209.3975473
          1        909                  0                  0                  0                  0        113100.7269                  0         34.7526808        209.3975473
          1        910                  0                  0                  0                  0        113225.2432                  0         34.7526808        209.3975473
          1        911                  0                  0                  0                  0        113349.7594                  0         34.7526808        209.3975473
          1        912                  0                  0                  0                  0        113474.2757                  0         34.7526808        209.3975473
          1        913                  0                  0                  0                  0         113598.792                  0         34.7526808        209.3975473
          1        914                  0                  0                  0                  0        113723.3082                  0         34.7526808        209.3975473
          1        915                  0                  0                  0                  0        113847.8245                  0         34.7526808        209.3975473
          1        916                  0                  0                  0                  0        113972.3408                  0         34.7526808        209.3975473
          1        917                  0                  0                  0                  0        114096.8571                  0         34.7526808        209.3975473
          1        918                  0                  0                  0                  0        114221.3733                  0         34.7526808        209.3975473
          1        919                  0                  0                  0                  0        114345.8896                  0         34.7526808        209.3975473
          1        920                  0                  0                  0                  0        114470.4059                  0         34.7526808        209.3975473
          1        921                  0                  0                  0                  0        114594.9222                  0         34.7526808        209.3975473
          1        922                  0                  0                  0                  0        114719.4384                  0         34.7526808        209.3975473
          1        923                  0                  0                  0                  0        114843.9547                  0         34.7526808        209.3975473
          1        924                  0                  0                  0                  0         114968.471                  0         34.7526808        209.3975473
          1        925                  0                  0                  0                  0        115092.9873                  0         34.7526808        209.3975473
          1        926                  0                  0                  0                  0        115217.5035                  0         34.7526808        209.3975473
          1        927                  0                  0                  0                  0        115342.0198                  0         34.7526808        209.3975473
          1        928                  0                  0                  0                  0        115466.5361                  0         34.7526808        209.3975473
          1        929                  0                  0                  0                  0        115591.0524                  0         34.7526808        209.3975473
          1        930                  0                  0                  0                  0        115715.5686                  0         34.7526808        209.3975473
          1        931                  0                  0                  0                  0        115840.0849                  0         34.7526808        209.3975473
          1        932                  0                  0                  0                  0        115964.6012                  0         34.7526808        209.3975473
          1        933                  0                  0                  0                  0        116089.1174                  0         34.7526808        209.3975473
          1        934                  0                  0                  0                  0        116213.6337                  0         34.7526808        209.3975473
          1        935                  0                  0                  0                  0          116338.15                  0         34.7526808        209.3975473
          1        936                  0                  0                  0                  0        116462.6663                  0         34.7526808        209.3975473
          1        937                  0                  0                  0                  0        116587.1825                  0         34.7526808        209.3975473
          1        938                  0                  0                  0                  0        116711.6988                  0         34.7526808        209.3975473
          1        939                  0                  0                  0                  0        116836.2151                  0         34.7526808        209.3975473
          1        940                  0                  0                  0                  0        116960.7314                  0         34.7526808        209.3975473
          1        941                  0                  0                  0                  0        117085.2476                  0         34.7526808        209.3975473
          1        942                  0                  0                  0                  0        117209.7639                  0         34.7526808        209.3975473
          1        943                  0                  0                  0                  0        117334.2802                  0         34.7526808        209.3975473
          1        944                  0                  0                  0                  0        117458.7965                  0         34.7526808        209.3975473
          1        945                  0                  0                  0                  0        117583.3127                  0         34.7526808        209.3975473
          1        946                  0                  0                  0                  0         117707.829                  0         34.7526808        209.3975473
          1        947                  0                  0                  0                  0        117832.3453                  0         34.7526808        209.3975473
          1        948                  0                  0                  0                  0        117956.8615                  0         34.7526808        209.3975473
          1        949                  0                  0                  0                  0        118081.3778                  0         34.7526808        209.3975473
          1        950                  0                  0                  0                  0        118205.8941                  0         34.7526808        209.3975473
          1        951                  0                  0                  0                  0        118330.4104                  0         34.7526808        209.3975473
          1        952                  0                  0                  0                  0        118454.9266                  0         34.7526808        209.3975473
          1        953                  0                  0                  0                  0        118579.4429                  0         34.7526808        209.3975473
          1        954                  0                  0                  0                  0        118703.9592                  0         34.7526808        209.3975473
          1        955                  0                  0                  0                  0        118828.4755                  0         34.7526808        209.3975473
          1        956                  0                  0                  0                  0        118952.9917                  0         34.7526808        209.3975473
          1        957                  0                  0                  0                  0         119077.508                  0         34.7526808        209.3975473
          1        958                  0                  0                  0                  0        119202.0243                  0         34.7526808        209.3975473
          1        959                  0                  0                  0                  0        119326.5406                  0         34.7526808        209.3975473
          1        960                  0                  0                  0                  0        119451.0568                  0         34.7526808        209.3975473
          1        961                  0                  0                  0                  0        119575.5731                  0         34.7526808        209.3975473
          1        962                  0                  0                  0                  0        119700.0894                  0         34.7526808        209.3975473
          1        963                  0                  0                  0                  0        119824.6057                  0         34.7526808        209.3975473
          1        964                  0                  0                  0                  0        119949.1219                  0         34.7526808        209.3975473
          1        965                  0                  0                  0                  0        120073.6382                  0         34.7526808        209.3975473
          1        966                  0                  0                  0                  0        120198.1545                  0         34.7526808        209.3975473
          1        967                  0                  0                  0                  0        120322.6707                  0         34.7526808        209.3975473
          1        968                  0                  0                  0                  0         120447.187                  0         34.7526808        209.3975473
          1        969                  0                  0                  0                  0        120571.7033                  0         34.7526808        209.3975473
          1        970                  0                  0                  0                  0        120696.2196                  0         34.7526808        209.3975473
          1        971                  0                  0                  0                  0        120820.7358                  0         34.7526808        209.3975473
          1        972                  0                  0                  0                  0        120945.2521                  0         34.7526808        209.3975473
          1        973                  0                  0                  0                  0        121069.7684                  0         34.7526808        209.3975473
          1        974                  0                  0                  0                  0        121194.2847                  0         34.7526808        209.3975473
          1        975                  0                  0                  0                  0        121318.8009                  0         34.7526808        209.3975473
          1        976                  0                  0                  0                  0        121443.3172                  0         34.7526808        209.3975473
          1        977                  0                  0                  0                  0        121567.8335                  0         34.7526808        209.3975473
          1        978                  0                  0                  0                  0        121692.3498                  0         34.7526808        209.3975473
          1        979                  0                  0                  0                  0         121816.866                  0         34.7526808        209.3975473
          1        980                  0                  0                  0                  0        121941.3823                  0         34.7526808        209.3975473
          1        981                  0                  0                  0                  0        122065.8986                  0         34.7526808        209.3975473
          1        982                  0                  0                  0                  0        122190.4149                  0         34.7526808        209.3975473
          1        983                  0                  0                  0                  0        122314.9311                  0         34.7526808        209.3975473
          1        984                  0                  0                  0                  0        122439.4474                  0         34.7526808        209.3975473
          1        985                  0                  0                  0                  0        122563.9637                  0         34.7526808        209.3975473
          1        986                  0                  0                  0                  0        122688.4799                  0         34.7526808        209.3975473
          1        987                  0                  0                  0                  0        122812.9962                  0         34.7526808        209.3975473
          1        988                  0                  0                  0                  0        122937.5125                  0         34.7526808        209.3975473
          1        989                  0                  0                  0                  0        123062.0288                  0         34.7526808        209.3975473
          1        990                  0                  0                  0                  0         123186.545                  0         34.7526808        209.3975473
          1        991                  0                  0                  0                  0        123311.0613                  0         34.7526808        209.3975473
          1        992                  0                  0                  0                  0        123435.5776                  0         34.7526808        209.3975473
          1        993                  0                  0                  0                  0        123560.0939                  0         34.7526808        209.3975473
          1        994                  0                  0                  0                  0        123684.6101                  0         34.7526808        209.3975473
          1        995                  0                  0                  0                  0        123809.1264                  0         34.7526808        209.3975473
          1        996                  0                  0                  0                  0        123933.6427                  0         34.7526808        209.3975473
          1        997                  0                  0                  0                  0         124058.159                  0         34.7526808        209.3975473
          1        998                  0                  0                  0                  0        124182.6752                  0         34.7526808        209.3975473
          1        999                  0                  0                  0                  0        124307.1915                  0         34.7526808        209.3975473
          1       1000                  0                  0                  0                  0        124431.7078                  0         34.7526808        209.3975473
          1       1001                  0                  0                  0                  0        124556.2241                  0         34.7526808        209.3975473
          1       1002                  0                  0                  0                  0        124680.7403                  0         34.7526808        209.3975473
          1       1003                  0                  0                  0                  0        124805.2566                  0         34.7526808        209.3975473
          1       1004                  0                  0                  0                  0        124929.7729                  0         34.7526808        209.3975473
          1       1005                  0                  0                  0                  0        125054.2891                  0         34.7526808        209.3975473
          1       1006                  0                  0                  0                  0        125178.8054                  0         34.7526808        209.3975473
          1       1007                  0                  0                  0                  0        125303.3217                  0         34.7526808        209.3975473
          1       1008                  0                  0                  0                  0         125427.838                  0         34.7526808        209.3975473
          1       1009                  0                  0                  0                  0        125552.3542                  0         34.7526808        209.3975473
          1       1010                  0                  0                  0                  0        125676.8705                  0         34.7526808        209.3975473
          1       1011                  0                  0                  0                  0        125801.3868                  0         34.7526808        209.3975473
          1       1012                  0                  0                  0                  0        125925.9031                  0         34.7526808        209.3975473
          1       1013                  0                  0                  0                  0        126050.4193                  0         34.7526808        209.3975473
          1       1014                  0                  0                  0                  0        126174.9356                  0         34.7526808        209.3975473
          1       1015                  0                  0                  0                  0        126299.4519                  0         34.7526808        209.3975473
          1       1016                  0                  0                  0                  0        126423.9682                  0         34.7526808        209.3975473
          1       1017                  0                  0                  0                  0        126548.4844                  0         34.7526808        209.3975473
          1       1018                  0                  0                  0                  0        126673.0007                  0         34.7526808        209.3975473
          1       1019                  0                  0                  0                  0         126797.517                  0         34.7526808        209.3975473
          1       1020                  0                  0                  0                  0        126922.0333                  0         34.7526808        209.3975473
          1       1021                  0                  0                  0                  0        127046.5495                  0         34.7526808        209.3975473
          1       1022                  0                  0                  0                  0        127171.0658                  0         34.7526808        209.3975473
          1       1023                  0                  0                  0                  0        127295.5821                  0         34.7526808        209.3975473
          1       1024                  0                  0                  0                  0        127420.0983                  0         34.7526808        209.3975473
          1       1025                  0                  0                  0                  0        127544.6146                  0         34.7526808        209.3975473
          1       1026                  0                  0                  0                  0        127669.1309                  0         34.7526808        209.3975473
          1       1027                  0                  0                  0                  0        127793.6472                  0         34.7526808        209.3975473
          1       1028                  0                  0                  0                  0        127918.1634                  0         34.7526808        209.3975473
          1       1029                  0                  0                  0                  0        128042.6797                  0         34.7526808        209.3975473
          1       1030                  0                  0                  0                  0         128167.196                  0         34.7526808        209.3975473
          1       1031                  0                  0                  0                  0        128291.7123                  0         34.7526808        209.3975473
          1       1032                  0                  0                  0                  0        128416.2285                  0         34.7526808        209.3975473
          1       1033                  0                  0                  0                  0        128540.7448                  0         34.7526808        209.3975473
          1       1034                  0                  0                  0                  0        128665.2611                  0         34.7526808        209.3975473
          1       1035                  0                  0                  0                  0        128789.7774                  0         34.7526808        209.3975473
          1       1036                  0                  0                  0                  0        128914.2936                  0         34.7526808        209.3975473
          1       1037                  0                  0                  0                  0        129038.8099                  0         34.7526808        209.3975473
          1       1038                  0                  0                  0                  0        129163.3262                  0         34.7526808        209.3975473
          1       1039                  0                  0                  0                  0        129287.8424                  0         34.7526808        209.3975473
          1       1040                  0                  0                  0                  0        129412.3587                  0         34.7526808        209.3975473
          1       1041                  0                  0                  0                  0         129536.875                  0         34.7526808        209.3975473
          1       1042                  0                  0                  0                  0        129661.3913                  0         34.7526808        209.3975473
          1       1043                  0                  0                  0                  0        129785.9075                  0         34.7526808        209.3975473
          1       1044                  0                  0                  0                  0        129910.4238                  0         34.7526808        209.3975473
          1       1045                  0                  0                  0                  0        130034.9401                  0         34.7526808        209.3975473
          1       1046                  0                  0                  0                  0        130159.4564                  0         34.7526808        209.3975473
          1       1047                  0                  0                  0                  0        130283.9726                  0         34.7526808        209.3975473
          1       1048                  0                  0                  0                  0        130408.4889                  0         34.7526808        209.3975473
          1       1049                  0                  0                  0                  0        130533.0052                  0         34.7526808        209.3975473
          1       1050                  0                  0                  0                  0        130657.5215                  0         34.7526808        209.3975473
          1       1051                  0                  0                  0                  0        130782.0377                  0         34.7526808        209.3975473
          1       1052                  0                  0                  0                  0         130906.554                  0         34.7526808        209.3975473
          1       1053                  0                  0                  0                  0        131031.0703                  0         34.7526808        209.3975473
          1       1054                  0                  0                  0                  0        131155.5866                  0         34.7526808        209.3975473
          1       1055                  0                  0                  0                  0        131280.1028                  0         34.7526808        209.3975473
          1       1056                  0                  0                  0                  0        131404.6191                  0         34.7526808        209.3975473
          1       1057                  0                  0                  0                  0        131529.1354                  0         34.7526808        209.3975473
          1       1058                  0                  0                  0                  0        131653.6516                  0         34.7526808        209.3975473
          1       1059                  0                  0                  0                  0        131778.1679                  0         34.7526808        209.3975473
          1       1060                  0                  0                  0                  0        131902.6842                  0         34.7526808        209.3975473
          1       1061                  0                  0                  0                  0        132027.2005                  0         34.7526808        209.3975473
          1       1062                  0                  0                  0                  0        132151.7167                  0         34.7526808        209.3975473
          1       1063                  0                  0                  0                  0         132276.233                  0         34.7526808        209.3975473
          1       1064                  0                  0                  0                  0        132400.7493                  0         34.7526808        209.3975473
          1       1065                  0                  0                  0                  0        132525.2656                  0         34.7526808        209.3975473
          1       1066                  0                  0                  0                  0        132649.7818                  0         34.7526808        209.3975473
          1       1067                  0                  0                  0                  0        132774.2981                  0         34.7526808        209.3975473
          1       1068                  0                  0                  0                  0        132898.8144                  0         34.7526808        209.3975473
          1       1069                  0                  0                  0                  0        133023.3307                  0         34.7526808        209.3975473
          1       1070                  0                  0                  0                  0        133147.8469                  0         34.7526808        209.3975473
          1       1071                  0                  0                  0                  0        133272.3632                  0         34.7526808        209.3975473
          1       1072                  0                  0                  0                  0        133396.8795                  0         34.7526808        209.3975473
          1       1073                  0                  0                  0                  0        133521.3958                  0         34.7526808        209.3975473
          1       1074                  0                  0                  0                  0         133645.912                  0         34.7526808        209.3975473
          1       1075                  0                  0                  0                  0        133770.4283                  0         34.7526808        209.3975473
          1       1076                  0                  0                  0                  0        133894.9446                  0         34.7526808        209.3975473
          1       1077                  0                  0                  0                  0        134019.4608                  0         34.7526808        209.3975473
          1       1078                  0                  0                  0                  0        134143.9771                  0         34.7526808        209.3975473
          1       1079                  0                  0                  0                  0        134268.4934                  0         34.7526808        209.3975473
          1       1080                  0                  0                  0                  0        134393.0097                  0         34.7526808        209.3975473
          1       1081                  0                  0                  0                  0        134517.5259                  0         34.7526808        209.3975473
          1       1082                  0                  0                  0                  0        134642.0422                  0         34.7526808        209.3975473
          1       1083                  0                  0                  0                  0        134766.5585                  0         34.7526808        209.3975473
          1       1084                  0                  0                  0                  0        134891.0748                  0         34.7526808        209.3975473
          1       1085                  0                  0                  0                  0         135015.591                  0         34.7526808        209.3975473
          1       1086                  0                  0                  0                  0        135140.1073                  0         34.7526808        209.3975473
          1       1087                  0                  0                  0                  0        135264.6236                  0         34.7526808        209.3975473
          1       1088                  0                  0                  0                  0        135389.1399                  0         34.7526808        209.3975473
          1       1089                  0                  0                  0                  0        135513.6561                  0         34.7526808        209.3975473
          1       1090                  0                  0                  0                  0        135638.1724                  0         34.7526808        209.3975473
          1       1091                  0                  0                  0                  0        135762.6887                  0         34.7526808        209.3975473
          1       1092                  0                  0                  0                  0         135887.205                  0         34.7526808        209.3975473
          1       1093                  0                  0                  0                  0        136011.7212                  0         34.7526808        209.3975473
          1       1094                  0                  0                  0                  0        136136.2375                  0         34.7526808        209.3975473
          1       1095                  0                  0                  0                  0        136260.7538                  0         34.7526808        209.3975473
          1       1096                  0                  0                  0                  0          136385.27                  0         34.7526808        209.3975473
          1       1097                  0                  0                  0                  0        136509.7863                  0         34.7526808        209.3975473
          1       1098                  0                  0                  0                  0        136634.3026                  0         34.7526808        209.3975473
          1       1099                  0                  0                  0                  0        136758.8189                  0         34.7526808        209.3975473
          1       1100                  0                  0                  0                  0        136883.3351                  0         34.7526808        209.3975473
          1       1101                  0                  0                  0                  0        137007.8514                  0         34.7526808        209.3975473
          1       1102                  0                  0                  0                  0        137132.3677                  0         34.7526808        209.3975473
          1       1103                  0                  0                  0                  0         137256.884                  0         34.7526808        209.3975473
          1       1104                  0                  0                  0                  0        137381.4002                  0         34.7526808        209.3975473
          1       1105                  0                  0                  0                  0        137505.9165                  0         34.7526808        209.3975473
          1       1106                  0                  0                  0                  0        137630.4328                  0         34.7526808        209.3975473
          1       1107                  0                  0                  0                  0        137754.9491                  0         34.7526808        209.3975473
          1       1108                  0                  0                  0                  0        137879.4653                  0         34.7526808        209.3975473
          1       1109                  0                  0                  0                  0        138003.9816                  0         34.7526808        209.3975473
          1       1110                  0                  0                  0                  0        138128.4979                  0         34.7526808        209.3975473
          1       1111                  0                  0                  0                  0        138253.0142                  0         34.7526808        209.3975473
          1       1112                  0                  0                  0                  0        138377.5304                  0         34.7526808        209.3975473
          1       1113                  0                  0                  0                  0        138502.0467                  0         34.7526808        209.3975473
          1       1114                  0                  0                  0                  0         138626.563                  0         34.7526808        209.3975473
          1       1115                  0                  0                  0                  0        138751.0792                  0         34.7526808        209.3975473
          1       1116                  0                  0                  0                  0        138875.5955                  0         34.7526808        209.3975473
          1       1117                  0                  0                  0                  0        139000.1118                  0         34.7526808        209.3975473
          1       1118                  0                  0                  0                  0        139124.6281                  0         34.7526808        209.3975473
          1       1119                  0                  0                  0                  0        139249.1443                  0         34.7526808        209.3975473
          1       1120                  0                  0                  0                  0        139373.6606                  0         34.7526808        209.3975473
          1       1121                  0                  0                  0                  0        139498.1769                  0         34.7526808        209.3975473
          1       1122                  0                  0                  0                  0        139622.6932                  0         34.7526808        209.3975473
          1       1123                  0                  0                  0                  0        139747.2094                  0         34.7526808        209.3975473
          1       1124                  0                  0                  0                  0        139871.7257                  0         34.7526808        209.3975473
          1       1125                  0                  0                  0                  0         139996.242                  0         34.7526808        209.3975473
          1       1126                  0                  0                  0                  0        140120.7583                  0         34.7526808        209.3975473
          1       1127                  0                  0                  0                  0        140245.2745                  0         34.7526808        209.3975473
          1       1128                  0                  0                  0                  0        140369.7908                  0         34.7526808        209.3975473
          1       1129                  0                  0                  0                  0        140494.3071                  0         34.7526808        209.3975473
          1       1130                  0                  0                  0                  0        140618.8233                  0         34.7526808        209.3975473
          1       1131                  0                  0                  0                  0        140743.3396                  0         34.7526808        209.3975473
          1       1132                  0                  0                  0                  0        140867.8559                  0         34.7526808        209.3975473
          1       1133                  0                  0                  0                  0        140992.3722                  0         34.7526808        209.3975473
          1       1134                  0                  0                  0                  0        141116.8884                  0         34.7526808        209.3975473
          1       1135                  0                  0                  0                  0        141241.4047                  0         34.7526808        209.3975473
          1       1136                  0                  0                  0                  0         141365.921                  0         34.7526808        209.3975473
          1       1137                  0                  0                  0                  0        141490.4373                  0         34.7526808        209.3975473
          1       1138                  0                  0                  0                  0        141614.9535                  0         34.7526808        209.3975473
          1       1139                  0                  0                  0                  0        141739.4698                  0         34.7526808        209.3975473
          1       1140                  0                  0                  0                  0        141863.9861                  0         34.7526808        209.3975473
          1       1141                  0                  0                  0                  0        141988.5024                  0         34.7526808        209.3975473
          1       1142                  0                  0                  0                  0        142113.0186                  0         34.7526808        209.3975473
          1       1143                  0                  0                  0                  0        142237.5349                  0         34.7526808        209.3975473
          1       1144                  0                  0                  0                  0        142362.0512                  0         34.7526808        209.3975473
          1       1145                  0                  0                  0                  0        142486.5675                  0         34.7526808        209.3975473
          1       1146                  0                  0                  0                  0        142611.0837                  0         34.7526808        209.3975473
          1       1147                  0                  0                  0                  0           142735.6                  0         34.7526808        209.3975473
          1       1148                  0                  0                  0                  0        142860.1163                  0         34.7526808        209.3975473
          1       1149                  0                  0                  0                  0        142984.6325                  0         34.7526808        209.3975473
          1       1150                  0                  0                  0                  0        143109.1488                  0         34.7526808        209.3975473
          1       1151                  0                  0                  0                  0        143233.6651                  0         34.7526808        209.3975473
          1       1152                  0                  0                  0                  0        143358.1814                  0         34.7526808        209.3975473
          1       1153                  0                  0                  0                  0        143482.6976                  0         34.7526808        209.3975473
          1       1154                  0                  0                  0                  0        143607.2139                  0         34.7526808        209.3975473
          1       1155                  0                  0                  0                  0        143731.7302                  0         34.7526808        209.3975473
          1       1156                  0                  0                  0                  0        143856.2465                  0         34.7526808        209.3975473
          1       1157                  0                  0                  0                  0        143980.7627                  0         34.7526808        209.3975473
          1       1158                  0                  0                  0                  0         144105.279                  0         34.7526808        209.3975473
          1       1159                  0                  0                  0                  0        144229.7953                  0         34.7526808        209.3975473
          1       1160                  0                  0                  0                  0        144354.3116                  0         34.7526808        209.3975473
          1       1161                  0                  0                  0                  0        144478.8278                  0         34.7526808        209.3975473
          1       1162                  0                  0                  0                  0        144603.3441                  0         34.7526808        209.3975473
          1       1163                  0                  0                  0                  0        144727.8604                  0         34.7526808        209.3975473
          1       1164                  0                  0                  0                  0        144852.3767                  0         34.7526808        209.3975473
          1       1165                  0                  0                  0                  0        144976.8929                  0         34.7526808        209.3975473
          1       1166                  0                  0                  0                  0        145101.4092                  0         34.7526808        209.3975473
          1       1167                  0                  0                  0                  0        145225.9255                  0         34.7526808        209.3975473
          1       1168                  0                  0                  0                  0        145350.4417                  0         34.7526808        209.3975473
          1       1169                  0                  0                  0                  0         145474.958                  0         34.7526808        209.3975473
          1       1170                  0                  0                  0                  0        145599.4743                  0         34.7526808        209.3975473
          1       1171                  0                  0                  0                  0        145723.9906                  0         34.7526808        209.3975473
          1       1172                  0                  0                  0                  0        145848.5068                  0         34.7526808        209.3975473
          1       1173                  0                  0                  0                  0        145973.0231                  0         34.7526808        209.3975473
          1       1174                  0                  0                  0                  0        146097.5394                  0         34.7526808        209.3975473
          1       1175                  0                  0                  0                  0        146222.0557                  0         34.7526808        209.3975473
          1       1176                  0                  0                  0                  0        146346.5719                  0         34.7526808        209.3975473
          1       1177                  0                  0                  0                  0        146471.0882                  0         34.7526808        209.3975473
          1       1178                  0                  0                  0                  0        146595.6045                  0         34.7526808        209.3975473
          1       1179                  0                  0                  0                  0        146720.1208                  0         34.7526808        209.3975473
          1       1180                  0                  0                  0                  0         146844.637                  0         34.7526808        209.3975473
          1       1181                  0                  0                  0                  0        146969.1533                  0         34.7526808        209.3975473
          1       1182                  0                  0                  0                  0        147093.6696                  0         34.7526808        209.3975473
          1       1183                  0                  0                  0                  0        147218.1859                  0         34.7526808        209.3975473
          1       1184                  0                  0                  0                  0        147342.7021                  0         34.7526808        209.3975473
          1       1185                  0                  0                  0                  0        147467.2184                  0         34.7526808        209.3975473
          1       1186                  0                  0                  0                  0        147591.7347                  0         34.7526808        209.3975473
          1       1187                  0                  0                  0                  0        147716.2509                  0         34.7526808        209.3975473
          1       1188                  0                  0                  0                  0        147840.7672                  0         34.7526808        209.3975473
          1       1189                  0                  0                  0                  0        147965.2835                  0         34.7526808        209.3975473
          1       1190                  0                  0                  0                  0        148089.7998                  0         34.7526808        209.3975473
          1       1191                  0                  0                  0                  0         148214.316                  0         34.7526808        209.3975473
          1       1192                  0                  0                  0                  0        148338.8323                  0         34.7526808        209.3975473
          1       1193                  0                  0                  0                  0        148463.3486                  0         34.7526808        209.3975473
          1       1194                  0                  0                  0                  0        148587.8649                  0         34.7526808        209.3975473
          1       1195                  0                  0                  0                  0        148712.3811                  0         34.7526808        209.3975473
          1       1196                  0                  0                  0                  0        148836.8974                  0         34.7526808        209.3975473
          1       1197                  0                  0                  0                  0        148961.4137                  0         34.7526808        209.3975473
          1       1198                  0                  0                  0                  0          149085.93                  0         34.7526808        209.3975473
          1       1199                  0                  0                  0                  0        149210.4462                  0         34.7526808        209.3975473
          1       1200                  0                  0                  0                  0        149334.9625                  0         34.7526808        209.3975473
          1       1201                  0                  0                  0                  0        149459.4788                  0         34.7526808        209.3975473
          1       1202                  0                  0                  0                  0        149583.9951                  0         34.7526808        209.3975473
          1       1203                  0                  0                  0                  0        149708.5113                  0         34.7526808        209.3975473
          1       1204                  0                  0                  0                  0        149833.0276                  0         34.7526808        209.3975473
          1       1205                  0                  0                  0                  0        149957.5439                  0         34.7526808        209.3975473
          1       1206                  0                  0                  0                  0        150082.0601                  0         34.7526808        209.3975473
          1       1207                  0                  0                  0                  0        150206.5764                  0         34.7526808        209.3975473
          1       1208                  0                  0                  0                  0        150331.0927                  0         34.7526808        209.3975473
          1       1209                  0                  0                  0                  0         150455.609                  0         34.7526808        209.3975473
          1       1210                  0                  0                  0                  0        150580.1252                  0         34.7526808        209.3975473
          1       1211                  0                  0                  0                  0        150704.6415                  0         34.7526808        209.3975473
          1       1212                  0                  0                  0                  0        150829.1578                  0         34.7526808        209.3975473
          1       1213                  0                  0                  0                  0        150953.6741                  0         34.7526808        209.3975473
          1       1214                  0                  0                  0                  0        151078.1903                  0         34.7526808        209.3975473
          1       1215                  0                  0                  0                  0        151202.7066                  0         34.7526808        209.3975473
          1       1216                  0                  0                  0                  0        151327.2229                  0         34.7526808        209.3975473
          1       1217                  0                  0                  0                  0        151451.7392                  0         34.7526808        209.3975473
          1       1218                  0                  0                  0                  0        151576.2554                  0         34.7526808        209.3975473
          1       1219                  0                  0                  0                  0        151700.7717                  0         34.7526808        209.3975473
          1       1220                  0                  0                  0                  0         151825.288                  0         34.7526808        209.3975473
          1       1221                  0                  0                  0                  0        151949.8042                  0         34.7526808        209.3975473
          1       1222                  0                  0                  0                  0        152074.3205                  0         34.7526808        209.3975473
          1       1223                  0                  0                  0                  0        152198.8368                  0         34.7526808        209.3975473
          1       1224                  0                  0                  0                  0        152323.3531                  0         34.7526808        209.3975473
          1       1225                  0                  0                  0                  0        152447.8693                  0         34.7526808        209.3975473
          1       1226                  0                  0                  0                  0        152572.3856                  0         34.7526808        209.3975473
          1       1227                  0                  0                  0                  0        152696.9019                  0         34.7526808        209.3975473
          1       1228                  0                  0                  0                  0        152821.4182                  0         34.7526808        209.3975473
          1       1229                  0                  0                  0                  0        152945.9344                  0         34.7526808        209.3975473
          1       1230                  0                  0                  0                  0        153070.4507                  0         34.7526808        209.3975473
          1       1231                  0                  0                  0                  0         153194.967                  0         34.7526808        209.3975473
          1       1232                  0                  0                  0                  0        153319.4833                  0         34.7526808        209.3975473
          1       1233                  0                  0                  0                  0        153443.9995                  0         34.7526808        209.3975473
          1       1234                  0                  0                  0                  0        153568.5158                  0         34.7526808        209.3975473
          1       1235                  0                  0                  0                  0        153693.0321                  0         34.7526808        209.3975473
          1       1236                  0                  0                  0                  0        153817.5484                  0         34.7526808        209.3975473
          1       1237                  0                  0                  0                  0        153942.0646                  0         34.7526808        209.3975473
          1       1238                  0                  0                  0                  0        154066.5809                  0         34.7526808        209.3975473
          1       1239                  0                  0                  0                  0        154191.0972                  0         34.7526808        209.3975473
          1       1240                  0                  0                  0                  0        154315.6134                  0         34.7526808        209.3975473
          1       1241                  0                  0                  0                  0        154440.1297                  0         34.7526808        209.3975473
          1       1242                  0                  0                  0                  0         154564.646                  0         34.7526808        209.3975473
          1       1243                  0                  0                  0                  0        154689.1623                  0         34.7526808        209.3975473
          1       1244                  0                  0                  0                  0        154813.6785                  0         34.7526808        209.3975473
          1       1245                  0                  0                  0                  0        154938.1948                  0         34.7526808        209.3975473
          1       1246                  0                  0                  0                  0        155062.7111                  0         34.7526808        209.3975473
          1       1247                  0                  0                  0                  0        155187.2274                  0         34.7526808        209.3975473
          1       1248                  0                  0                  0                  0        155311.7436                  0         34.7526808        209.3975473
          1       1249                  0                  0                  0                  0        155436.2599                  0         34.7526808        209.3975473
          1       1250                  0                  0                  0                  0        155560.7762                  0         34.7526808        209.3975473
          1       1251                  0                  0                  0                  0        155685.2925                  0         34.7526808        209.3975473
          1       1252                  0                  0                  0                  0        155809.8087                  0         34.7526808        209.3975473
          1       1253                  0                  0                  0                  0         155934.325                  0         34.7526808        209.3975473
          1       1254                  0                  0                  0                  0        156058.8413                  0         34.7526808        209.3975473
          1       1255                  0                  0                  0                  0        156183.3576                  0         34.7526808        209.3975473
          1       1256                  0                  0                  0                  0        156307.8738                  0         34.7526808        209.3975473
          1       1257                  0                  0                  0                  0        156432.3901                  0         34.7526808        209.3975473
          1       1258                  0                  0                  0                  0        156556.9064                  0         34.7526808        209.3975473
          1       1259                  0                  0                  0                  0        156681.4226                  0         34.7526808        209.3975473
          1       1260                  0                  0                  0                  0        156805.9389                  0         34.7526808        209.3975473
          1       1261                  0                  0                  0                  0        156930.4552                  0         34.7526808        209.3975473
          1       1262                  0                  0                  0                  0        157054.9715                  0         34.7526808        209.3975473
          1       1263                  0                  0                  0                  0        157179.4877                  0         34.7526808        209.3975473
          1       1264                  0                  0                  0                  0         157304.004                  0         34.7526808        209.3975473
          1       1265                  0                  0                  0                  0        157428.5203                  0         34.7526808        209.3975473
          1       1266                  0                  0                  0                  0        157553.0366                  0         34.7526808        209.3975473
          1       1267                  0                  0                  0                  0        157677.5528                  0         34.7526808        209.3975473
          1       1268                  0                  0                  0                  0        157802.0691                  0         34.7526808        209.3975473
          1       1269                  0                  0                  0                  0        157926.5854                  0         34.7526808        209.3975473
          1       1270                  0                  0                  0                  0        158051.1017                  0         34.7526808        209.3975473
          1       1271                  0                  0                  0                  0        158175.6179                  0         34.7526808        209.3975473
          1       1272                  0                  0                  0                  0        158300.1342                  0         34.7526808        209.3975473
          1       1273                  0                  0                  0                  0        158424.6505                  0         34.7526808        209.3975473
          1       1274                  0                  0                  0                  0        158549.1668                  0         34.7526808        209.3975473
          1       1275                  0                  0                  0                  0         158673.683                  0         34.7526808        209.3975473
          1       1276                  0                  0                  0                  0        158798.1993                  0         34.7526808        209.3975473
          1       1277                  0                  0                  0                  0        158922.7156                  0         34.7526808        209.3975473
          1       1278                  0                  0                  0                  0        159047.2318                  0         34.7526808        209.3975473
          1       1279                  0                  0                  0                  0        159171.7481                  0         34.7526808        209.3975473
          1       1280                  0                  0                  0                  0        159296.2644                  0         34.7526808        209.3975473
          1       1281                  0                  0                  0                  0        159420.7807                  0         34.7526808        209.3975473
          1       1282                  0                  0                  0                  0        159545.2969                  0         34.7526808        209.3975473
          1       1283                  0                  0                  0                  0        159669.8132                  0         34.7526808        209.3975473
          1       1284                  0                  0                  0                  0        159794.3295                  0         34.7526808        209.3975473
          1       1285                  0                  0                  0                  0        159918.8458                  0         34.7526808        209.3975473
          1       1286                  0                  0                  0                  0         160043.362                  0         34.7526808        209.3975473
          1       1287                  0                  0                  0                  0        160167.8783                  0         34.7526808        209.3975473
          1       1288                  0                  0                  0                  0        160292.3946                  0         34.7526808        209.3975473
          1       1289                  0                  0                  0                  0        160416.9109                  0         34.7526808        209.3975473
          1       1290                  0                  0                  0                  0        160541.4271                  0         34.7526808        209.3975473
          1       1291                  0                  0                  0                  0        160665.9434                  0         34.7526808        209.3975473
          1       1292                  0                  0                  0                  0        160790.4597                  0         34.7526808        209.3975473
          1       1293                  0                  0                  0                  0        160914.9759                  0         34.7526808        209.3975473
          1       1294                  0                  0                  0                  0        161039.4922                  0         34.7526808        209.3975473
          1       1295                  0                  0                  0                  0        161164.0085                  0         34.7526808        209.3975473
          1       1296                  0                  0                  0                  0        161288.5248                  0         34.7526808        209.3975473
          1       1297                  0                  0                  0                  0         161413.041                  0         34.7526808        209.3975473
          1       1298                  0                  0                  0                  0        161537.5573                  0         34.7526808        209.3975473
          1       1299                  0                  0                  0                  0        161662.0736                  0         34.7526808        209.3975473
          1       1300                  0                  0                  0                  0        161786.5899                  0         34.7526808        209.3975473
          1       1301                  0                  0                  0                  0        161911.1061                  0         34.7526808        209.3975473
          1       1302                  0                  0                  0                  0        162035.6224                  0         34.7526808        209.3975473
          1       1303                  0                  0                  0                  0        162160.1387                  0         34.7526808        209.3975473
          1       1304                  0                  0                  0                  0         162284.655                  0         34.7526808        209.3975473
          1       1305                  0                  0                  0                  0        162409.1712                  0         34.7526808        209.3975473
          1       1306                  0                  0                  0                  0        162533.6875                  0         34.7526808        209.3975473
          1       1307                  0                  0                  0                  0        162658.2038                  0         34.7526808        209.3975473
          1       1308                  0                  0                  0                  0        162782.7201                  0         34.7526808        209.3975473
          1       1309                  0                  0                  0                  0        162907.2363                  0         34.7526808        209.3975473
          1       1310                  0                  0                  0                  0        163031.7526                  0         34.7526808        209.3975473
          1       1311                  0                  0                  0                  0        163156.2689                  0         34.7526808        209.3975473
          1       1312                  0                  0                  0                  0        163280.7851                  0         34.7526808        209.3975473
          1       1313                  0                  0                  0                  0        163405.3014                  0         34.7526808        209.3975473
          1       1314                  0                  0                  0                  0        163529.8177                  0         34.7526808        209.3975473
          1       1315                  0                  0                  0                  0         163654.334                  0         34.7526808        209.3975473
          1       1316                  0                  0                  0                  0        163778.8502                  0         34.7526808        209.3975473
          1       1317                  0                  0                  0                  0        163903.3665                  0         34.7526808        209.3975473
          1       1318                  0                  0                  0                  0        164027.8828                  0         34.7526808        209.3975473
          1       1319                  0                  0                  0                  0        164152.3991                  0         34.7526808        209.3975473
          1       1320                  0                  0                  0                  0        164276.9153                  0         34.7526808        209.3975473
          1       1321                  0                  0                  0                  0        164401.4316                  0         34.7526808        209.3975473
          1       1322                  0                  0                  0                  0        164525.9479                  0         34.7526808        209.3975473
          1       1323                  0                  0                  0                  0        164650.4642                  0         34.7526808        209.3975473
          1       1324                  0                  0                  0                  0        164774.9804                  0         34.7526808        209.3975473
          1       1325                  0                  0                  0                  0        164899.4967                  0         34.7526808        209.3975473
          1       1326                  0                  0                  0                  0         165024.013                  0         34.7526808        209.3975473
          1       1327                  0                  0                  0                  0        165148.5293                  0         34.7526808        209.3975473
          1       1328                  0                  0                  0                  0        165273.0455                  0         34.7526808        209.3975473
          1       1329                  0                  0                  0                  0        165397.5618                  0         34.7526808        209.3975473
          1       1330                  0                  0                  0                  0        165522.0781                  0         34.7526808        209.3975473
          1       1331                  0                  0                  0                  0        165646.5943                  0         34.7526808        209.3975473
          1       1332                  0                  0                  0                  0        165771.1106                  0         34.7526808        209.3975473
          1       1333                  0                  0                  0                  0        165895.6269                  0         34.7526808        209.3975473
          1       1334                  0                  0                  0                  0        166020.1432                  0         34.7526808        209.3975473
          1       1335                  0                  0                  0                  0        166144.6594                  0         34.7526808        209.3975473
          1       1336                  0                  0                  0                  0        166269.1757                  0         34.7526808        209.3975473
          1       1337                  0                  0                  0                  0         166393.692                  0         34.7526808        209.3975473
          1       1338                  0                  0                  0                  0        166518.2083                  0         34.7526808        209.3975473
          1       1339                  0                  0                  0                  0        166642.7245                  0         34.7526808        209.3975473
          1       1340                  0                  0                  0                  0        166767.2408                  0         34.7526808        209.3975473
          1       1341                  0                  0                  0                  0        166891.7571                  0         34.7526808        209.3975473
          1       1342                  0                  0                  0                  0        167016.2734                  0         34.7526808        209.3975473
          1       1343                  0                  0                  0                  0        167140.7896                  0         34.7526808        209.3975473
          1       1344                  0                  0                  0                  0        167265.3059                  0         34.7526808        209.3975473
          1       1345                  0                  0                  0                  0        167389.8222                  0         34.7526808        209.3975473
          1       1346                  0                  0                  0                  0        167514.3385                  0         34.7526808        209.3975473
          1       1347                  0                  0                  0                  0        167638.8547                  0         34.7526808        209.3975473
          1       1348                  0                  0                  0                  0         167763.371                  0         34.7526808        209.3975473
          1       1349                  0                  0                  0                  0        167887.8873                  0         34.7526808        209.3975473
          1       1350                  0                  0                  0                  0        168012.4035                  0         34.7526808        209.3975473
          1       1351                  0                  0                  0                  0        168136.9198                  0         34.7526808        209.3975473
          1       1352                  0                  0                  0                  0        168261.4361                  0         34.7526808        209.3975473
          1       1353                  0                  0                  0                  0        168385.9524                  0         34.7526808        209.3975473
          1       1354                  0                  0                  0                  0        168510.4686                  0         34.7526808        209.3975473
          1       1355                  0                  0                  0                  0        168634.9849                  0         34.7526808        209.3975473
          1       1356                  0                  0                  0                  0        168759.5012                  0         34.7526808        209.3975473
          1       1357                  0                  0                  0                  0        168884.0175                  0         34.7526808        209.3975473
          1       1358                  0                  0                  0                  0        169008.5337                  0         34.7526808        209.3975473
          1       1359                  0                  0                  0                  0          169133.05                  0         34.7526808        209.3975473
          1       1360                  0                  0                  0                  0        169257.5663                  0         34.7526808        209.3975473
          1       1361                  0                  0                  0                  0        169382.0826                  0         34.7526808        209.3975473
          1       1362                  0                  0                  0                  0        169506.5988                  0         34.7526808        209.3975473
          1       1363                  0                  0                  0                  0        169631.1151                  0         34.7526808        209.3975473
          1       1364                  0                  0                  0                  0        169755.6314                  0         34.7526808        209.3975473
          1       1365                  0                  0                  0                  0        169880.1477                  0         34.7526808        209.3975473
          1       1366                  0                  0                  0                  0        170004.6639                  0         34.7526808        209.3975473
          1       1367                  0                  0                  0                  0        170129.1802                  0         34.7526808        209.3975473
          1       1368                  0                  0                  0                  0        170253.6965                  0         34.7526808        209.3975473
          1       1369                  0                  0                  0                  0        170378.2127                  0         34.7526808        209.3975473
          1       1370                  0                  0                  0                  0         170502.729                  0         34.7526808        209.3975473
          1       1371                  0                  0                  0                  0        170627.2453                  0         34.7526808        209.3975473
          1       1372                  0                  0                  0                  0        170751.7616                  0         34.7526808        209.3975473
          1       1373                  0                  0                  0                  0        170876.2778                  0         34.7526808        209.3975473
          1       1374                  0                  0                  0                  0        171000.7941                  0         34.7526808        209.3975473
          1       1375                  0                  0                  0                  0        171125.3104                  0         34.7526808        209.3975473
          1       1376                  0                  0                  0                  0        171249.8267                  0         34.7526808        209.3975473
          1       1377                  0                  0                  0                  0        171374.3429                  0         34.7526808        209.3975473
          1       1378                  0                  0                  0                  0        171498.8592                  0         34.7526808        209.3975473
          1       1379                  0                  0                  0                  0        171623.3755                  0         34.7526808        209.3975473
          1       1380                  0                  0                  0                  0        171747.8918                  0         34.7526808        209.3975473
          1       1381                  0                  0                  0                  0         171872.408                  0         34.7526808        209.3975473
          1       1382                  0                  0                  0                  0        171996.9243                  0         34.7526808        209.3975473
          1       1383                  0                  0                  0                  0        172121.4406                  0         34.7526808        209.3975473
          1       1384                  0                  0                  0                  0        172245.9568                  0         34.7526808        209.3975473
          1       1385                  0                  0                  0                  0        172370.4731                  0         34.7526808        209.3975473
          1       1386                  0                  0                  0                  0        172494.9894                  0         34.7526808        209.3975473
          1       1387                  0                  0                  0                  0        172619.5057                  0         34.7526808        209.3975473
          1       1388                  0                  0                  0                  0        172744.0219                  0         34.7526808        209.3975473
          1       1389                  0                  0                  0                  0        172868.5382                  0         34.7526808        209.3975473
          1       1390                  0                  0                  0                  0        172993.0545                  0         34.7526808        209.3975473
          1       1391                  0                  0                  0                  0        173117.5708                  0         34.7526808        209.3975473
          1       1392                  0                  0                  0                  0         173242.087                  0         34.7526808        209.3975473
          1       1393                  0                  0                  0                  0        173366.6033                  0         34.7526808        209.3975473
          1       1394                  0                  0                  0                  0        173491.1196                  0         34.7526808        209.3975473
          1       1395                  0                  0                  0                  0        173615.6359                  0         34.7526808        209.3975473
          1       1396                  0                  0                  0                  0        173740.1521                  0         34.7526808        209.3975473
          1       1397                  0                  0                  0                  0        173864.6684                  0         34.7526808        209.3975473
          1       1398                  0                  0                  0                  0        173989.1847                  0         34.7526808        209.3975473
          1       1399                  0                  0                  0                  0         174113.701                  0         34.7526808        209.3975473
          1       1400                  0                  0                  0                  0        174238.2172                  0         34.7526808        209.3975473
          1       1401                  0                  0                  0                  0        174362.7335                  0         34.7526808        209.3975473
          1       1402                  0                  0                  0                  0        174487.2498                  0         34.7526808        209.3975473
          1       1403                  0                  0                  0                  0         174611.766                  0         34.7526808        209.3975473
          1       1404                  0                  0                  0                  0        174736.2823                  0         34.7526808        209.3975473
          1       1405                  0                  0                  0                  0        174860.7986                  0         34.7526808        209.3975473
          1       1406                  0                  0                  0                  0        174985.3149                  0         34.7526808        209.3975473
          1       1407                  0                  0                  0                  0        175109.8311                  0         34.7526808        209.3975473
          1       1408                  0                  0                  0                  0        175234.3474                  0         34.7526808        209.3975473
          1       1409                  0                  0                  0                  0        175358.8637                  0         34.7526808        209.3975473
          1       1410                  0                  0                  0                  0          175483.38                  0         34.7526808        209.3975473
          1       1411                  0                  0                  0                  0        175607.8962                  0         34.7526808        209.3975473
          1       1412                  0                  0                  0                  0        175732.4125                  0         34.7526808        209.3975473
          1       1413                  0                  0                  0                  0        175856.9288                  0         34.7526808        209.3975473
          1       1414                  0                  0                  0                  0        175981.4451                  0         34.7526808        209.3975473
          1       1415                  0                  0                  0                  0        176105.9613                  0         34.7526808        209.3975473
          1       1416                  0                  0                  0                  0        176230.4776                  0         34.7526808        209.3975473
          1       1417                  0                  0                  0                  0        176354.9939                  0         34.7526808        209.3975473
          1       1418                  0                  0                  0                  0        176479.5102                  0         34.7526808        209.3975473
          1       1419                  0                  0                  0                  0        176604.0264                  0         34.7526808        209.3975473
          1       1420                  0                  0                  0                  0        176728.5427                  0         34.7526808        209.3975473
          1       1421                  0                  0                  0                  0         176853.059                  0         34.7526808        209.3975473
          1       1422                  0                  0                  0                  0        176977.5752                  0         34.7526808        209.3975473
          1       1423                  0                  0                  0                  0        177102.0915                  0         34.7526808        209.3975473
          1       1424                  0                  0                  0                  0        177226.6078                  0         34.7526808        209.3975473
          1       1425                  0                  0                  0                  0        177351.1241                  0         34.7526808        209.3975473
          1       1426                  0                  0                  0                  0        177475.6403                  0         34.7526808        209.3975473
          1       1427                  0                  0                  0                  0        177600.1566                  0         34.7526808        209.3975473
          1       1428                  0                  0                  0                  0        177724.6729                  0         34.7526808        209.3975473
          1       1429                  0                  0                  0                  0        177849.1892                  0         34.7526808        209.3975473
          1       1430                  0                  0                  0                  0        177973.7054                  0         34.7526808        209.3975473
          1       1431                  0                  0                  0                  0        178098.2217                  0         34.7526808        209.3975473
          1       1432                  0                  0                  0                  0         178222.738                  0         34.7526808        209.3975473
          1       1433                  0                  0                  0                  0        178347.2543                  0         34.7526808        209.3975473
          1       1434                  0                  0                  0                  0        178471.7705                  0         34.7526808        209.3975473
          1       1435                  0                  0                  0                  0        178596.2868                  0         34.7526808        209.3975473
          1       1436                  0                  0                  0                  0        178720.8031                  0         34.7526808        209.3975473
          1       1437                  0                  0                  0                  0        178845.3194                  0         34.7526808        209.3975473
          1       1438                  0                  0                  0                  0        178969.8356                  0         34.7526808        209.3975473
          1       1439                  0                  0                  0                  0        179094.3519                  0         34.7526808        209.3975473
          1       1440                  0                  0                  0                  0        179218.8682                  0         34.7526808        209.3975473
          1       1441                  0                  0                  0                  0        179343.3844                  0         34.7526808        209.3975473
          1       1442                  0                  0                  0                  0        179467.9007                  0         34.7526808        209.3975473
          1       1443                  0                  0                  0                  0         179592.417                  0         34.7526808        209.3975473
          1       1444                  0                  0                  0                  0        179716.9333                  0         34.7526808        209.3975473
          1       1445                  0                  0                  0                  0        179841.4495                  0         34.7526808        209.3975473
          1       1446                  0                  0                  0                  0        179965.9658                  0         34.7526808        209.3975473
          1       1447                  0                  0                  0                  0        180090.4821                  0         34.7526808        209.3975473
          1       1448                  0                  0                  0                  0        180214.9984                  0         34.7526808        209.3975473
          1       1449                  0                  0                  0                  0        180339.5146                  0         34.7526808        209.3975473
          1       1450                  0                  0                  0                  0        180464.0309                  0         34.7526808        209.3975473
          1       1451                  0                  0                  0                  0        180588.5472                  0         34.7526808        209.3975473
          1       1452                  0                  0                  0                  0        180713.0635                  0         34.7526808        209.3975473
          1       1453                  0                  0                  0                  0        180837.5797                  0         34.7526808        209.3975473
          1       1454                  0                  0                  0                  0         180962.096                  0         34.7526808        209.3975473
          1       1455                  0                  0                  0                  0        181086.6123                  0         34.7526808        209.3975473
          1       1456                  0                  0                  0                  0        181211.1286                  0         34.7526808        209.3975473
          1       1457                  0                  0                  0                  0        181335.6448                  0         34.7526808        209.3975473
          1       1458                  0                  0                  0                  0        181460.1611                  0         34.7526808        209.3975473
          1       1459                  0                  0                  0                  0        181584.6774                  0         34.7526808        209.3975473
          1       1460                  0                  0                  0                  0        181709.1936                  0         34.7526808        209.3975473
          1       1461                  0                  0                  0                  0        181833.7099                  0         34.7526808        209.3975473
          1       1462                  0                  0                  0                  0        181958.2262                  0         34.7526808        209.3975473
          1       1463                  0                  0                  0                  0        182082.7425                  0         34.7526808        209.3975473
          1       1464                  0                  0                  0                  0        182207.2587                  0         34.7526808        209.3975473
          1       1465                  0                  0                  0                  0         182331.775                  0         34.7526808        209.3975473
          1       1466                  0                  0                  0                  0        182456.2913                  0         34.7526808        209.3975473
          1       1467                  0                  0                  0                  0        182580.8076                  0         34.7526808        209.3975473
          1       1468                  0                  0                  0                  0        182705.3238                  0         34.7526808        209.3975473
          1       1469                  0                  0                  0                  0        182829.8401                  0         34.7526808        209.3975473
          1       1470                  0                  0                  0                  0        182954.3564                  0         34.7526808        209.3975473
          1       1471                  0                  0                  0                  0        183078.8727                  0         34.7526808        209.3975473
          1       1472                  0                  0                  0                  0        183203.3889                  0         34.7526808        209.3975473
          1       1473                  0                  0                  0                  0        183327.9052                  0         34.7526808        209.3975473
          1       1474                  0                  0                  0                  0        183452.4215                  0         34.7526808        209.3975473
          1       1475                  0                  0                  0                  0        183576.9377                  0         34.7526808        209.3975473
          1       1476                  0                  0                  0                  0         183701.454                  0         34.7526808        209.3975473
          1       1477                  0                  0                  0                  0        183825.9703                  0         34.7526808        209.3975473
          1       1478                  0                  0                  0                  0        183950.4866                  0         34.7526808        209.3975473
          1       1479                  0                  0                  0                  0        184075.0028                  0         34.7526808        209.3975473
          1       1480                  0                  0                  0                  0        184199.5191                  0         34.7526808        209.3975473
          1       1481                  0                  0                  0                  0        184324.0354                  0         34.7526808        209.3975473
          1       1482                  0                  0                  0                  0        184448.5517                  0         34.7526808        209.3975473
          1       1483                  0                  0                  0                  0        184573.0679                  0         34.7526808        209.3975473
          1       1484                  0                  0                  0                  0        184697.5842                  0         34.7526808        209.3975473
          1       1485                  0                  0                  0                  0        184822.1005                  0         34.7526808        209.3975473
          1       1486                  0                  0                  0                  0        184946.6168                  0         34.7526808        209.3975473
          1       1487                  0                  0                  0                  0         185071.133                  0         34.7526808        209.3975473
          1       1488                  0                  0                  0                  0        185195.6493                  0         34.7526808        209.3975473
          1       1489                  0                  0                  0                  0        185320.1656                  0         34.7526808        209.3975473
          1       1490                  0                  0                  0                  0        185444.6819                  0         34.7526808        209.3975473
          1       1491                  0                  0                  0                  0        185569.1981                  0         34.7526808        209.3975473
          1       1492                  0                  0                  0                  0        185693.7144                  0         34.7526808        209.3975473
          1       1493                  0                  0                  0                  0        185818.2307                  0         34.7526808        209.3975473
          1       1494                  0                  0                  0                  0        185942.7469                  0         34.7526808        209.3975473
          1       1495                  0                  0                  0                  0        186067.2632                  0         34.7526808        209.3975473
          1       1496                  0                  0                  0                  0        186191.7795                  0         34.7526808        209.3975473
          1       1497                  0                  0                  0                  0        186316.2958                  0         34.7526808        209.3975473
          1       1498                  0                  0                  0                  0         186440.812                  0         34.7526808        209.3975473
          1       1499                  0                  0                  0                  0        186565.3283                  0         34.7526808        209.3975473
          1       1500                  0                  0                  0                  0        186689.8446                  0         34.7526808        209.3975473
          1       1501                  0                  0                  0                  0        186814.3609                  0         34.7526808        209.3975473
          1       1502                  0                  0                  0                  0        186938.8771                  0         34.7526808        209.3975473
          1       1503                  0                  0                  0                  0        187063.3934                  0         34.7526808        209.3975473
          1       1504                  0                  0                  0                  0        187187.9097                  0         34.7526808        209.3975473
          1       1505                  0                  0                  0                  0         187312.426                  0         34.7526808        209.3975473
          1       1506                  0                  0                  0                  0        187436.9422                  0         34.7526808        209.3975473
          1       1507                  0                  0                  0                  0        187561.4585                  0         34.7526808        209.3975473
          1       1508                  0                  0                  0                  0        187685.9748                  0         34.7526808        209.3975473
          1       1509                  0                  0                  0                  0        187810.4911                  0         34.7526808        209.3975473
          1       1510                  0                  0                  0                  0        187935.0073                  0         34.7526808        209.3975473
          1       1511                  0                  0                  0                  0        188059.5236                  0         34.7526808        209.3975473
          1       1512                  0                  0                  0                  0        188184.0399                  0         34.7526808        209.3975473
          1       1513                  0                  0                  0                  0        188308.5561                  0         34.7526808        209.3975473
          1       1514                  0                  0                  0                  0        188433.0724                  0         34.7526808        209.3975473
          1       1515                  0                  0                  0                  0        188557.5887                  0         34.7526808        209.3975473
          1       1516                  0                  0                  0                  0         188682.105                  0         34.7526808        209.3975473
          1       1517                  0                  0                  0                  0        188806.6212                  0         34.7526808        209.3975473
          1       1518                  0                  0                  0                  0        188931.1375                  0         34.7526808        209.3975473
          1       1519                  0                  0                  0                  0        189055.6538                  0         34.7526808        209.3975473
          1       1520                  0                  0                  0                  0        189180.1701                  0         34.7526808        209.3975473
          1       1521                  0                  0                  0                  0        189304.6863                  0         34.7526808        209.3975473
          1       1522                  0                  0                  0                  0        189429.2026                  0         34.7526808        209.3975473
          1       1523                  0                  0                  0                  0        189553.7189                  0         34.7526808        209.3975473
          1       1524                  0                  0                  0                  0        189678.2352                  0         34.7526808        209.3975473
          1       1525                  0                  0                  0                  0        189802.7514                  0         34.7526808        209.3975473
          1       1526                  0                  0                  0                  0        189927.2677                  0         34.7526808        209.3975473
          1       1527                  0                  0                  0                  0         190051.784                  0         34.7526808        209.3975473
          1       1528                  0                  0                  0                  0        190176.3003                  0         34.7526808        209.3975473
          1       1529                  0                  0                  0                  0        190300.8165                  0         34.7526808        209.3975473
          1       1530                  0                  0                  0                  0        190425.3328                  0         34.7526808        209.3975473
          1       1531                  0                  0                  0                  0        190549.8491                  0         34.7526808        209.3975473
          1       1532                  0                  0                  0                  0        190674.3653                  0         34.7526808        209.3975473
          1       1533                  0                  0                  0                  0        190798.8816                  0         34.7526808        209.3975473
          1       1534                  0                  0                  0                  0        190923.3979                  0         34.7526808        209.3975473
          1       1535                  0                  0                  0                  0        191047.9142                  0         34.7526808        209.3975473
          1       1536                  0                  0                  0                  0        191172.4304                  0         34.7526808        209.3975473
          1       1537                  0                  0                  0                  0        191296.9467                  0         34.7526808        209.3975473
          1       1538                  0                  0                  0                  0         191421.463                  0         34.7526808        209.3975473
          1       1539                  0                  0                  0                  0        191545.9793                  0         34.7526808        209.3975473
          1       1540                  0                  0                  0                  0        191670.4955                  0         34.7526808        209.3975473
          1       1541                  0                  0                  0                  0        191795.0118                  0         34.7526808        209.3975473
          1       1542                  0                  0                  0                  0        191919.5281                  0         34.7526808        209.3975473
          1       1543                  0                  0                  0                  0        192044.0444                  0         34.7526808        209.3975473
          1       1544                  0                  0                  0                  0        192168.5606                  0         34.7526808        209.3975473
          1       1545                  0                  0                  0                  0        192293.0769                  0         34.7526808        209.3975473
          1       1546                  0                  0                  0                  0        192417.5932                  0         34.7526808        209.3975473
          1       1547                  0                  0                  0                  0        192542.1095                  0         34.7526808        209.3975473
          1       1548                  0                  0                  0                  0        192666.6257                  0         34.7526808        209.3975473
          1       1549                  0                  0                  0                  0         192791.142                  0         34.7526808        209.3975473
          1       1550                  0                  0                  0                  0        192915.6583                  0         34.7526808        209.3975473
          1       1551                  0                  0                  0                  0        193040.1745                  0         34.7526808        209.3975473
          1       1552                  0                  0                  0                  0        193164.6908                  0         34.7526808        209.3975473
          1       1553                  0                  0                  0                  0        193289.2071                  0         34.7526808        209.3975473
          1       1554                  0                  0                  0                  0        193413.7234                  0         34.7526808        209.3975473
          1       1555                  0                  0                  0                  0        193538.2396                  0         34.7526808        209.3975473
          1       1556                  0                  0                  0                  0        193662.7559                  0         34.7526808        209.3975473
          1       1557                  0                  0                  0                  0        193787.2722                  0         34.7526808        209.3975473
          1       1558                  0                  0                  0                  0        193911.7885                  0         34.7526808        209.3975473
          1       1559                  0                  0                  0                  0        194036.3047                  0         34.7526808        209.3975473
          1       1560                  0                  0                  0                  0         194160.821                  0         34.7526808        209.3975473
          1       1561                  0                  0                  0                  0        194285.3373                  0         34.7526808        209.3975473
          1       1562                  0                  0                  0                  0        194409.8536                  0         34.7526808        209.3975473
          1       1563                  0                  0                  0                  0        194534.3698                  0         34.7526808        209.3975473
          1       1564                  0                  0                  0                  0        194658.8861                  0         34.7526808        209.3975473
          1       1565                  0                  0                  0                  0        194783.4024                  0         34.7526808        209.3975473
          1       1566                  0                  0                  0                  0        194907.9186                  0         34.7526808        209.3975473
          1       1567                  0                  0                  0                  0        195032.4349                  0         34.7526808        209.3975473
          1       1568                  0                  0                  0                  0        195156.9512                  0         34.7526808        209.3975473
          1       1569                  0                  0                  0                  0        195281.4675                  0         34.7526808        209.3975473
          1       1570                  0                  0                  0                  0        195405.9837                  0         34.7526808        209.3975473
          1       1571                  0                  0                  0                  0           195530.5                  0         34.7526808        209.3975473
          1       1572                  0                  0                  0                  0        195655.0163                  0         34.7526808        209.3975473
          1       1573                  0                  0                  0                  0        195779.5326                  0         34.7526808        209.3975473
          1       1574                  0                  0                  0                  0        195904.0488                  0         34.7526808        209.3975473
          1       1575                  0                  0                  0                  0        196028.5651                  0         34.7526808        209.3975473
          1       1576                  0                  0                  0                  0        196153.0814                  0         34.7526808        209.3975473
          1       1577                  0                  0                  0                  0        196277.5977                  0         34.7526808        209.3975473
          1       1578                  0                  0                  0                  0        196402.1139                  0         34.7526808        209.3975473
          1       1579                  0                  0                  0                  0        196526.6302                  0         34.7526808        209.3975473
          1       1580                  0                  0                  0                  0        196651.1465                  0         34.7526808        209.3975473
          1       1581                  0                  0                  0                  0        196775.6628                  0         34.7526808        209.3975473
          1       1582                  0                  0                  0                  0         196900.179                  0         34.7526808        209.3975473
          1       1583                  0                  0                  0                  0        197024.6953                  0         34.7526808        209.3975473
          1       1584                  0                  0                  0                  0        197149.2116                  0         34.7526808        209.3975473
          1       1585                  0                  0                  0                  0        197273.7278                  0         34.7526808        209.3975473
          1       1586                  0                  0                  0                  0        197398.2441                  0         34.7526808        209.3975473
          1       1587                  0                  0                  0                  0        197522.7604                  0         34.7526808        209.3975473
          1       1588                  0                  0                  0                  0        197647.2767                  0         34.7526808        209.3975473
          1       1589                  0                  0                  0                  0        197771.7929                  0         34.7526808        209.3975473
          1       1590                  0                  0                  0                  0        197896.3092                  0         34.7526808        209.3975473
          1       1591                  0                  0                  0                  0        198020.8255                  0         34.7526808        209.3975473
          1       1592                  0                  0                  0                  0        198145.3418                  0         34.7526808        209.3975473
          1       1593                  0                  0                  0                  0         198269.858                  0         34.7526808        209.3975473
          1       1594                  0                  0                  0                  0        198394.3743                  0         34.7526808        209.3975473
          1       1595                  0                  0                  0                  0        198518.8906                  0         34.7526808        209.3975473
          1       1596                  0                  0                  0                  0        198643.4069                  0         34.7526808        209.3975473
          1       1597                  0                  0                  0                  0        198767.9231                  0         34.7526808        209.3975473
          1       1598                  0                  0                  0                  0        198892.4394                  0         34.7526808        209.3975473
          1       1599                  0                  0                  0                  0        199016.9557                  0         34.7526808        209.3975473
          1       1600                  0                  0                  0                  0         199141.472                  0         34.7526808        209.3975473
          1       1601                  0                  0                  0                  0        199265.9882                  0         34.7526808        209.3975473
          1       1602                  0                  0                  0                  0        199390.5045                  0         34.7526808        209.3975473
          1       1603                  0                  0                  0                  0        199515.0208                  0         34.7526808        209.3975473
          1       1604                  0                  0                  0                  0         199639.537                  0         34.7526808        209.3975473
          1       1605                  0                  0                  0                  0        199764.0533                  0         34.7526808        209.3975473
          1       1606                  0                  0                  0                  0        199888.5696                  0         34.7526808        209.3975473
          1       1607                  0                  0                  0                  0        200013.0859                  0         34.7526808        209.3975473
          1       1608                  0                  0                  0                  0        200137.6021                  0         34.7526808        209.3975473
          1       1609                  0                  0                  0                  0        200262.1184                  0         34.7526808        209.3975473
          1       1610                  0                  0                  0                  0        200386.6347                  0         34.7526808        209.3975473
          1       1611                  0                  0                  0                  0         200511.151                  0         34.7526808        209.3975473
          1       1612                  0                  0                  0                  0        200635.6672                  0         34.7526808        209.3975473
          1       1613                  0                  0                  0                  0        200760.1835                  0         34.7526808        209.3975473
          1       1614                  0                  0                  0                  0        200884.6998                  0         34.7526808        209.3975473
          1       1615                  0                  0                  0                  0        201009.2161                  0         34.7526808        209.3975473
          1       1616                  0                  0                  0                  0        201133.7323                  0         34.7526808        209.3975473
          1       1617                  0                  0                  0                  0        201258.2486                  0         34.7526808        209.3975473
          1       1618                  0                  0                  0                  0        201382.7649                  0         34.7526808        209.3975473
          1       1619                  0                  0                  0                  0        201507.2812                  0         34.7526808        209.3975473
          1       1620                  0                  0                  0                  0        201631.7974                  0         34.7526808        209.3975473
          1       1621                  0                  0                  0                  0        201756.3137                  0         34.7526808        209.3975473
          1       1622                  0                  0                  0                  0          201880.83                  0         34.7526808        209.3975473
          1       1623                  0                  0                  0                  0        202005.3462                  0         34.7526808        209.3975473
          1       1624                  0                  0                  0                  0        202129.8625                  0         34.7526808        209.3975473
          1       1625                  0                  0                  0                  0        202254.3788                  0         34.7526808        209.3975473
          1       1626                  0                  0                  0                  0        202378.8951                  0         34.7526808        209.3975473
          1       1627                  0                  0                  0                  0        202503.4113                  0         34.7526808        209.3975473
          1       1628                  0                  0                  0                  0        202627.9276                  0         34.7526808        209.3975473
          1       1629                  0                  0                  0                  0        202752.4439                  0         34.7526808        209.3975473
          1       1630                  0                  0                  0                  0        202876.9602                  0         34.7526808        209.3975473
          1       1631                  0                  0                  0                  0        203001.4764                  0         34.7526808        209.3975473
          1       1632                  0                  0                  0                  0        203125.9927                  0         34.7526808        209.3975473
          1       1633                  0                  0                  0                  0         203250.509                  0         34.7526808        209.3975473
          1       1634                  0                  0                  0                  0        203375.0253                  0         34.7526808        209.3975473
          1       1635                  0                  0                  0                  0        203499.5415                  0         34.7526808        209.3975473
          1       1636                  0                  0                  0                  0        203624.0578                  0         34.7526808        209.3975473
          1       1637                  0                  0                  0                  0        203748.5741                  0         34.7526808        209.3975473
          1       1638                  0                  0                  0                  0        203873.0904                  0         34.7526808        209.3975473
          1       1639                  0                  0                  0                  0        203997.6066                  0         34.7526808        209.3975473
          1       1640                  0                  0                  0                  0        204122.1229                  0         34.7526808        209.3975473
          1       1641                  0                  0                  0                  0        204246.6392                  0         34.7526808        209.3975473
          1       1642                  0                  0                  0                  0        204371.1554                  0         34.7526808        209.3975473
          1       1643                  0                  0                  0                  0        204495.6717                  0         34.7526808        209.3975473
          1       1644                  0                  0                  0                  0         204620.188                  0         34.7526808        209.3975473
          1       1645                  0                  0                  0                  0        204744.7043                  0         34.7526808        209.3975473
          1       1646                  0                  0                  0                  0        204869.2205                  0         34.7526808        209.3975473
          1       1647                  0                  0                  0                  0        204993.7368                  0         34.7526808        209.3975473
          1       1648                  0                  0                  0                  0        205118.2531                  0         34.7526808        209.3975473
          1       1649                  0                  0                  0                  0        205242.7694                  0         34.7526808        209.3975473
          1       1650                  0                  0                  0                  0        205367.2856                  0         34.7526808        209.3975473
          1       1651                  0                  0                  0                  0        205491.8019                  0         34.7526808        209.3975473
          1       1652                  0                  0                  0                  0        205616.3182                  0         34.7526808        209.3975473
          1       1653                  0                  0                  0                  0        205740.8345                  0         34.7526808        209.3975473
          1       1654                  0                  0                  0                  0        205865.3507                  0         34.7526808        209.3975473
          1       1655                  0                  0                  0                  0         205989.867                  0         34.7526808        209.3975473
          1       1656                  0                  0                  0                  0        206114.3833                  0         34.7526808        209.3975473
          1       1657                  0                  0                  0                  0        206238.8995                  0         34.7526808        209.3975473
          1       1658                  0                  0                  0                  0        206363.4158                  0         34.7526808        209.3975473
          1       1659                  0                  0                  0                  0        206487.9321                  0         34.7526808        209.3975473
          1       1660                  0                  0                  0                  0        206612.4484                  0         34.7526808        209.3975473
          1       1661                  0                  0                  0                  0        206736.9646                  0         34.7526808        209.3975473
          1       1662                  0                  0                  0                  0        206861.4809                  0         34.7526808        209.3975473
          1       1663                  0                  0                  0                  0        206985.9972                  0         34.7526808        209.3975473
          1       1664                  0                  0                  0                  0        207110.5135                  0         34.7526808        209.3975473
          1       1665                  0                  0                  0                  0        207235.0297                  0         34.7526808        209.3975473
          1       1666                  0                  0                  0                  0         207359.546                  0         34.7526808        209.3975473
          1       1667                  0                  0                  0                  0        207484.0623                  0         34.7526808        209.3975473
          1       1668                  0                  0                  0                  0        207608.5786                  0         34.7526808        209.3975473
          1       1669                  0                  0                  0                  0        207733.0948                  0         34.7526808        209.3975473
          1       1670                  0                  0                  0                  0        207857.6111                  0         34.7526808        209.3975473
          1       1671                  0                  0                  0                  0        207982.1274                  0         34.7526808        209.3975473
          1       1672                  0                  0                  0                  0        208106.6437                  0         34.7526808        209.3975473
          1       1673                  0                  0                  0                  0        208231.1599                  0         34.7526808        209.3975473
          1       1674                  0                  0                  0                  0        208355.6762                  0         34.7526808        209.3975473
          1       1675                  0                  0                  0                  0        208480.1925                  0         34.7526808        209.3975473
          1       1676                  0                  0                  0                  0        208604.7087                  0         34.7526808        209.3975473
          1       1677                  0                  0                  0                  0         208729.225                  0         34.7526808        209.3975473
          1       1678                  0                  0                  0                  0        208853.7413                  0         34.7526808        209.3975473
          1       1679                  0                  0                  0                  0        208978.2576                  0         34.7526808        209.3975473
          1       1680                  0                  0                  0                  0        209102.7738                  0         34.7526808        209.3975473
          1       1681                  0                  0                  0                  0        209227.2901                  0         34.7526808        209.3975473
          1       1682                  0                  0                  0                  0        209351.8064                  0         34.7526808        209.3975473
          1       1683                  0                  0                  0                  0        209476.3227                  0         34.7526808        209.3975473
          1       1684                  0                  0                  0                  0        209600.8389                  0         34.7526808        209.3975473
          1       1685                  0                  0                  0                  0        209725.3552                  0         34.7526808        209.3975473
          1       1686                  0                  0                  0                  0        209849.8715                  0         34.7526808        209.3975473
          1       1687                  0                  0                  0                  0        209974.3878                  0         34.7526808        209.3975473
          1       1688                  0                  0                  0                  0         210098.904                  0         34.7526808        209.3975473
          1       1689                  0                  0                  0                  0        210223.4203                  0         34.7526808        209.3975473
          1       1690                  0                  0                  0                  0        210347.9366                  0         34.7526808        209.3975473
          1       1691                  0                  0                  0                  0        210472.4529                  0         34.7526808        209.3975473
          1       1692                  0                  0                  0                  0        210596.9691                  0         34.7526808        209.3975473
          1       1693                  0                  0                  0                  0        210721.4854                  0         34.7526808        209.3975473
          1       1694                  0                  0                  0                  0        210846.0017                  0         34.7526808        209.3975473
          1       1695                  0                  0                  0                  0        210970.5179                  0         34.7526808        209.3975473
          1       1696                  0                  0                  0                  0        211095.0342                  0         34.7526808        209.3975473
          1       1697                  0                  0                  0                  0        211219.5505                  0         34.7526808        209.3975473
          1       1698                  0                  0                  0                  0        211344.0668                  0         34.7526808        209.3975473
          1       1699                  0                  0                  0                  0         211468.583                  0         34.7526808        209.3975473
          1       1700                  0                  0                  0                  0        211593.0993                  0         34.7526808        209.3975473
          1       1701                  0                  0                  0                  0        211717.6156                  0         34.7526808        209.3975473
          1       1702                  0                  0                  0                  0        211842.1319                  0         34.7526808        209.3975473
          1       1703                  0                  0                  0                  0        211966.6481                  0         34.7526808        209.3975473
          1       1704                  0                  0                  0                  0        212091.1644                  0         34.7526808        209.3975473
          1       1705                  0                  0                  0                  0        212215.6807                  0         34.7526808        209.3975473
          1       1706                  0                  0                  0                  0         212340.197                  0         34.7526808        209.3975473
          1       1707                  0                  0                  0                  0        212464.7132                  0         34.7526808        209.3975473
          1       1708                  0                  0                  0                  0        212589.2295                  0         34.7526808        209.3975473
          1       1709                  0                  0                  0                  0        212713.7458                  0         34.7526808        209.3975473
          1       1710                  0                  0                  0                  0        212838.2621                  0         34.7526808        209.3975473
          1       1711                  0                  0                  0                  0        212962.7783                  0         34.7526808        209.3975473
          1       1712                  0                  0                  0                  0        213087.2946                  0         34.7526808        209.3975473
          1       1713                  0                  0                  0                  0        213211.8109                  0         34.7526808        209.3975473
          1       1714                  0                  0                  0                  0        213336.3271                  0         34.7526808        209.3975473
          1       1715                  0                  0                  0                  0        213460.8434                  0         34.7526808        209.3975473
          1       1716                  0                  0                  0                  0        213585.3597                  0         34.7526808        209.3975473
          1       1717                  0                  0                  0                  0         213709.876                  0         34.7526808        209.3975473
          1       1718                  0                  0                  0                  0        213834.3922                  0         34.7526808        209.3975473
          1       1719                  0                  0                  0                  0        213958.9085                  0         34.7526808        209.3975473
          1       1720                  0                  0                  0                  0        214083.4248                  0         34.7526808        209.3975473
          1       1721                  0                  0                  0                  0        214207.9411                  0         34.7526808        209.3975473
          1       1722                  0                  0                  0                  0        214332.4573                  0         34.7526808        209.3975473
          1       1723                  0                  0                  0                  0        214456.9736                  0         34.7526808        209.3975473
          1       1724                  0                  0                  0                  0        214581.4899                  0         34.7526808        209.3975473
          1       1725                  0                  0                  0                  0        214706.0062                  0         34.7526808        209.3975473
          1       1726                  0                  0                  0                  0        214830.5224                  0         34.7526808        209.3975473
          1       1727                  0                  0                  0                  0        214955.0387                  0         34.7526808        209.3975473
          1       1728                  0                  0                  0                  0         215079.555                  0         34.7526808        209.3975473
          1       1729                  0                  0                  0                  0        215204.0713                  0         34.7526808        209.3975473
          1       1730                  0                  0                  0                  0        215328.5875                  0         34.7526808        209.3975473
          1       1731                  0                  0                  0                  0        215453.1038                  0         34.7526808        209.3975473
          1       1732                  0                  0                  0                  0        215577.6201                  0         34.7526808        209.3975473
          1       1733                  0                  0                  0                  0        215702.1363                  0         34.7526808        209.3975473
          1       1734                  0                  0                  0                  0        215826.6526                  0         34.7526808        209.3975473
          1       1735                  0                  0                  0                  0        215951.1689                  0         34.7526808        209.3975473
          1       1736                  0                  0                  0                  0        216075.6852                  0         34.7526808        209.3975473
          1       1737                  0                  0                  0                  0        216200.2014                  0         34.7526808        209.3975473
          1       1738                  0                  0                  0                  0        216324.7177                  0         34.7526808        209.3975473
          1       1739                  0                  0                  0                  0         216449.234                  0         34.7526808        209.3975473
          1       1740                  0                  0                  0                  0        216573.7503                  0         34.7526808        209.3975473
          1       1741                  0                  0                  0                  0        216698.2665                  0         34.7526808        209.3975473
          1       1742                  0                  0                  0                  0        216822.7828                  0         34.7526808        209.3975473
          1       1743                  0                  0                  0                  0        216947.2991                  0         34.7526808        209.3975473
          1       1744                  0                  0                  0                  0        217071.8154                  0         34.7526808        209.3975473
          1       1745                  0                  0                  0                  0        217196.3316                  0         34.7526808        209.3975473
          1       1746                  0                  0                  0                  0        217320.8479                  0         34.7526808        209.3975473
          1       1747                  0                  0                  0                  0        217445.3642                  0         34.7526808        209.3975473
          1       1748                  0                  0                  0                  0        217569.8804                  0         34.7526808        209.3975473
          1       1749                  0                  0                  0                  0        217694.3967                  0         34.7526808        209.3975473
          1       1750                  0                  0                  0                  0         217818.913                  0         34.7526808        209.3975473
          1       1751                  0                  0                  0                  0        217943.4293                  0         34.7526808        209.3975473
          1       1752                  0                  0                  0                  0        218067.9455                  0         34.7526808        209.3975473
          1       1753                  0                  0                  0                  0        218192.4618                  0         34.7526808        209.3975473
          1       1754                  0                  0                  0                  0        218316.9781                  0         34.7526808        209.3975473
          1       1755                  0                  0                  0                  0        218441.4944                  0         34.7526808        209.3975473
          1       1756                  0                  0                  0                  0        218566.0106                  0         34.7526808        209.3975473
          1       1757                  0                  0                  0                  0        218690.5269                  0         34.7526808        209.3975473
          1       1758                  0                  0                  0                  0        218815.0432                  0         34.7526808        209.3975473
          1       1759                  0                  0                  0                  0        218939.5595                  0         34.7526808        209.3975473
          1       1760                  0                  0                  0                  0        219064.0757                  0         34.7526808        209.3975473
          1       1761                  0                  0                  0                  0         219188.592                  0         34.7526808        209.3975473
          1       1762                  0                  0                  0                  0        219313.1083                  0         34.7526808        209.3975473
          1       1763                  0                  0                  0                  0        219437.6246                  0         34.7526808        209.3975473
          1       1764                  0                  0                  0                  0        219562.1408                  0         34.7526808        209.3975473
          1       1765                  0                  0                  0                  0        219686.6571                  0         34.7526808        209.3975473
          1       1766                  0                  0                  0                  0        219811.1734                  0         34.7526808        209.3975473
          1       1767                  0                  0                  0                  0        219935.6896                  0         34.7526808        209.3975473
          1       1768                  0                  0                  0                  0        220060.2059                  0         34.7526808        209.3975473
          1       1769                  0                  0                  0                  0        220184.7222                  0         34.7526808        209.3975473
          1       1770                  0                  0                  0                  0        220309.2385                  0         34.7526808        209.3975473
          1       1771                  0                  0                  0                  0        220433.7547                  0         34.7526808        209.3975473
          1       1772                  0                  0                  0                  0         220558.271                  0         34.7526808        209.3975473
          1       1773                  0                  0                  0                  0        220682.7873                  0         34.7526808        209.3975473
          1       1774                  0                  0                  0                  0        220807.3036                  0         34.7526808        209.3975473
          1       1775                  0                  0                  0                  0        220931.8198                  0         34.7526808        209.3975473
          1       1776                  0                  0                  0                  0        221056.3361                  0         34.7526808        209.3975473
          1       1777                  0                  0                  0                  0        221180.8524                  0         34.7526808        209.3975473
          1       1778                  0                  0                  0                  0        221305.3687                  0         34.7526808        209.3975473
          1       1779                  0                  0                  0                  0        221429.8849                  0         34.7526808        209.3975473
          1       1780                  0                  0                  0                  0        221554.4012                  0         34.7526808        209.3975473
          1       1781                  0                  0                  0                  0        221678.9175                  0         34.7526808        209.3975473
          1       1782                  0                  0                  0                  0        221803.4338                  0         34.7526808        209.3975473
          1       1783                  0                  0                  0                  0          221927.95                  0         34.7526808        209.3975473
          1       1784                  0                  0                  0                  0        222052.4663                  0         34.7526808        209.3975473
          1       1785                  0                  0                  0                  0        222176.9826                  0         34.7526808        209.3975473
          1       1786                  0                  0                  0                  0        222301.4988                  0         34.7526808        209.3975473
          1       1787                  0                  0                  0                  0        222426.0151                  0         34.7526808        209.3975473
          1       1788                  0                  0                  0                  0        222550.5314                  0         34.7526808        209.3975473
          1       1789                  0                  0                  0                  0        222675.0477                  0         34.7526808        209.3975473
          1       1790                  0                  0                  0                  0        222799.5639                  0         34.7526808        209.3975473
          1       1791                  0                  0                  0                  0        222924.0802                  0         34.7526808        209.3975473
          1       1792                  0                  0                  0                  0        223048.5965                  0         34.7526808        209.3975473
          1       1793                  0                  0                  0                  0        223173.1128                  0         34.7526808        209.3975473
          1       1794                  0                  0                  0                  0         223297.629                  0         34.7526808        209.3975473
          1       1795                  0                  0                  0                  0        223422.1453                  0         34.7526808        209.3975473
          1       1796                  0                  0                  0                  0        223546.6616                  0         34.7526808        209.3975473
          1       1797                  0                  0                  0                  0        223671.1779                  0         34.7526808        209.3975473
          1       1798                  0                  0                  0                  0        223795.6941                  0         34.7526808        209.3975473
          1       1799                  0                  0                  0                  0        223920.2104                  0         34.7526808        209.3975473
          1       1800                  0                  0                  0                  0        224044.7267                  0         34.7526808        209.3975473
          1       1801                  0                  0                  0                  0         224169.243                  0         34.7526808        209.3975473
          1       1802                  0                  0                  0                  0        224293.7592                  0         34.7526808        209.3975473
          1       1803                  0                  0                  0                  0        224418.2755                  0         34.7526808        209.3975473
          1       1804                  0                  0                  0                  0        224542.7918                  0         34.7526808        209.3975473
          1       1805                  0                  0                  0                  0         224667.308                  0         34.7526808        209.3975473
          1       1806                  0                  0                  0                  0        224791.8243                  0         34.7526808        209.3975473
          1       1807                  0                  0                  0                  0        224916.3406                  0         34.7526808        209.3975473
          1       1808                  0                  0                  0                  0        225040.8569                  0         34.7526808        209.3975473
          1       1809                  0                  0                  0                  0        225165.3731                  0         34.7526808        209.3975473
          1       1810                  0                  0                  0                  0        225289.8894                  0         34.7526808        209.3975473
          1       1811                  0                  0                  0                  0        225414.4057                  0         34.7526808        209.3975473
          1       1812                  0                  0                  0                  0         225538.922                  0         34.7526808        209.3975473
          1       1813                  0                  0                  0                  0        225663.4382                  0         34.7526808        209.3975473
          1       1814                  0                  0                  0                  0        225787.9545                  0         34.7526808        209.3975473
          1       1815                  0                  0                  0                  0        225912.4708                  0         34.7526808        209.3975473
          1       1816                  0                  0                  0                  0        226036.9871                  0         34.7526808        209.3975473
          1       1817                  0                  0                  0                  0        226161.5033                  0         34.7526808        209.3975473
          1       1818                  0                  0                  0                  0        226286.0196                  0         34.7526808        209.3975473
          1       1819                  0                  0                  0                  0        226410.5359                  0         34.7526808        209.3975473
          1       1820                  0                  0                  0                  0        226535.0521                  0         34.7526808        209.3975473
          1       1821                  0                  0                  0                  0        226659.5684                  0         34.7526808        209.3975473
          1       1822                  0                  0                  0                  0        226784.0847                  0         34.7526808        209.3975473
          1       1823                  0                  0                  0                  0         226908.601                  0         34.7526808        209.3975473
          1       1824                  0                  0                  0                  0        227033.1172                  0         34.7526808        209.3975473
          1       1825                  0                  0                  0                  0        227157.6335                  0         34.7526808        209.3975473
          1       1826                  0                  0                  0                  0        227282.1498                  0         34.7526808        209.3975473
          1       1827                  0                  0                  0                  0        227406.6661                  0         34.7526808        209.3975473
          1       1828                  0                  0                  0                  0        227531.1823                  0         34.7526808        209.3975473
          1       1829                  0                  0                  0                  0        227655.6986                  0         34.7526808        209.3975473
          1       1830                  0                  0                  0                  0        227780.2149                  0         34.7526808        209.3975473
          1       1831                  0                  0                  0                  0        227904.7312                  0         34.7526808        209.3975473
          1       1832                  0                  0                  0                  0        228029.2474                  0         34.7526808        209.3975473
          1       1833                  0                  0                  0                  0        228153.7637                  0         34.7526808        209.3975473
          1       1834                  0                  0                  0                  0          228278.28                  0         34.7526808        209.3975473
          1       1835                  0                  0                  0                  0        228402.7963                  0         34.7526808        209.3975473
          1       1836                  0                  0                  0                  0        228527.3125                  0         34.7526808        209.3975473
          1       1837                  0                  0                  0                  0        228651.8288                  0         34.7526808        209.3975473
          1       1838                  0                  0                  0                  0        228776.3451                  0         34.7526808        209.3975473
          1       1839                  0                  0                  0                  0        228900.8613                  0         34.7526808        209.3975473
          1       1840                  0                  0                  0                  0        229025.3776                  0         34.7526808        209.3975473
          1       1841                  0                  0                  0                  0        229149.8939                  0         34.7526808        209.3975473
          1       1842                  0                  0                  0                  0        229274.4102                  0         34.7526808        209.3975473
          1       1843                  0                  0                  0                  0        229398.9264                  0         34.7526808        209.3975473
          1       1844                  0                  0                  0                  0        229523.4427                  0         34.7526808        209.3975473
          1       1845                  0                  0                  0                  0         229647.959                  0         34.7526808        209.3975473
          1       1846                  0                  0                  0                  0        229772.4753                  0         34.7526808        209.3975473
          1       1847                  0                  0                  0                  0        229896.9915                  0         34.7526808        209.3975473
          1       1848                  0                  0                  0                  0        230021.5078                  0         34.7526808        209.3975473
          1       1849                  0                  0                  0                  0        230146.0241                  0         34.7526808        209.3975473
          1       1850                  0                  0                  0                  0        230270.5404                  0         34.7526808        209.3975473
          1       1851                  0                  0                  0                  0        230395.0566                  0         34.7526808        209.3975473
          1       1852                  0                  0                  0                  0        230519.5729                  0         34.7526808        209.3975473
          1       1853                  0                  0                  0                  0        230644.0892                  0         34.7526808        209.3975473
          1       1854                  0                  0                  0                  0        230768.6055                  0         34.7526808        209.3975473
          1       1855                  0                  0                  0                  0        230893.1217                  0         34.7526808        209.3975473
          1       1856                  0                  0                  0                  0         231017.638                  0         34.7526808        209.3975473
          1       1857                  0                  0                  0                  0        231142.1543                  0         34.7526808        209.3975473
          1       1858                  0                  0                  0                  0        231266.6705                  0         34.7526808        209.3975473
          1       1859                  0                  0                  0                  0        231391.1868                  0         34.7526808        209.3975473
          1       1860                  0                  0                  0                  0        231515.7031                  0         34.7526808        209.3975473
          1       1861                  0                  0                  0                  0        231640.2194                  0         34.7526808        209.3975473
          1       1862                  0                  0                  0                  0        231764.7356                  0         34.7526808        209.3975473
          1       1863                  0                  0                  0                  0        231889.2519                  0         34.7526808        209.3975473
          1       1864                  0                  0                  0                  0        232013.7682                  0         34.7526808        209.3975473
          1       1865                  0                  0                  0                  0        232138.2845                  0         34.7526808        209.3975473
          1       1866                  0                  0                  0                  0        232262.8007                  0         34.7526808        209.3975473
          1       1867                  0                  0                  0                  0         232387.317                  0         34.7526808        209.3975473
          1       1868                  0                  0                  0                  0        232511.8333                  0         34.7526808        209.3975473
          1       1869                  0                  0                  0                  0        232636.3496                  0         34.7526808        209.3975473
          1       1870                  0                  0                  0                  0        232760.8658                  0         34.7526808        209.3975473
          1       1871                  0                  0                  0                  0        232885.3821                  0         34.7526808        209.3975473
          1       1872                  0                  0                  0                  0        233009.8984                  0         34.7526808        209.3975473
          1       1873                  0                  0                  0                  0        233134.4147                  0         34.7526808        209.3975473
          1       1874                  0                  0                  0                  0        233258.9309                  0         34.7526808        209.3975473
          1       1875                  0                  0                  0                  0        233383.4472                  0         34.7526808        209.3975473
          1       1876                  0                  0                  0                  0        233507.9635                  0         34.7526808        209.3975473
          1       1877                  0                  0                  0                  0        233632.4797                  0         34.7526808        209.3975473
          1       1878                  0                  0                  0                  0         233756.996                  0         34.7526808        209.3975473
          1       1879                  0                  0                  0                  0        233881.5123                  0         34.7526808        209.3975473
          1       1880                  0                  0                  0                  0        234006.0286                  0         34.7526808        209.3975473
          1       1881                  0                  0                  0                  0        234130.5448                  0         34.7526808        209.3975473
          1       1882                  0                  0                  0                  0        234255.0611                  0         34.7526808        209.3975473
          1       1883                  0                  0                  0                  0        234379.5774                  0         34.7526808        209.3975473
          1       1884                  0                  0                  0                  0        234504.0937                  0         34.7526808        209.3975473
          1       1885                  0                  0                  0                  0        234628.6099                  0         34.7526808        209.3975473
          1       1886                  0                  0                  0                  0        234753.1262                  0         34.7526808        209.3975473
          1       1887                  0                  0                  0                  0        234877.6425                  0         34.7526808        209.3975473
          1       1888                  0                  0                  0                  0        235002.1588                  0         34.7526808        209.3975473
          1       1889                  0                  0                  0                  0         235126.675                  0         34.7526808        209.3975473
          1       1890                  0                  0                  0                  0        235251.1913                  0         34.7526808        209.3975473
          1       1891                  0                  0                  0                  0        235375.7076                  0         34.7526808        209.3975473
          1       1892                  0                  0                  0                  0        235500.2239                  0         34.7526808        209.3975473
          1       1893                  0                  0                  0                  0        235624.7401                  0         34.7526808        209.3975473
          1       1894                  0                  0                  0                  0        235749.2564                  0         34.7526808        209.3975473
          1       1895                  0                  0                  0                  0        235873.7727                  0         34.7526808        209.3975473
          1       1896                  0                  0                  0                  0        235998.2889                  0         34.7526808        209.3975473
          1       1897                  0                  0                  0                  0        236122.8052                  0         34.7526808        209.3975473
          1       1898                  0                  0                  0                  0        236247.3215                  0         34.7526808        209.3975473
          1       1899                  0                  0                  0                  0        236371.8378                  0         34.7526808        209.3975473
          1       1900                  0                  0                  0                  0         236496.354                  0         34.7526808        209.3975473
          1       1901                  0                  0                  0                  0        236620.8703                  0         34.7526808        209.3975473
          1       1902                  0                  0                  0                  0        236745.3866                  0         34.7526808        209.3975473
          1       1903                  0                  0                  0                  0        236869.9029                  0         34.7526808        209.3975473
          1       1904                  0                  0                  0                  0        236994.4191                  0         34.7526808        209.3975473
          1       1905                  0                  0                  0                  0        237118.9354                  0         34.7526808        209.3975473
          1       1906                  0                  0                  0                  0        237243.4517                  0         34.7526808        209.3975473
          1       1907                  0                  0                  0                  0         237367.968                  0         34.7526808        209.3975473
          1       1908                  0                  0                  0                  0        237492.4842                  0         34.7526808        209.3975473
          1       1909                  0                  0                  0                  0        237617.0005                  0         34.7526808        209.3975473
          1       1910                  0                  0                  0                  0        237741.5168                  0         34.7526808        209.3975473
          1       1911                  0                  0                  0                  0         237866.033                  0         34.7526808        209.3975473
          1       1912                  0                  0                  0                  0        237990.5493                  0         34.7526808        209.3975473
          1       1913                  0                  0                  0                  0        238115.0656                  0         34.7526808        209.3975473
          1       1914                  0                  0                  0                  0        238239.5819                  0         34.7526808        209.3975473
          1       1915                  0                  0                  0                  0        238364.0981                  0         34.7526808        209.3975473
          1       1916                  0                  0                  0                  0        238488.6144                  0         34.7526808        209.3975473
          1       1917                  0                  0                  0                  0        238613.1307                  0         34.7526808        209.3975473
          1       1918                  0                  0                  0                  0         238737.647                  0         34.7526808        209.3975473
          1       1919                  0                  0                  0                  0        238862.1632                  0         34.7526808        209.3975473
          1       1920                  0                  0                  0                  0        238986.6795                  0         34.7526808        209.3975473
          1       1921                  0                  0                  0                  0        239111.1958                  0         34.7526808        209.3975473
          1       1922                  0                  0                  0                  0        239235.7121                  0         34.7526808        209.3975473
          1       1923                  0                  0                  0                  0        239360.2283                  0         34.7526808        209.3975473
          1       1924                  0                  0                  0                  0        239484.7446                  0         34.7526808        209.3975473
          1       1925                  0                  0                  0                  0        239609.2609                  0         34.7526808        209.3975473
          1       1926                  0                  0                  0                  0        239733.7772                  0         34.7526808        209.3975473
          1       1927                  0                  0                  0                  0        239858.2934                  0         34.7526808        209.3975473
          1       1928                  0                  0                  0                  0        239982.8097                  0         34.7526808        209.3975473
          1       1929                  0                  0                  0                  0         240107.326                  0         34.7526808        209.3975473
          1       1930                  0                  0                  0                  0        240231.8422                  0         34.7526808        209.3975473
          1       1931                  0                  0                  0                  0        240356.3585                  0         34.7526808        209.3975473
          1       1932                  0                  0                  0                  0        240480.8748                  0         34.7526808        209.3975473
          1       1933                  0                  0                  0                  0        240605.3911                  0         34.7526808        209.3975473
          1       1934                  0                  0                  0                  0        240729.9073                  0         34.7526808        209.3975473
          1       1935                  0                  0                  0                  0        240854.4236                  0         34.7526808        209.3975473
          1       1936                  0                  0                  0                  0        240978.9399                  0         34.7526808        209.3975473
          1       1937                  0                  0                  0                  0        241103.4562                  0         34.7526808        209.3975473
          1       1938                  0                  0                  0                  0        241227.9724                  0         34.7526808        209.3975473
          1       1939                  0                  0                  0                  0        241352.4887                  0         34.7526808        209.3975473
          1       1940                  0                  0                  0                  0         241477.005                  0         34.7526808        209.3975473
          1       1941                  0                  0                  0                  0        241601.5213                  0         34.7526808        209.3975473
          1       1942                  0                  0                  0                  0        241726.0375                  0         34.7526808        209.3975473
          1       1943                  0                  0                  0                  0        241850.5538                  0         34.7526808        209.3975473
          1       1944                  0                  0                  0                  0        241975.0701                  0         34.7526808        209.3975473
          1       1945                  0                  0                  0                  0        242099.5864                  0         34.7526808        209.3975473
          1       1946                  0                  0                  0                  0        242224.1026                  0         34.7526808        209.3975473
          1       1947                  0                  0                  0                  0        242348.6189                  0         34.7526808        209.3975473
          1       1948                  0                  0                  0                  0        242473.1352                  0         34.7526808        209.3975473
          1       1949                  0                  0                  0                  0        242597.6514                  0         34.7526808        209.3975473
          1       1950                  0                  0                  0                  0        242722.1677                  0         34.7526808        209.3975473
          1       1951                  0                  0                  0                  0         242846.684                  0         34.7526808        209.3975473
          1       1952                  0                  0                  0                  0        242971.2003                  0         34.7526808        209.3975473
          1       1953                  0                  0                  0                  0        243095.7165                  0         34.7526808        209.3975473
          1       1954                  0                  0                  0                  0        243220.2328                  0         34.7526808        209.3975473
          1       1955                  0                  0                  0                  0        243344.7491                  0         34.7526808        209.3975473
          1       1956                  0                  0                  0                  0        243469.2654                  0         34.7526808        209.3975473
          1       1957                  0                  0                  0                  0        243593.7816                  0         34.7526808        209.3975473
          1       1958                  0                  0                  0                  0        243718.2979                  0         34.7526808        209.3975473
          1       1959                  0                  0                  0                  0        243842.8142                  0         34.7526808        209.3975473
          1       1960                  0                  0                  0                  0        243967.3305                  0         34.7526808        209.3975473
          1       1961                  0                  0                  0                  0        244091.8467                  0         34.7526808        209.3975473
          1       1962                  0                  0                  0                  0         244216.363                  0         34.7526808        209.3975473
          1       1963                  0                  0                  0                  0        244340.8793                  0         34.7526808        209.3975473
          1       1964                  0                  0                  0                  0        244465.3956                  0         34.7526808        209.3975473
          1       1965                  0                  0                  0                  0        244589.9118                  0         34.7526808        209.3975473
          1       1966                  0                  0                  0                  0        244714.4281                  0         34.7526808        209.3975473
          1       1967                  0                  0                  0                  0        244838.9444                  0         34.7526808        209.3975473
          1       1968                  0                  0                  0                  0        244963.4606                  0         34.7526808        209.3975473
          1       1969                  0                  0                  0                  0        245087.9769                  0         34.7526808        209.3975473
          1       1970                  0                  0                  0                  0        245212.4932                  0         34.7526808        209.3975473
          1       1971                  0                  0                  0                  0        245337.0095                  0         34.7526808        209.3975473
          1       1972                  0                  0                  0                  0        245461.5257                  0         34.7526808        209.3975473
          1       1973                  0                  0                  0                  0         245586.042                  0         34.7526808        209.3975473
          1       1974                  0                  0                  0                  0        245710.5583                  0         34.7526808        209.3975473
          1       1975                  0                  0                  0                  0        245835.0746                  0         34.7526808        209.3975473
          1       1976                  0                  0                  0                  0        245959.5908                  0         34.7526808        209.3975473
          1       1977                  0                  0                  0                  0        246084.1071                  0         34.7526808        209.3975473
          1       1978                  0                  0                  0                  0        246208.6234                  0         34.7526808        209.3975473
          1       1979                  0                  0                  0                  0        246333.1397                  0         34.7526808        209.3975473
          1       1980                  0                  0                  0                  0        246457.6559                  0         34.7526808        209.3975473
          1       1981                  0                  0                  0                  0        246582.1722                  0         34.7526808        209.3975473
          1       1982                  0                  0                  0                  0        246706.6885                  0         34.7526808        209.3975473
          1       1983                  0                  0                  0                  0        246831.2048                  0         34.7526808        209.3975473
          1       1984                  0                  0                  0                  0         246955.721                  0         34.7526808        209.3975473
          1       1985                  0                  0                  0                  0        247080.2373                  0         34.7526808        209.3975473
          1       1986                  0                  0                  0                  0        247204.7536                  0         34.7526808        209.3975473
          1       1987                  0                  0                  0                  0        247329.2698                  0         34.7526808        209.3975473
          1       1988                  0                  0                  0                  0        247453.7861                  0         34.7526808        209.3975473
          1       1989                  0                  0                  0                  0        247578.3024                  0         34.7526808        209.3975473
          1       1990                  0                  0                  0                  0        247702.8187                  0         34.7526808        209.3975473
          1       1991                  0                  0                  0                  0        247827.3349                  0         34.7526808        209.3975473
          1       1992                  0                  0                  0                  0        247951.8512                  0         34.7526808        209.3975473
          1       1993                  0                  0                  0                  0        248076.3675                  0         34.7526808        209.3975473
          1       1994                  0                  0                  0                  0        248200.8838                  0         34.7526808        209.3975473
          1       1995                  0                  0                  0                  0           248325.4                  0         34.7526808        209.3975473
          1       1996                  0                  0                  0                  0        248449.9163                  0         34.7526808        209.3975473
          1       1997                  0                  0                  0                  0        248574.4326                  0         34.7526808        209.3975473
          1       1998                  0                  0                  0                  0        248698.9489                  0         34.7526808        209.3975473
          1       1999                  0                  0                  0                  0        248823.4651                  0         34.7526808        209.3975473
          1       2000                  0                  0                  0                  0        248947.9814                  0         34.7526808        209.3975473
